source_platform,source_type,source_course_id,source_instance_id,global_course_key,course_name,institution_name,job_group,job_category,ncs_code,course_description,learning_objectives,training_hours,duration_days,course_level,course_fee,course_url,collected_at,classification_status,mapping_status,mapping_evidence
고용24_국민내일배움카드,PUBLIC_API,ACG20243001038036,84,PUB_ACG20243001038036_84,전략적 조직운영을 위한 인사관리 실무,에듀퓨어,인사(HR),인사·채용관리,02020201,,,,30.0,고급/전문,50490.0,https://www.work24.go.kr,2026-10-09T00:00:00Z,INCLUDED,VERIFIED,공공 API 실측 수집 및 '전략적 조직운영을 위한 인사관리 실무' 과정명·직무역량 일치 확인
고용24_국민내일배움카드,PUBLIC_API,ACG20243001023998,11,PUB_ACG20243001023998_11,총무기획과 총무자산관리,이룸캠퍼스,총무·사무행정,총무·자산관리,02020101,,,,31.0,중급/실무,50490.0,https://www.work24.go.kr,2026-10-09T00:00:00Z,INCLUDED,VERIFIED,공공 API 실측 수집 및 '총무기획과 총무자산관리' 과정명·직무역량 일치 확인
고용24_국민내일배움카드,PUBLIC_API,ACG20243001013346,203,PUB_ACG20243001013346_203,총무기획과 총무자산관리,에듀퓨어,총무·사무행정,총무·자산관리,02020101,,,,30.0,중급/실무,50490.0,https://www.work24.go.kr,2026-10-09T00:00:00Z,INCLUDED,VERIFIED,공공 API 실측 수집 및 '총무기획과 총무자산관리' 과정명·직무역량 일치 확인
고용24_국민내일배움카드,PUBLIC_API,ACG20233000954422,356,PUB_ACG20233000954422_356,전략적 조직운영을 위한 인사관리 실무,윈스펙원격평생교육원,인사(HR),인사·채용관리,02020201,,,,30.0,고급/전문,50490.0,https://www.work24.go.kr,2026-10-09T00:00:00Z,INCLUDED,VERIFIED,공공 API 실측 수집 및 '전략적 조직운영을 위한 인사관리 실무' 과정명·직무역량 일치 확인
고용24_국민내일배움카드,PUBLIC_API,ACG20243001054796,4,PUB_ACG20243001054796_4,채용에서 퇴직까지 인사노무관리 핵심실무,케이지에듀원 원격평생교육원,인사(HR),인사·채용관리,02020201,,,,31.0,중급/실무,50490.0,https://www.work24.go.kr,2026-10-09T00:00:00Z,INCLUDED,VERIFIED,공공 API 실측 수집 및 '채용에서 퇴직까지 인사노무관리 핵심실무' 과정명·직무역량 일치 확인
고용24_국민내일배움카드,PUBLIC_API,ACG20243001040968,8,PUB_ACG20243001040968_8,전략적 조직운영을 위한 인사관리 실무,케이지에듀원 원격평생교육원,인사(HR),인사·채용관리,02020201,,,,31.0,고급/전문,50490.0,https://www.work24.go.kr,2026-10-09T00:00:00Z,INCLUDED,VERIFIED,공공 API 실측 수집 및 '전략적 조직운영을 위한 인사관리 실무' 과정명·직무역량 일치 확인
고용24_국민내일배움카드,PUBLIC_API,ACG20243001051920,29,PUB_ACG20243001051920_29,채용에서 퇴직까지 인사노무관리 핵심실무,아카스타,인사(HR),인사·채용관리,02020201,,,,31.0,중급/실무,50490.0,https://www.work24.go.kr,2026-10-09T00:00:00Z,INCLUDED,VERIFIED,공공 API 실측 수집 및 '채용에서 퇴직까지 인사노무관리 핵심실무' 과정명·직무역량 일치 확인
고용24_국민내일배움카드,PUBLIC_API,ACG20243001038036,85,PUB_ACG20243001038036_85,전략적 조직운영을 위한 인사관리 실무,에듀퓨어,인사(HR),인사·채용관리,02020201,,,,30.0,고급/전문,50490.0,https://www.work24.go.kr,2026-10-09T00:00:00Z,INCLUDED,VERIFIED,공공 API 실측 수집 및 '전략적 조직운영을 위한 인사관리 실무' 과정명·직무역량 일치 확인
고용24_국민내일배움카드,PUBLIC_API,ACG20243001013346,204,PUB_ACG20243001013346_204,총무기획과 총무자산관리,에듀퓨어,총무·사무행정,총무·자산관리,02020101,,,,30.0,중급/실무,50490.0,https://www.work24.go.kr,2026-10-09T00:00:00Z,INCLUDED,VERIFIED,공공 API 실측 수집 및 '총무기획과 총무자산관리' 과정명·직무역량 일치 확인
고용24_국민내일배움카드,PUBLIC_API,ACG20243000985011,42,PUB_ACG20243000985011_42,채용에서 퇴직까지 인사노무관리 핵심실무,한국이러닝협회,인사(HR),인사·채용관리,02020201,,,,28.0,중급/실무,50490.0,https://www.work24.go.kr,2026-10-09T00:00:00Z,INCLUDED,VERIFIED,공공 API 실측 수집 및 '채용에서 퇴직까지 인사노무관리 핵심실무' 과정명·직무역량 일치 확인
고용24_국민내일배움카드,PUBLIC_API,ACG20243001051920,30,PUB_ACG20243001051920_30,채용에서 퇴직까지 인사노무관리 핵심실무,아카스타,인사(HR),인사·채용관리,02020201,,,,31.0,중급/실무,50490.0,https://www.work24.go.kr,2026-10-09T00:00:00Z,INCLUDED,VERIFIED,공공 API 실측 수집 및 '채용에서 퇴직까지 인사노무관리 핵심실무' 과정명·직무역량 일치 확인
고용24_국민내일배움카드,PUBLIC_API,ACG20243001051920,31,PUB_ACG20243001051920_31,채용에서 퇴직까지 인사노무관리 핵심실무,아카스타,인사(HR),인사·채용관리,02020201,,,,31.0,중급/실무,50490.0,https://www.work24.go.kr,2026-10-09T00:00:00Z,INCLUDED,VERIFIED,공공 API 실측 수집 및 '채용에서 퇴직까지 인사노무관리 핵심실무' 과정명·직무역량 일치 확인
고용24_국민내일배움카드,PUBLIC_API,ACG20243001051920,32,PUB_ACG20243001051920_32,채용에서 퇴직까지 인사노무관리 핵심실무,아카스타,인사(HR),인사·채용관리,02020201,,,,31.0,중급/실무,50490.0,https://www.work24.go.kr,2026-10-09T00:00:00Z,INCLUDED,VERIFIED,공공 API 실측 수집 및 '채용에서 퇴직까지 인사노무관리 핵심실무' 과정명·직무역량 일치 확인
고용24_국민내일배움카드,PUBLIC_API,ACG20243001054796,5,PUB_ACG20243001054796_5,채용에서 퇴직까지 인사노무관리 핵심실무,케이지에듀원 원격평생교육원,인사(HR),인사·채용관리,02020201,,,,31.0,중급/실무,50490.0,https://www.work24.go.kr,2026-10-09T00:00:00Z,INCLUDED,VERIFIED,공공 API 실측 수집 및 '채용에서 퇴직까지 인사노무관리 핵심실무' 과정명·직무역량 일치 확인
고용24_국민내일배움카드,PUBLIC_API,ACG20243001051920,33,PUB_ACG20243001051920_33,채용에서 퇴직까지 인사노무관리 핵심실무,아카스타,인사(HR),인사·채용관리,02020201,,,,31.0,중급/실무,50490.0,https://www.work24.go.kr,2026-10-09T00:00:00Z,INCLUDED,VERIFIED,공공 API 실측 수집 및 '채용에서 퇴직까지 인사노무관리 핵심실무' 과정명·직무역량 일치 확인
고용24_국민내일배움카드,PUBLIC_API,ACG20243001051920,34,PUB_ACG20243001051920_34,채용에서 퇴직까지 인사노무관리 핵심실무,아카스타,인사(HR),인사·채용관리,02020201,,,,31.0,중급/실무,50490.0,https://www.work24.go.kr,2026-10-09T00:00:00Z,INCLUDED,VERIFIED,공공 API 실측 수집 및 '채용에서 퇴직까지 인사노무관리 핵심실무' 과정명·직무역량 일치 확인
고용24_국민내일배움카드,PUBLIC_API,ACG20243000985011,43,PUB_ACG20243000985011_43,채용에서 퇴직까지 인사노무관리 핵심실무,한국이러닝협회,인사(HR),인사·채용관리,02020201,,,,28.0,중급/실무,50490.0,https://www.work24.go.kr,2026-10-09T00:00:00Z,INCLUDED,VERIFIED,공공 API 실측 수집 및 '채용에서 퇴직까지 인사노무관리 핵심실무' 과정명·직무역량 일치 확인
고용24_국민내일배움카드,PUBLIC_API,ACG20243001052023,28,PUB_ACG20243001052023_28,NEW 업무에서 활용가능한 실전 근로기준법,에듀퓨어,인사(HR),노무관리,02020202,,,,30.0,중급/실무,50490.0,https://www.work24.go.kr,2026-10-09T00:00:00Z,INCLUDED,VERIFIED,공공 API 실측 수집 및 'NEW 업무에서 활용가능한 실전 근로기준법' 과정명·직무역량 일치 확인
고용24_국민내일배움카드,PUBLIC_API,ACG20243000974723,338,PUB_ACG20243000974723_338,NEW 업무에서 활용가능한 실전 근로기준법,윈스펙원격평생교육원,인사(HR),노무관리,02020202,,,,30.0,중급/실무,50490.0,https://www.work24.go.kr,2026-10-09T00:00:00Z,INCLUDED,VERIFIED,공공 API 실측 수집 및 'NEW 업무에서 활용가능한 실전 근로기준법' 과정명·직무역량 일치 확인
고용24_국민내일배움카드,PUBLIC_API,ACG20243001052023,29,PUB_ACG20243001052023_29,NEW 업무에서 활용가능한 실전 근로기준법,에듀퓨어,인사(HR),노무관리,02020202,,,,30.0,중급/실무,50490.0,https://www.work24.go.kr,2026-10-09T00:00:00Z,INCLUDED,VERIFIED,공공 API 실측 수집 및 'NEW 업무에서 활용가능한 실전 근로기준법' 과정명·직무역량 일치 확인
고용24_국민내일배움카드,PUBLIC_API,ACG20243000974723,339,PUB_ACG20243000974723_339,NEW 업무에서 활용가능한 실전 근로기준법,윈스펙원격평생교육원,인사(HR),노무관리,02020202,,,,30.0,중급/실무,50490.0,https://www.work24.go.kr,2026-10-09T00:00:00Z,INCLUDED,VERIFIED,공공 API 실측 수집 및 'NEW 업무에서 활용가능한 실전 근로기준법' 과정명·직무역량 일치 확인
고용24_국민내일배움카드,PUBLIC_API,ACG20243001036448,16,PUB_ACG20243001036448_16,실무사례로 알아보는 근로기준법,중앙법률원격평생교육원,인사(HR),노무관리,02020202,,,,31.0,중급/실무,83160.0,https://www.work24.go.kr,2026-10-09T00:00:00Z,INCLUDED,VERIFIED,공공 API 실측 수집 및 '실무사례로 알아보는 근로기준법' 과정명·직무역량 일치 확인
고용24_국민내일배움카드,PUBLIC_API,ACG20243000974723,340,PUB_ACG20243000974723_340,NEW 업무에서 활용가능한 실전 근로기준법,윈스펙원격평생교육원,인사(HR),노무관리,02020202,,,,30.0,중급/실무,50490.0,https://www.work24.go.kr,2026-10-09T00:00:00Z,INCLUDED,VERIFIED,공공 API 실측 수집 및 'NEW 업무에서 활용가능한 실전 근로기준법' 과정명·직무역량 일치 확인
고용24_국민내일배움카드,PUBLIC_API,ACG20243001052023,30,PUB_ACG20243001052023_30,NEW 업무에서 활용가능한 실전 근로기준법,에듀퓨어,인사(HR),노무관리,02020202,,,,30.0,중급/실무,50490.0,https://www.work24.go.kr,2026-10-09T00:00:00Z,INCLUDED,VERIFIED,공공 API 실측 수집 및 'NEW 업무에서 활용가능한 실전 근로기준법' 과정명·직무역량 일치 확인
고용24_국민내일배움카드,PUBLIC_API,ACG20243000974723,341,PUB_ACG20243000974723_341,NEW 업무에서 활용가능한 실전 근로기준법,윈스펙원격평생교육원,인사(HR),노무관리,02020202,,,,30.0,중급/실무,50490.0,https://www.work24.go.kr,2026-10-09T00:00:00Z,INCLUDED,VERIFIED,공공 API 실측 수집 및 'NEW 업무에서 활용가능한 실전 근로기준법' 과정명·직무역량 일치 확인
고용24_국민내일배움카드,PUBLIC_API,ACG20243001052023,31,PUB_ACG20243001052023_31,NEW 업무에서 활용가능한 실전 근로기준법,에듀퓨어,인사(HR),노무관리,02020202,,,,30.0,중급/실무,50490.0,https://www.work24.go.kr,2026-10-09T00:00:00Z,INCLUDED,VERIFIED,공공 API 실측 수집 및 'NEW 업무에서 활용가능한 실전 근로기준법' 과정명·직무역량 일치 확인
고용24_국민내일배움카드,PUBLIC_API,ACG20243001057596,1,PUB_ACG20243001057596_1,NEW 업무에서 활용가능한 실전 근로기준법,윈스펙원격평생교육원,인사(HR),노무관리,02020202,,,,30.0,중급/실무,50490.0,https://www.work24.go.kr,2026-10-09T00:00:00Z,INCLUDED,VERIFIED,공공 API 실측 수집 및 'NEW 업무에서 활용가능한 실전 근로기준법' 과정명·직무역량 일치 확인
고용24_국민내일배움카드,PUBLIC_API,ACG20243001004851,141,PUB_ACG20243001004851_141,인사평가체계 구축 및 운영 방법,케이스원격평생교육원,인사(HR),인사·채용관리,02020201,,,,30.0,중급/실무,50490.0,https://www.work24.go.kr,2026-10-09T00:00:00Z,INCLUDED,VERIFIED,공공 API 실측 수집 및 '인사평가체계 구축 및 운영 방법' 과정명·직무역량 일치 확인
고용24_국민내일배움카드,PUBLIC_API,ACG20243001029345,87,PUB_ACG20243001029345_87,인사평가체계 구축 및 운영 방법,러닝플러스,인사(HR),인사·채용관리,02020201,,,,31.0,중급/실무,50490.0,https://www.work24.go.kr,2026-10-09T00:00:00Z,INCLUDED,VERIFIED,공공 API 실측 수집 및 '인사평가체계 구축 및 운영 방법' 과정명·직무역량 일치 확인
고용24_국민내일배움카드,PUBLIC_API,ACG20243001029345,88,PUB_ACG20243001029345_88,인사평가체계 구축 및 운영 방법,러닝플러스,인사(HR),인사·채용관리,02020201,,,,31.0,중급/실무,50490.0,https://www.work24.go.kr,2026-10-09T00:00:00Z,INCLUDED,VERIFIED,공공 API 실측 수집 및 '인사평가체계 구축 및 운영 방법' 과정명·직무역량 일치 확인
고용24_국민내일배움카드,PUBLIC_API,ACG20243001004851,142,PUB_ACG20243001004851_142,인사평가체계 구축 및 운영 방법,케이스원격평생교육원,인사(HR),인사·채용관리,02020201,,,,30.0,중급/실무,50490.0,https://www.work24.go.kr,2026-10-09T00:00:00Z,INCLUDED,VERIFIED,공공 API 실측 수집 및 '인사평가체계 구축 및 운영 방법' 과정명·직무역량 일치 확인
고용24_국민내일배움카드,PUBLIC_API,ACG20243001004851,143,PUB_ACG20243001004851_143,인사평가체계 구축 및 운영 방법,케이스원격평생교육원,인사(HR),인사·채용관리,02020201,,,,30.0,중급/실무,50490.0,https://www.work24.go.kr,2026-10-09T00:00:00Z,INCLUDED,VERIFIED,공공 API 실측 수집 및 '인사평가체계 구축 및 운영 방법' 과정명·직무역량 일치 확인
고용24_국민내일배움카드,PUBLIC_API,ACG20243001029345,89,PUB_ACG20243001029345_89,인사평가체계 구축 및 운영 방법,러닝플러스,인사(HR),인사·채용관리,02020201,,,,31.0,중급/실무,50490.0,https://www.work24.go.kr,2026-10-09T00:00:00Z,INCLUDED,VERIFIED,공공 API 실측 수집 및 '인사평가체계 구축 및 운영 방법' 과정명·직무역량 일치 확인
고용24_국민내일배움카드,PUBLIC_API,ACG20243001029345,90,PUB_ACG20243001029345_90,인사평가체계 구축 및 운영 방법,러닝플러스,인사(HR),인사·채용관리,02020201,,,,31.0,중급/실무,50490.0,https://www.work24.go.kr,2026-10-09T00:00:00Z,INCLUDED,VERIFIED,공공 API 실측 수집 및 '인사평가체계 구축 및 운영 방법' 과정명·직무역량 일치 확인
고용24_국민내일배움카드,PUBLIC_API,ACG20243001004851,144,PUB_ACG20243001004851_144,인사평가체계 구축 및 운영 방법,케이스원격평생교육원,인사(HR),인사·채용관리,02020201,,,,30.0,중급/실무,50490.0,https://www.work24.go.kr,2026-10-09T00:00:00Z,INCLUDED,VERIFIED,공공 API 실측 수집 및 '인사평가체계 구축 및 운영 방법' 과정명·직무역량 일치 확인
고용24_국민내일배움카드,PUBLIC_API,ACG20243001052663,1,PUB_ACG20243001052663_1,인사평가체계 구축 및 운영 방법,러닝팩토리 원격평생교육원,인사(HR),인사·채용관리,02020201,,,,31.0,중급/실무,50490.0,https://www.work24.go.kr,2026-10-09T00:00:00Z,INCLUDED,VERIFIED,공공 API 실측 수집 및 '인사평가체계 구축 및 운영 방법' 과정명·직무역량 일치 확인
고용24_국민내일배움카드,PUBLIC_API,ACG20243001004851,145,PUB_ACG20243001004851_145,인사평가체계 구축 및 운영 방법,케이스원격평생교육원,인사(HR),인사·채용관리,02020201,,,,30.0,중급/실무,50490.0,https://www.work24.go.kr,2026-10-09T00:00:00Z,INCLUDED,VERIFIED,공공 API 실측 수집 및 '인사평가체계 구축 및 운영 방법' 과정명·직무역량 일치 확인
고용24_국민내일배움카드,PUBLIC_API,ACG20243001027168,96,PUB_ACG20243001027168_96,총무기획과 총무자산관리,러닝플러스,총무·사무행정,총무·자산관리,02020101,,,,31.0,중급/실무,50490.0,https://www.work24.go.kr,2026-10-09T00:00:00Z,INCLUDED,VERIFIED,공공 API 실측 수집 및 '총무기획과 총무자산관리' 과정명·직무역량 일치 확인
고용24_국민내일배움카드,PUBLIC_API,ACG20243001013346,205,PUB_ACG20243001013346_205,총무기획과 총무자산관리,에듀퓨어,총무·사무행정,총무·자산관리,02020101,,,,30.0,중급/실무,50490.0,https://www.work24.go.kr,2026-10-09T00:00:00Z,INCLUDED,VERIFIED,공공 API 실측 수집 및 '총무기획과 총무자산관리' 과정명·직무역량 일치 확인
고용24_국민내일배움카드,PUBLIC_API,ACG20243001027168,97,PUB_ACG20243001027168_97,총무기획과 총무자산관리,러닝플러스,총무·사무행정,총무·자산관리,02020101,,,,31.0,중급/실무,50490.0,https://www.work24.go.kr,2026-10-09T00:00:00Z,INCLUDED,VERIFIED,공공 API 실측 수집 및 '총무기획과 총무자산관리' 과정명·직무역량 일치 확인
고용24_국민내일배움카드,PUBLIC_API,ACG20243001013346,206,PUB_ACG20243001013346_206,총무기획과 총무자산관리,에듀퓨어,총무·사무행정,총무·자산관리,02020101,,,,30.0,중급/실무,50490.0,https://www.work24.go.kr,2026-10-09T00:00:00Z,INCLUDED,VERIFIED,공공 API 실측 수집 및 '총무기획과 총무자산관리' 과정명·직무역량 일치 확인
고용24_국민내일배움카드,PUBLIC_API,ACG20243001013346,207,PUB_ACG20243001013346_207,총무기획과 총무자산관리,에듀퓨어,총무·사무행정,총무·자산관리,02020101,,,,30.0,중급/실무,50490.0,https://www.work24.go.kr,2026-10-09T00:00:00Z,INCLUDED,VERIFIED,공공 API 실측 수집 및 '총무기획과 총무자산관리' 과정명·직무역량 일치 확인
고용24_국민내일배움카드,PUBLIC_API,ACG20243001013346,208,PUB_ACG20243001013346_208,총무기획과 총무자산관리,에듀퓨어,총무·사무행정,총무·자산관리,02020101,,,,30.0,중급/실무,50490.0,https://www.work24.go.kr,2026-10-09T00:00:00Z,INCLUDED,VERIFIED,공공 API 실측 수집 및 '총무기획과 총무자산관리' 과정명·직무역량 일치 확인
고용24_국민내일배움카드,PUBLIC_API,ACG20243001027168,98,PUB_ACG20243001027168_98,총무기획과 총무자산관리,러닝플러스,총무·사무행정,총무·자산관리,02020101,,,,31.0,중급/실무,50490.0,https://www.work24.go.kr,2026-10-09T00:00:00Z,INCLUDED,VERIFIED,공공 API 실측 수집 및 '총무기획과 총무자산관리' 과정명·직무역량 일치 확인
고용24_사업주훈련,PUBLIC_API,ABA20243001023639,6,PUB_ABA20243001023639_6,총무기획과 총무자산관리,온캠퍼스원격평생교육원,총무·사무행정,총무·자산관리,02020101,,,,30.0,중급/실무,0.0,https://www.work24.go.kr,2026-10-09T00:00:00Z,INCLUDED,VERIFIED,공공 API 실측 수집 및 '총무기획과 총무자산관리' 과정명·직무역량 일치 확인
고용24_사업주훈련,PUBLIC_API,ABA20243001051626,1,PUB_ABA20243001051626_1,EB24OD 전략적 조직운영을 위한 인사관리 실무,멀티캠퍼스 원격평생교육원,인사(HR),인사·채용관리,02020201,,,,31.0,고급/전문,0.0,https://www.work24.go.kr,2026-10-09T00:00:00Z,INCLUDED,VERIFIED,공공 API 실측 수집 및 'EB24OD 전략적 조직운영을 위한 인사관리 실무' 과정명·직무역량 일치 확인
고용24_사업주훈련,PUBLIC_API,ABA20233000970284,6,PUB_ABA20233000970284_6,채용에서 퇴직까지 인사노무관리 핵심실무,러닝플러스,인사(HR),인사·채용관리,02020201,,,,31.0,중급/실무,0.0,https://www.work24.go.kr,2026-10-09T00:00:00Z,INCLUDED,VERIFIED,공공 API 실측 수집 및 '채용에서 퇴직까지 인사노무관리 핵심실무' 과정명·직무역량 일치 확인
고용24_사업주훈련,PUBLIC_API,ABA20243001012801,203,PUB_ABA20243001012801_203,총무기획과 총무자산관리,에듀퓨어,총무·사무행정,총무·자산관리,02020101,,,,30.0,중급/실무,0.0,https://www.work24.go.kr,2026-10-09T00:00:00Z,INCLUDED,VERIFIED,공공 API 실측 수집 및 '총무기획과 총무자산관리' 과정명·직무역량 일치 확인
고용24_사업주훈련,PUBLIC_API,ABA20243001037760,84,PUB_ABA20243001037760_84,전략적 조직운영을 위한 인사관리 실무,에듀퓨어,인사(HR),인사·채용관리,02020201,,,,30.0,고급/전문,0.0,https://www.work24.go.kr,2026-10-09T00:00:00Z,INCLUDED,VERIFIED,공공 API 실측 수집 및 '전략적 조직운영을 위한 인사관리 실무' 과정명·직무역량 일치 확인
고용24_사업주훈련,PUBLIC_API,ABA20243001052733,1,PUB_ABA20243001052733_1,채용에서 퇴직까지 인사노무관리 핵심실무,케이지에듀원 원격평생교육원,인사(HR),인사·채용관리,02020201,,,,31.0,중급/실무,0.0,https://www.work24.go.kr,2026-10-09T00:00:00Z,INCLUDED,VERIFIED,공공 API 실측 수집 및 '채용에서 퇴직까지 인사노무관리 핵심실무' 과정명·직무역량 일치 확인
고용24_사업주훈련,PUBLIC_API,ABA20243001012801,204,PUB_ABA20243001012801_204,총무기획과 총무자산관리,에듀퓨어,총무·사무행정,총무·자산관리,02020101,,,,30.0,중급/실무,0.0,https://www.work24.go.kr,2026-10-09T00:00:00Z,INCLUDED,VERIFIED,공공 API 실측 수집 및 '총무기획과 총무자산관리' 과정명·직무역량 일치 확인
고용24_사업주훈련,PUBLIC_API,ABA20243001037760,85,PUB_ABA20243001037760_85,전략적 조직운영을 위한 인사관리 실무,에듀퓨어,인사(HR),인사·채용관리,02020201,,,,30.0,고급/전문,0.0,https://www.work24.go.kr,2026-10-09T00:00:00Z,INCLUDED,VERIFIED,공공 API 실측 수집 및 '전략적 조직운영을 위한 인사관리 실무' 과정명·직무역량 일치 확인
고용24_사업주훈련,PUBLIC_API,ABA20243001037760,86,PUB_ABA20243001037760_86,전략적 조직운영을 위한 인사관리 실무,에듀퓨어,인사(HR),인사·채용관리,02020201,,,,30.0,고급/전문,0.0,https://www.work24.go.kr,2026-10-09T00:00:00Z,INCLUDED,VERIFIED,공공 API 실측 수집 및 '전략적 조직운영을 위한 인사관리 실무' 과정명·직무역량 일치 확인
고용24_사업주훈련,PUBLIC_API,ABA20243001012801,205,PUB_ABA20243001012801_205,총무기획과 총무자산관리,에듀퓨어,총무·사무행정,총무·자산관리,02020101,,,,30.0,중급/실무,0.0,https://www.work24.go.kr,2026-10-09T00:00:00Z,INCLUDED,VERIFIED,공공 API 실측 수집 및 '총무기획과 총무자산관리' 과정명·직무역량 일치 확인
고용24_사업주훈련,PUBLIC_API,AIG20220000383835,15,PUB_AIG20220000383835_15,채용에서 퇴직까지 인사관리 실무,더존평생교육원,인사(HR),인사·채용관리,02020201,,,,1.0,중급/실무,68080.0,https://www.work24.go.kr,2026-10-09T00:00:00Z,INCLUDED,VERIFIED,공공 API 실측 수집 및 '채용에서 퇴직까지 인사관리 실무' 과정명·직무역량 일치 확인
고용24_사업주훈련,PUBLIC_API,ABA20243001052733,2,PUB_ABA20243001052733_2,채용에서 퇴직까지 인사노무관리 핵심실무,케이지에듀원 원격평생교육원,인사(HR),인사·채용관리,02020201,,,,28.0,중급/실무,0.0,https://www.work24.go.kr,2026-10-09T00:00:00Z,INCLUDED,VERIFIED,공공 API 실측 수집 및 '채용에서 퇴직까지 인사노무관리 핵심실무' 과정명·직무역량 일치 확인
고용24_사업주훈련,PUBLIC_API,AIG20240000492923,1,PUB_AIG20240000492923_1,채용에서 퇴직까지 인사노무임금관리실무,씨에프오아카데미평생교육원,인사(HR),인사·채용관리,02020202,,,,2.0,중급/실무,119140.0,https://www.work24.go.kr,2026-10-09T00:00:00Z,INCLUDED,VERIFIED,공공 API 실측 수집 및 '채용에서 퇴직까지 인사노무임금관리실무' 과정명·직무역량 일치 확인
고용24_사업주훈련,PUBLIC_API,ABA20253001063370,1,PUB_ABA20253001063370_1,채용에서 퇴직까지 인사노무관리 핵심실무,러닝플러스,인사(HR),인사·채용관리,02020201,,,,28.0,중급/실무,0.0,https://www.work24.go.kr,2026-10-09T00:00:00Z,INCLUDED,VERIFIED,공공 API 실측 수집 및 '채용에서 퇴직까지 인사노무관리 핵심실무' 과정명·직무역량 일치 확인
고용24_사업주훈련,PUBLIC_API,AIG20220000383835,16,PUB_AIG20220000383835_16,채용에서 퇴직까지 인사관리 실무,더존평생교육원,인사(HR),인사·채용관리,02020201,,,,1.0,중급/실무,68080.0,https://www.work24.go.kr,2026-10-09T00:00:00Z,INCLUDED,VERIFIED,공공 API 실측 수집 및 '채용에서 퇴직까지 인사관리 실무' 과정명·직무역량 일치 확인
고용24_사업주훈련,PUBLIC_API,ABA20243001051659,1,PUB_ABA20243001051659_1,EB24P8 채용에서 퇴직까지 인사노무관리 핵심실무,멀티캠퍼스 원격평생교육원,인사(HR),인사·채용관리,02020201,,,,31.0,중급/실무,0.0,https://www.work24.go.kr,2026-10-09T00:00:00Z,INCLUDED,VERIFIED,공공 API 실측 수집 및 'EB24P8 채용에서 퇴직까지 인사노무관리 핵심실무' 과정명·직무역량 일치 확인
고용24_사업주훈련,PUBLIC_API,ABA20243001036557,15,PUB_ABA20243001036557_15,실무사례로 알아보는 근로기준법,중앙법률원격평생교육원,인사(HR),노무관리,02020202,,,,31.0,중급/실무,0.0,https://www.work24.go.kr,2026-10-09T00:00:00Z,INCLUDED,VERIFIED,공공 API 실측 수집 및 '실무사례로 알아보는 근로기준법' 과정명·직무역량 일치 확인
고용24_사업주훈련,PUBLIC_API,ABA20243001036557,16,PUB_ABA20243001036557_16,실무사례로 알아보는 근로기준법,중앙법률원격평생교육원,인사(HR),노무관리,02020202,,,,31.0,중급/실무,0.0,https://www.work24.go.kr,2026-10-09T00:00:00Z,INCLUDED,VERIFIED,공공 API 실측 수집 및 '실무사례로 알아보는 근로기준법' 과정명·직무역량 일치 확인
고용24_사업주훈련,PUBLIC_API,AIG20240000475110,1,PUB_AIG20240000475110_1,"2일 완성, 노동법 마스터",중앙경제HR교육원,인사(HR),노무관리,02020202,,,,2.0,중급/실무,119140.0,https://www.work24.go.kr,2026-10-09T00:00:00Z,INCLUDED,VERIFIED,"공공 API 실측 수집 및 '2일 완성, 노동법 마스터' 과정명·직무역량 일치 확인"
고용24_사업주훈련,PUBLIC_API,ABA20243001036557,17,PUB_ABA20243001036557_17,실무사례로 알아보는 근로기준법,중앙법률원격평생교육원,인사(HR),노무관리,02020202,,,,31.0,중급/실무,0.0,https://www.work24.go.kr,2026-10-09T00:00:00Z,INCLUDED,VERIFIED,공공 API 실측 수집 및 '실무사례로 알아보는 근로기준법' 과정명·직무역량 일치 확인
고용24_사업주훈련,PUBLIC_API,ABA20243001036557,18,PUB_ABA20243001036557_18,실무사례로 알아보는 근로기준법,중앙법률원격평생교육원,인사(HR),노무관리,02020202,,,,31.0,중급/실무,0.0,https://www.work24.go.kr,2026-10-09T00:00:00Z,INCLUDED,VERIFIED,공공 API 실측 수집 및 '실무사례로 알아보는 근로기준법' 과정명·직무역량 일치 확인
고용24_사업주훈련,PUBLIC_API,ABA20243001036557,19,PUB_ABA20243001036557_19,실무사례로 알아보는 근로기준법,중앙법률원격평생교육원,인사(HR),노무관리,02020202,,,,30.0,중급/실무,0.0,https://www.work24.go.kr,2026-10-09T00:00:00Z,INCLUDED,VERIFIED,공공 API 실측 수집 및 '실무사례로 알아보는 근로기준법' 과정명·직무역량 일치 확인
고용24_사업주훈련,PUBLIC_API,AIG20240000475110,2,PUB_AIG20240000475110_2,"2일 완성, 노동법 마스터",중앙경제HR교육원,인사(HR),노무관리,02020202,,,,2.0,중급/실무,119140.0,https://www.work24.go.kr,2026-10-09T00:00:00Z,INCLUDED,VERIFIED,"공공 API 실측 수집 및 '2일 완성, 노동법 마스터' 과정명·직무역량 일치 확인"
고용24_사업주훈련,PUBLIC_API,ABA20243001036557,20,PUB_ABA20243001036557_20,실무사례로 알아보는 근로기준법,중앙법률원격평생교육원,인사(HR),노무관리,02020202,,,,28.0,중급/실무,0.0,https://www.work24.go.kr,2026-10-09T00:00:00Z,INCLUDED,VERIFIED,공공 API 실측 수집 및 '실무사례로 알아보는 근로기준법' 과정명·직무역량 일치 확인
고용24_사업주훈련,PUBLIC_API,ABA20253001062023,1,PUB_ABA20253001062023_1,실무사례로 알아보는 근로기준법,중앙법률원격평생교육원,인사(HR),노무관리,02020202,,,,28.0,중급/실무,0.0,https://www.work24.go.kr,2026-10-09T00:00:00Z,INCLUDED,VERIFIED,공공 API 실측 수집 및 '실무사례로 알아보는 근로기준법' 과정명·직무역량 일치 확인
고용24_사업주훈련,PUBLIC_API,ABA20243001036557,21,PUB_ABA20243001036557_21,실무사례로 알아보는 근로기준법,중앙법률원격평생교육원,인사(HR),노무관리,02020202,,,,28.0,중급/실무,0.0,https://www.work24.go.kr,2026-10-09T00:00:00Z,INCLUDED,VERIFIED,공공 API 실측 수집 및 '실무사례로 알아보는 근로기준법' 과정명·직무역량 일치 확인
고용24_사업주훈련,PUBLIC_API,ABA20243001023642,6,PUB_ABA20243001023642_6,인사평가체계 구축 및 운영 방법,온캠퍼스원격평생교육원,인사(HR),인사·채용관리,02020201,,,,30.0,중급/실무,0.0,https://www.work24.go.kr,2026-10-09T00:00:00Z,INCLUDED,VERIFIED,공공 API 실측 수집 및 '인사평가체계 구축 및 운영 방법' 과정명·직무역량 일치 확인
고용24_사업주훈련,PUBLIC_API,ABA20243001000121,10,PUB_ABA20243001000121_10,인사평가체계 구축 및 운영 방법,휴넷,인사(HR),인사·채용관리,02020201,,,,31.0,중급/실무,0.0,https://www.work24.go.kr,2026-10-09T00:00:00Z,INCLUDED,VERIFIED,공공 API 실측 수집 및 '인사평가체계 구축 및 운영 방법' 과정명·직무역량 일치 확인
고용24_사업주훈련,PUBLIC_API,ABA20243001023642,7,PUB_ABA20243001023642_7,인사평가체계 구축 및 운영 방법,온캠퍼스원격평생교육원,인사(HR),인사·채용관리,02020201,,,,30.0,중급/실무,0.0,https://www.work24.go.kr,2026-10-09T00:00:00Z,INCLUDED,VERIFIED,공공 API 실측 수집 및 '인사평가체계 구축 및 운영 방법' 과정명·직무역량 일치 확인
고용24_사업주훈련,PUBLIC_API,ABA20243001000121,11,PUB_ABA20243001000121_11,인사평가체계 구축 및 운영 방법,휴넷,인사(HR),인사·채용관리,02020201,,,,28.0,중급/실무,0.0,https://www.work24.go.kr,2026-10-09T00:00:00Z,INCLUDED,VERIFIED,공공 API 실측 수집 및 '인사평가체계 구축 및 운영 방법' 과정명·직무역량 일치 확인
고용24_사업주훈련,PUBLIC_API,ABA20243001051630,1,PUB_ABA20243001051630_1,EB24OH 인사평가체계 구축 및 운영 방법,멀티캠퍼스 원격평생교육원,인사(HR),인사·채용관리,02020201,,,,31.0,중급/실무,0.0,https://www.work24.go.kr,2026-10-09T00:00:00Z,INCLUDED,VERIFIED,공공 API 실측 수집 및 'EB24OH 인사평가체계 구축 및 운영 방법' 과정명·직무역량 일치 확인
고용24_사업주훈련,PUBLIC_API,ABA20243001000121,12,PUB_ABA20243001000121_12,인사평가체계 구축 및 운영 방법,휴넷,인사(HR),인사·채용관리,02020201,,,,31.0,중급/실무,0.0,https://www.work24.go.kr,2026-10-09T00:00:00Z,INCLUDED,VERIFIED,공공 API 실측 수집 및 '인사평가체계 구축 및 운영 방법' 과정명·직무역량 일치 확인
고용24_사업주훈련,PUBLIC_API,ABA20243001000115,23,PUB_ABA20243001000115_23,인사평가체계 구축 및 운영 방법,휴넷,인사(HR),인사·채용관리,02020201,,,,31.0,중급/실무,0.0,https://www.work24.go.kr,2026-10-09T00:00:00Z,INCLUDED,VERIFIED,공공 API 실측 수집 및 '인사평가체계 구축 및 운영 방법' 과정명·직무역량 일치 확인
고용24_사업주훈련,PUBLIC_API,ABA20243001023642,8,PUB_ABA20243001023642_8,인사평가체계 구축 및 운영 방법,온캠퍼스원격평생교육원,인사(HR),인사·채용관리,02020201,,,,30.0,중급/실무,0.0,https://www.work24.go.kr,2026-10-09T00:00:00Z,INCLUDED,VERIFIED,공공 API 실측 수집 및 '인사평가체계 구축 및 운영 방법' 과정명·직무역량 일치 확인
고용24_사업주훈련,PUBLIC_API,AIG20240000472845,1,PUB_AIG20240000472845_1,실전! 인사평가제도 기획 방법론,HR에듀센터 인사드림,인사(HR),인사·채용관리,02020201,,,,1.0,중급/실무,68080.0,https://www.work24.go.kr,2026-10-09T00:00:00Z,INCLUDED,VERIFIED,공공 API 실측 수집 및 '실전! 인사평가제도 기획 방법론' 과정명·직무역량 일치 확인
고용24_사업주훈련,PUBLIC_API,ABA20243001000115,24,PUB_ABA20243001000115_24,인사평가체계 구축 및 운영 방법,휴넷,인사(HR),인사·채용관리,02020201,,,,31.0,중급/실무,0.0,https://www.work24.go.kr,2026-10-09T00:00:00Z,INCLUDED,VERIFIED,공공 API 실측 수집 및 '인사평가체계 구축 및 운영 방법' 과정명·직무역량 일치 확인
고용24_사업주훈련,PUBLIC_API,ABA20243001012801,206,PUB_ABA20243001012801_206,총무기획과 총무자산관리,에듀퓨어,총무·사무행정,총무·자산관리,02020101,,,,30.0,중급/실무,0.0,https://www.work24.go.kr,2026-10-09T00:00:00Z,INCLUDED,VERIFIED,공공 API 실측 수집 및 '총무기획과 총무자산관리' 과정명·직무역량 일치 확인
고용24_사업주훈련,PUBLIC_API,ABA20243001012801,207,PUB_ABA20243001012801_207,총무기획과 총무자산관리,에듀퓨어,총무·사무행정,총무·자산관리,02020101,,,,30.0,중급/실무,0.0,https://www.work24.go.kr,2026-10-09T00:00:00Z,INCLUDED,VERIFIED,공공 API 실측 수집 및 '총무기획과 총무자산관리' 과정명·직무역량 일치 확인
고용24_사업주훈련,PUBLIC_API,ABA20243001012801,208,PUB_ABA20243001012801_208,총무기획과 총무자산관리,에듀퓨어,총무·사무행정,총무·자산관리,02020101,,,,30.0,중급/실무,0.0,https://www.work24.go.kr,2026-10-09T00:00:00Z,INCLUDED,VERIFIED,공공 API 실측 수집 및 '총무기획과 총무자산관리' 과정명·직무역량 일치 확인
고용24_사업주훈련,PUBLIC_API,ABA20243001012801,209,PUB_ABA20243001012801_209,총무기획과 총무자산관리,에듀퓨어,총무·사무행정,총무·자산관리,02020101,,,,30.0,중급/실무,0.0,https://www.work24.go.kr,2026-10-09T00:00:00Z,INCLUDED,VERIFIED,공공 API 실측 수집 및 '총무기획과 총무자산관리' 과정명·직무역량 일치 확인
고용24_사업주훈련,PUBLIC_API,ABA20243001012801,210,PUB_ABA20243001012801_210,총무기획과 총무자산관리,에듀퓨어,총무·사무행정,총무·자산관리,02020101,,,,30.0,중급/실무,0.0,https://www.work24.go.kr,2026-10-09T00:00:00Z,INCLUDED,VERIFIED,공공 API 실측 수집 및 '총무기획과 총무자산관리' 과정명·직무역량 일치 확인
고용24_사업주훈련,PUBLIC_API,ABA20243001036526,9,PUB_ABA20243001036526_9,급변하는 비즈니스 환경의 총무관리 역할,한국직장인교육센터평생교육원,총무·사무행정,총무·일반사무,02020101,,,,30.0,중급/실무,0.0,https://www.work24.go.kr,2026-10-09T00:00:00Z,INCLUDED,VERIFIED,공공 API 실측 수집 및 '급변하는 비즈니스 환경의 총무관리 역할' 과정명·직무역량 일치 확인
고용24_사업주훈련,PUBLIC_API,ABA20243001058355,1,PUB_ABA20243001058355_1,농협은행 자산관리 전문역 양성,한국금융연수원,총무·사무행정,총무·자산관리,03010103,,,,180.0,중급/실무,0.0,https://www.work24.go.kr,2026-10-09T00:00:00Z,INCLUDED,VERIFIED,공공 API 실측 수집 및 '농협은행 자산관리 전문역 양성' 과정명·직무역량 일치 확인
FASTCAMPUS,SQLITE_DB,210569,1,SQL_FASTCAMPUS_210569,문서의 신이 알려주는 보고서의 법칙 : 비즈니스 글쓰기의 모든 것,패스트캠퍼스,총무·사무행정,공통·사무기획,,"직장인 필수, 문서의 신 백승권에게 배우는 보고서작성법! 예스폼 문서서식 및 자료집 제공",,,,중급/실무,210000.0,https://fastcampus.co.kr/biz_online_bsk,2026-09-30T00:00:00Z,INCLUDED,VERIFIED,FASTCAMPUS 직무교육 '문서의 신이 알려주는 보고서의 법칙 : 비즈니스 글쓰기의 모든 것'(공통·사무기획) 원문 실무 커리큘럼 부합
FASTCAMPUS,SQLITE_DB,243273,1,SQL_FASTCAMPUS_243273,세계 3대 컨설팅펌 출신 김영롱에게 배우는 1조 가치 보고서 작성법,패스트캠퍼스,총무·사무행정,공통·사무기획,,"아무도 알려주지 않는, 그 곳에 들어가지 않으면 알 수 없는 전략적 사고를 담은 보고서 작성 강의.",,,,중급/실무,204000.0,https://fastcampus.co.kr/biz_online_bestreport,2026-09-30T00:00:00Z,INCLUDED,VERIFIED,FASTCAMPUS 직무교육 '세계 3대 컨설팅펌 출신 김영롱에게 배우는 1조 가치 보고서 작성법'(공통·사무기획) 원문 실무 커리큘럼 부합
FASTCAMPUS,SQLITE_DB,249157,1,SQL_FASTCAMPUS_249157,맥킨지·제일기획 출신 김재성의 연봉을 올리는 보고서 & 프레젠테이션 공식,패스트캠퍼스,인사(HR),인사·평가보상,,"같은 직장을 다녀도, 더 높은 연봉을 받는 비밀이 궁금하신가요? 연봉의 격-차를 만드는 보고서 작성의 숨겨진 비밀을 공개합니다.",,,,중급/실무,187000.0,https://fastcampus.co.kr/biz_online_kjs,2026-09-30T00:00:00Z,INCLUDED,VERIFIED,FASTCAMPUS 직무교육 '맥킨지·제일기획 출신 김재성의 연봉을 올리는 보고서 & 프레젠테이션 공식'(인사·평가보상) 원문 실무 커리큘럼 부합
FASTCAMPUS,SQLITE_DB,252453,1,SQL_FASTCAMPUS_252453,평범한 대학생에서 억대 연봉 작가로! 500개 예제로 끝내는 이모티콘 족집게 트레이닝,패스트캠퍼스,인사(HR),인사·평가보상,,"이모티콘으로 내 일상을 특별하게 기록하고, 이모티콘으로 제 2의 월급을 만드는 점점이 작가의 '노하우 집약서' 이자, 500여개의 이모티콘 제작 실습과 1000여종의 템플릿으로 그림의 ‘ㄱ’ 도 모르는 예비 작가님",,,,중급/실무,223000.0,https://fastcampus.co.kr/dgn_online_dotdot2,2026-09-30T00:00:00Z,INCLUDED,VERIFIED,FASTCAMPUS 직무교육 '평범한 대학생에서 억대 연봉 작가로! 500개 예제로 끝내는 이모티콘 족집게 트레이닝'(인사·평가보상) 원문 실무 커리큘럼 부합
FASTCAMPUS,SQLITE_DB,261333,1,SQL_FASTCAMPUS_261333,콜롬버스의 탐색 - 글로벌 시장 트렌드 분석 보고서 작성,패스트캠퍼스,총무·사무행정,공통·사무기획,,"글로벌 시장 동향 요약해줘, 해외 진출 유망 국가 추천해줘 수준을 넘어서, 실제 비즈니스 전략 수립에 적용 가능한 글로벌 트렌드 분석 프롬프트 설계 기법을 학습하는 과정입니다. 방대한 다국어 원문 데이터와 거시경제",,,,중급/실무,72000.0,https://fastcampus.co.kr/biz_online_aicolumbus,2026-09-30T00:00:00Z,INCLUDED,VERIFIED,FASTCAMPUS 직무교육 '콜롬버스의 탐색 - 글로벌 시장 트렌드 분석 보고서 작성'(공통·사무기획) 원문 실무 커리큘럼 부합
GSEEK,SQLITE_DB,3217,1,SQL_GSEEK_3217,[창업공통]필수 근로기준법과 인사서식,경기도평생학습포털(GSEEK),인사(HR),노무관리,,공인노무사와 함께 모든 사업장에 적용되는 근로기준법을 파악하고 회사 운영을 위한 인사서식들을 구비할 수 있다.,,,,중급/실무,0.0,https://www.gseek.kr/user/course/online/view?s_sbjct_sn=3217,2026-09-30T00:00:00Z,INCLUDED,VERIFIED,GSEEK 직무교육 '[창업공통]필수 근로기준법과 인사서식'(노무관리) 원문 실무 커리큘럼 부합
GSEEK,SQLITE_DB,4378,1,SQL_GSEEK_4378,사용자에게 꼭 필요한 사이다 노동법,경기도평생학습포털(GSEEK),인사(HR),노무관리,,"소규모 사업장의 사용자 대부분이 기초적인 노동법에 대한 인식 부족으로 노동법을 위반하게 되거나, 교육과 상담을 받고 싶어도 컨설팅 비용 부담 등 사실상 노동법 사각지대에 놓여있는 것이 현실입니다. 또한 그간",,,,중급/실무,0.0,https://www.gseek.kr/user/course/online/view?s_sbjct_sn=4378,2026-09-30T00:00:00Z,INCLUDED,VERIFIED,GSEEK 직무교육 '사용자에게 꼭 필요한 사이다 노동법'(노무관리) 원문 실무 커리큘럼 부합
GSEEK,SQLITE_DB,5045,1,SQL_GSEEK_5045,소규모 사업장 랜선노동법,경기도평생학습포털(GSEEK),인사(HR),노무관리,,"소규모사업장도 노동법 적용을 받나요? 채용 시에도 지켜야 할 노동법이 있다고요? 아주 작은 우리회사, 그래도 노동법은 해당된답니다. 스스로의 권리를 꼭 찾아주세요. 본 강좌는 <한국고용노동교육원>에서",,,,중급/실무,0.0,https://www.gseek.kr/user/course/online/view?s_sbjct_sn=5045,2026-09-30T00:00:00Z,INCLUDED,VERIFIED,GSEEK 직무교육 '소규모 사업장 랜선노동법'(노무관리) 원문 실무 커리큘럼 부합
GSEEK,SQLITE_DB,5793,1,SQL_GSEEK_5793,소규모사업주가 알아야 할 노동법 상식,경기도평생학습포털(GSEEK),인사(HR),노무관리,,"소규모사업장도 노동법 적용을 받나요? 채용 시에도 지켜야 할 노동법이 있다고요? 아주 작은 우리회사, 그래도 노동법은 해당된답니다. 사업주가 알아야 할 노동법 상식! 지금 배워보세요. 본 강좌는 <한국고용노",,,,중급/실무,0.0,https://www.gseek.kr/user/course/online/view?s_sbjct_sn=5793,2026-09-30T00:00:00Z,INCLUDED,VERIFIED,GSEEK 직무교육 '소규모사업주가 알아야 할 노동법 상식'(노무관리) 원문 실무 커리큘럼 부합
GSEEK,SQLITE_DB,5794,1,SQL_GSEEK_5794,알바가 꼭 알아야 할 기초노동법,경기도평생학습포털(GSEEK),인사(HR),노무관리,,"알바를 하고 싶은 사람, 알바를 구하는 사장님! 모두가 꼭 알아야할 기초노동법! 노동법에 미숙한 청소년 및 사장님들을 위해 A부터 Z까지 상세히 알려드립니다. 본 강좌는 <한국고용노동교육원>에서 제공하였습니다",,,,입문/초급,0.0,https://www.gseek.kr/user/course/online/view?s_sbjct_sn=5794,2026-09-30T00:00:00Z,INCLUDED,VERIFIED,GSEEK 직무교육 '알바가 꼭 알아야 할 기초노동법'(노무관리) 원문 실무 커리큘럼 부합
GSEEK,SQLITE_DB,7414,1,SQL_GSEEK_7414,(왕초보)컴퓨터로 문서작성 도전,경기도평생학습포털(GSEEK),총무·사무행정,공통·사무기획,,"컴퓨터가 어려운 사용자들의 문서작성 시 문서의 목적과 환경에 맞는 문서작성 프로그램 선택방법을 알아본다. 한글, 엑셀, 파워포인트 등 적절한 문서작성 프로그램을 선택해서 필요한 문서를 만들 수 있다. 또한 엑셀을",,,,입문/초급,0.0,https://www.gseek.kr/user/course/online/view?s_sbjct_sn=7414,2026-09-30T00:00:00Z,INCLUDED,VERIFIED,GSEEK 직무교육 '(왕초보)컴퓨터로 문서작성 도전'(공통·사무기획) 원문 실무 커리큘럼 부합
GSEEK,SQLITE_DB,7759,1,SQL_GSEEK_7759,핵심만 콕! 비즈니스 글쓰기와 보고서 작성 노하우,경기도평생학습포털(GSEEK),총무·사무행정,공통·사무기획,,글 전체를 관통하는 컨셉 선정부터 상황별 보고서 작성 요령까지 다양한 사례와 스킬 중심으로 쉽고 빠르게 업스킬하여 업무에 적용할 수 있다.,,,,중급/실무,0.0,https://www.gseek.kr/user/course/online/view?s_sbjct_sn=7759,2026-09-30T00:00:00Z,INCLUDED,VERIFIED,GSEEK 직무교육 '핵심만 콕! 비즈니스 글쓰기와 보고서 작성 노하우'(공통·사무기획) 원문 실무 커리큘럼 부합
GSEEK,SQLITE_DB,8297,1,SQL_GSEEK_8297,[오늘부터 정시퇴근] 엑셀 실무 테크닉 - 일잘러의 보고서 작성편,경기도평생학습포털(GSEEK),총무·사무행정,공통·사무기획,,"이 세상 모든 직장인들의 정시퇴근을 위해, 실무에 당장 적용할 수 있는 일잘러의 엑셀 기반 매출 분석 및 보고서 작성 스킬! 작업시간은 ½ 줄이고, 완성은 2배 빠르게! 자네, 엑셀은 좀 다루는가? 이",,,,중급/실무,0.0,https://www.gseek.kr/user/course/online/view?s_sbjct_sn=8297,2026-09-30T00:00:00Z,INCLUDED,VERIFIED,GSEEK 직무교육 '[오늘부터 정시퇴근] 엑셀 실무 테크닉 - 일잘러의 보고서 작성편'(공통·사무기획) 원문 실무 커리큘럼 부합
GSEEK,SQLITE_DB,51667,1,SQL_GSEEK_51667,따라만 하면 OK! 말이 되는 보고서 작성 원칙,경기도평생학습포털(GSEEK),총무·사무행정,공통·사무기획,,"80점짜리 보고서에 만족하고 있지 않나요? 직장인이라면 누구나 보고서를 쓰고, 검토하는 일을 합니다. 글과 숫자, 데이터와 차트, 스토리와 논리 등을 적확하게 혼합해야 비로소 말이 통하는 비즈니스 보고서가 완성됩니",,,,중급/실무,0.0,https://www.gseek.kr/user/course/online/view?s_sbjct_sn=51667,2026-09-30T00:00:00Z,INCLUDED,VERIFIED,GSEEK 직무교육 '따라만 하면 OK! 말이 되는 보고서 작성 원칙'(공통·사무기획) 원문 실무 커리큘럼 부합
GSEEK,SQLITE_DB,51955,1,SQL_GSEEK_51955,[레전드 스킬] 어쩐지 끌리는 사람의 비즈니스 매너,경기도평생학습포털(GSEEK),총무·사무행정,비서·사무지원,,"직장인이라면 당연히 갖춰야 할 비즈니스 매너, 당연하다고 해서 모두 다 알고 있는것은 아닙니다! 여러분의 비즈니스 매너는 몇 점인가요? 인공지능 기술이 하루가 다르게 발전하고 있는 지금, 우리는 꼭",,,,중급/실무,0.0,https://www.gseek.kr/user/course/online/view?s_sbjct_sn=51955,2026-09-30T00:00:00Z,INCLUDED,VERIFIED,GSEEK 직무교육 '[레전드 스킬] 어쩐지 끌리는 사람의 비즈니스 매너'(비서·사무지원) 원문 실무 커리큘럼 부합
GSEEK,SQLITE_DB,52754,1,SQL_GSEEK_52754,[칼퇴를 부르는 치트키_보고서편] 핵심만 콕! 비즈니스 문서작성의 핵심과 실무 스킬,경기도평생학습포털(GSEEK),총무·사무행정,공통·사무기획,,비즈니스 문서작성의 기본과 논리적 문서 작성에 대해 알아본다.,,,,중급/실무,0.0,https://www.gseek.kr/user/course/online/view?s_sbjct_sn=52754,2026-09-30T00:00:00Z,INCLUDED,VERIFIED,GSEEK 직무교육 '[칼퇴를 부르는 치트키_보고서편] 핵심만 콕! 비즈니스 문서작성의 핵심과 실무 스킬'(공통·사무기획) 원문 실무 커리큘럼 부합
GSEEK,SQLITE_DB,55196,1,SQL_GSEEK_55196,인사담당자에게 묻는다! 면접 합격의 비밀,경기도평생학습포털(GSEEK),인사(HR),인사·채용관리,,"취준생, 이직자, 면접 초보자들이 가장 어려움을 느끼는 ‘면접’ 단계에서의 자신감 부족과 전략 부재를 해결해 드립니다. 자기소개부터 가장 많이 물어보는 질문, 면접 태도 등 9명의 현직 인사담당자의 실질",,,,중급/실무,0.0,https://www.gseek.kr/user/course/online/view?s_sbjct_sn=55196,2026-09-30T00:00:00Z,INCLUDED,VERIFIED,GSEEK 직무교육 '인사담당자에게 묻는다! 면접 합격의 비밀'(인사·채용관리) 원문 실무 커리큘럼 부합
GSEEK,SQLITE_DB,55218,1,SQL_GSEEK_55218,경기도 스파크 노동법,경기도평생학습포털(GSEEK),인사(HR),노무관리,,"이 강좌는 근로자가 꼭 알아야 할 노동법의 핵심 내용을 쉽게 이해할 수 있도록 구성된 교육입니다. 근로계약, 임금, 휴식·휴가, 업무상 재해, 직장 내 괴롭힘·성희롱 금지 등 현장에서 자주 발생하는 노동법 이슈",,,,중급/실무,0.0,https://www.gseek.kr/user/course/online/view?s_sbjct_sn=55218,2026-09-30T00:00:00Z,INCLUDED,VERIFIED,GSEEK 직무교육 '경기도 스파크 노동법'(노무관리) 원문 실무 커리큘럼 부합
GSEEK,SQLITE_DB,56932,1,SQL_GSEEK_56932,(리프레시) 핵심만 콕! 신입사원 온보딩,경기도평생학습포털(GSEEK),인사(HR),인사·채용관리,,"신입사원이 조직에 쉽고 빠르게 적응해 안착할 수 있도록, 스킬보다는 조직 생활 적응과 이해를 높이기 위한 마음가짐, 기본적인 마인드와 역량에 대해 핵심 요소 중심으로 안내해 드립니다.",,,,중급/실무,0.0,https://www.gseek.kr/user/course/online/view?s_sbjct_sn=56932,2026-09-30T00:00:00Z,INCLUDED,VERIFIED,GSEEK 직무교육 '(리프레시) 핵심만 콕! 신입사원 온보딩'(인사·채용관리) 원문 실무 커리큘럼 부합
GSEEK,SQLITE_DB,57049,1,SQL_GSEEK_57049,"HR, AI가 트렌드다 : 채용부터 퇴사까지",경기도평생학습포털(GSEEK),인사(HR),인사·채용관리,,❔❓❔❓“생성형 AI가 실제로 내 일을 도와줄 수 있을까?🤔” ❔❓❔❓ 궁금증을 ‘진짜 결과물’ 로 바꿔주는 HR x AI실무과정 ✏️ 단순 지식이나 이론이 아닌 현장에서 즉시 활용 가능한 AI 강의를 찾고,,,,중급/실무,0.0,https://www.gseek.kr/user/course/online/view?s_sbjct_sn=57049,2026-09-30T00:00:00Z,INCLUDED,VERIFIED,"GSEEK 직무교육 'HR, AI가 트렌드다 : 채용부터 퇴사까지'(인사·채용관리) 원문 실무 커리큘럼 부합"
GSEEK,SQLITE_DB,57110,1,SQL_GSEEK_57110,"입사에서 퇴사까지, 직장인을 위한 노동법 이야기",경기도평생학습포털(GSEEK),인사(HR),노무관리,,입사부터 퇴직까지! 나와 회사를 지키는 노동법 이야기! 인사담당자 뿐만 아니라 직장인이라면 반드시 알아야 할 노동법의 모든 것 ‘노동법’은 사실 실제로 존재하는 법은 아닙니다. 노동조건과 관련한 모든 법을,,,,중급/실무,0.0,https://www.gseek.kr/user/course/online/view?s_sbjct_sn=57110,2026-09-30T00:00:00Z,INCLUDED,VERIFIED,"GSEEK 직무교육 '입사에서 퇴사까지, 직장인을 위한 노동법 이야기'(노무관리) 원문 실무 커리큘럼 부합"
GSEEK,SQLITE_DB,57944,1,SQL_GSEEK_57944,"신규입사자의 온보딩 과정, 워(Work).플(People).킹(Networking)",경기도평생학습포털(GSEEK),인사(HR),인사·채용관리,,"첫걸음을 내딛는 직장에서 적응이 막막하게 느껴진다면, 그 해답은 온보딩에 있습니다. 온보딩은 단순히 직장 생활에 익숙해지는 것을 넘어, 조직 문화를 이해하고 협업의 기초를 다질 수 있는 중요한 시작점입니다.",,,,중급/실무,0.0,https://www.gseek.kr/user/course/online/view?s_sbjct_sn=57944,2026-09-30T00:00:00Z,INCLUDED,VERIFIED,"GSEEK 직무교육 '신규입사자의 온보딩 과정, 워(Work).플(People).킹(Networking)'(인사·채용관리) 원문 실무 커리큘럼 부합"
HUNET,SQLITE_DB,Y00394865,1,SQL_HUNET_Y00394865,성과와 신뢰를 만드는 신임리더 온보딩,휴넷,인사(HR),인사·채용관리,,,,,,중급/실무,,https://hbs.hunet.co.kr/Education/Detail?gid=Y00394865,2026-09-30T00:00:00Z,INCLUDED,VERIFIED,HUNET 직무교육 '성과와 신뢰를 만드는 신임리더 온보딩'(인사·채용관리) 원문 실무 커리큘럼 부합
HUNET,SQLITE_DB,Y00391506,1,SQL_HUNET_Y00391506,"AI로 조사하고, AI로 작성하는 하루 만에 끝내는 보고서 작성법",휴넷,총무·사무행정,공통·사무기획,,,,,,중급/실무,,https://hbs.hunet.co.kr/Education/Detail?gid=Y00391506,2026-09-30T00:00:00Z,INCLUDED,VERIFIED,"HUNET 직무교육 'AI로 조사하고, AI로 작성하는 하루 만에 끝내는 보고서 작성법'(공통·사무기획) 원문 실무 커리큘럼 부합"
HUNET,SQLITE_DB,Y00386285,1,SQL_HUNET_Y00386285,이게 진짜 기준! 직장인 노동법 팩트 체크,휴넷,인사(HR),노무관리,,,,,,중급/실무,,https://hbs.hunet.co.kr/Education/Detail?gid=Y00386285,2026-09-30T00:00:00Z,INCLUDED,VERIFIED,HUNET 직무교육 '이게 진짜 기준! 직장인 노동법 팩트 체크'(노무관리) 원문 실무 커리큘럼 부합
HUNET,SQLITE_DB,Y00381740,1,SQL_HUNET_Y00381740,[HRethink] 데이터가 흐르는 Digital HR,휴넷,인사·총무공통,인사·조직관리,,,,,,중급/실무,,https://hbs.hunet.co.kr/Education/Detail?gid=Y00381740,2026-09-30T00:00:00Z,INCLUDED,VERIFIED,HUNET 직무교육 '[HRethink] 데이터가 흐르는 Digital HR'(인사·조직관리) 원문 실무 커리큘럼 부합
HUNET,SQLITE_DB,Y00381743,1,SQL_HUNET_Y00381743,"[일잘러의 3종 스킬] 기획력, 문서작성력, 보고법",휴넷,총무·사무행정,공통·사무기획,,,,,,중급/실무,,https://hbs.hunet.co.kr/Education/Detail?gid=Y00381743,2026-09-30T00:00:00Z,INCLUDED,VERIFIED,"HUNET 직무교육 '[일잘러의 3종 스킬] 기획력, 문서작성력, 보고법'(공통·사무기획) 원문 실무 커리큘럼 부합"
HUNET,SQLITE_DB,Y00370512,1,SQL_HUNET_Y00370512,2026 안전보건교육 일용 및 초단기 기간제근로자(채용 시_보건업),휴넷,인사(HR),인사·채용관리,,,,,,중급/실무,,https://hbs.hunet.co.kr/Education/Detail?gid=Y00370512,2026-09-30T00:00:00Z,INCLUDED,VERIFIED,HUNET 직무교육 '2026 안전보건교육 일용 및 초단기 기간제근로자(채용 시_보건업)'(인사·채용관리) 원문 실무 커리큘럼 부합
HUNET,SQLITE_DB,Y00370513,1,SQL_HUNET_Y00370513,2026 안전보건교육 일용 및 초단기 기간제근로자(채용 시_기타사업),휴넷,인사(HR),인사·채용관리,,,,,,중급/실무,,https://hbs.hunet.co.kr/Education/Detail?gid=Y00370513,2026-09-30T00:00:00Z,INCLUDED,VERIFIED,HUNET 직무교육 '2026 안전보건교육 일용 및 초단기 기간제근로자(채용 시_기타사업)'(인사·채용관리) 원문 실무 커리큘럼 부합
HUNET,SQLITE_DB,Y00370514,1,SQL_HUNET_Y00370514,2026 안전보건교육 일용 및 초단기 기간제근로자(채용 시_금융업),휴넷,인사(HR),인사·채용관리,,,,,,중급/실무,,https://hbs.hunet.co.kr/Education/Detail?gid=Y00370514,2026-09-30T00:00:00Z,INCLUDED,VERIFIED,HUNET 직무교육 '2026 안전보건교육 일용 및 초단기 기간제근로자(채용 시_금융업)'(인사·채용관리) 원문 실무 커리큘럼 부합
HUNET,SQLITE_DB,Y00370515,1,SQL_HUNET_Y00370515,2026 안전보건교육 일용 및 초단기 기간제근로자(채용 시_건설업),휴넷,인사(HR),인사·채용관리,,,,,,중급/실무,,https://hbs.hunet.co.kr/Education/Detail?gid=Y00370515,2026-09-30T00:00:00Z,INCLUDED,VERIFIED,HUNET 직무교육 '2026 안전보건교육 일용 및 초단기 기간제근로자(채용 시_건설업)'(인사·채용관리) 원문 실무 커리큘럼 부합
HUNET,SQLITE_DB,Y00370516,1,SQL_HUNET_Y00370516,2026 안전보건교육 일반근로자(채용 시_제조업),휴넷,인사(HR),인사·채용관리,,,,,,중급/실무,,https://hbs.hunet.co.kr/Education/Detail?gid=Y00370516,2026-09-30T00:00:00Z,INCLUDED,VERIFIED,HUNET 직무교육 '2026 안전보건교육 일반근로자(채용 시_제조업)'(인사·채용관리) 원문 실무 커리큘럼 부합
HUNET,SQLITE_DB,Y00370517,1,SQL_HUNET_Y00370517,2026 안전보건교육 일반근로자(채용 시_유통업),휴넷,인사(HR),인사·채용관리,,,,,,중급/실무,,https://hbs.hunet.co.kr/Education/Detail?gid=Y00370517,2026-09-30T00:00:00Z,INCLUDED,VERIFIED,HUNET 직무교육 '2026 안전보건교육 일반근로자(채용 시_유통업)'(인사·채용관리) 원문 실무 커리큘럼 부합
HUNET,SQLITE_DB,Y00370518,1,SQL_HUNET_Y00370518,2026 안전보건교육 일반근로자(채용 시_서비스업),휴넷,인사(HR),인사·채용관리,,,,,,중급/실무,,https://hbs.hunet.co.kr/Education/Detail?gid=Y00370518,2026-09-30T00:00:00Z,INCLUDED,VERIFIED,HUNET 직무교육 '2026 안전보건교육 일반근로자(채용 시_서비스업)'(인사·채용관리) 원문 실무 커리큘럼 부합
HUNET,SQLITE_DB,Y00370519,1,SQL_HUNET_Y00370519,2026 안전보건교육 일반근로자(채용 시_보건업),휴넷,인사(HR),인사·채용관리,,,,,,중급/실무,,https://hbs.hunet.co.kr/Education/Detail?gid=Y00370519,2026-09-30T00:00:00Z,INCLUDED,VERIFIED,HUNET 직무교육 '2026 안전보건교육 일반근로자(채용 시_보건업)'(인사·채용관리) 원문 실무 커리큘럼 부합
HUNET,SQLITE_DB,Y00370520,1,SQL_HUNET_Y00370520,2026 안전보건교육 일반근로자(채용 시_기타사업),휴넷,인사(HR),인사·채용관리,,,,,,중급/실무,,https://hbs.hunet.co.kr/Education/Detail?gid=Y00370520,2026-09-30T00:00:00Z,INCLUDED,VERIFIED,HUNET 직무교육 '2026 안전보건교육 일반근로자(채용 시_기타사업)'(인사·채용관리) 원문 실무 커리큘럼 부합
HUNET,SQLITE_DB,Y00370521,1,SQL_HUNET_Y00370521,2026 안전보건교육 일반근로자(채용 시_금융업),휴넷,인사(HR),인사·채용관리,,,,,,중급/실무,,https://hbs.hunet.co.kr/Education/Detail?gid=Y00370521,2026-09-30T00:00:00Z,INCLUDED,VERIFIED,HUNET 직무교육 '2026 안전보건교육 일반근로자(채용 시_금융업)'(인사·채용관리) 원문 실무 커리큘럼 부합
HUNET,SQLITE_DB,Y00370522,1,SQL_HUNET_Y00370522,2026 안전보건교육 일반근로자(채용 시_건설업),휴넷,인사(HR),인사·채용관리,,,,,,중급/실무,,https://hbs.hunet.co.kr/Education/Detail?gid=Y00370522,2026-09-30T00:00:00Z,INCLUDED,VERIFIED,HUNET 직무교육 '2026 안전보건교육 일반근로자(채용 시_건설업)'(인사·채용관리) 원문 실무 커리큘럼 부합
HUNET,SQLITE_DB,Y00370555,1,SQL_HUNET_Y00370555,2026 안전보건교육 기간제근로자(채용 시_금융업),휴넷,인사(HR),인사·채용관리,,,,,,중급/실무,,https://hbs.hunet.co.kr/Education/Detail?gid=Y00370555,2026-09-30T00:00:00Z,INCLUDED,VERIFIED,HUNET 직무교육 '2026 안전보건교육 기간제근로자(채용 시_금융업)'(인사·채용관리) 원문 실무 커리큘럼 부합
HUNET,SQLITE_DB,Y00370556,1,SQL_HUNET_Y00370556,2026 안전보건교육 기간제근로자(채용 시_건설업),휴넷,인사(HR),인사·채용관리,,,,,,중급/실무,,https://hbs.hunet.co.kr/Education/Detail?gid=Y00370556,2026-09-30T00:00:00Z,INCLUDED,VERIFIED,HUNET 직무교육 '2026 안전보건교육 기간제근로자(채용 시_건설업)'(인사·채용관리) 원문 실무 커리큘럼 부합
HUNET,SQLITE_DB,Y00370477,1,SQL_HUNET_Y00370477,2026 안전보건교육(관리감독자_채용 시_제조업),휴넷,인사(HR),인사·채용관리,,,,,,중급/실무,,https://hbs.hunet.co.kr/Education/Detail?gid=Y00370477,2026-09-30T00:00:00Z,INCLUDED,VERIFIED,HUNET 직무교육 '2026 안전보건교육(관리감독자_채용 시_제조업)'(인사·채용관리) 원문 실무 커리큘럼 부합
HUNET,SQLITE_DB,Y00370478,1,SQL_HUNET_Y00370478,2026 안전보건교육(관리감독자_채용 시_유통업),휴넷,인사(HR),인사·채용관리,,,,,,중급/실무,,https://hbs.hunet.co.kr/Education/Detail?gid=Y00370478,2026-09-30T00:00:00Z,INCLUDED,VERIFIED,HUNET 직무교육 '2026 안전보건교육(관리감독자_채용 시_유통업)'(인사·채용관리) 원문 실무 커리큘럼 부합
HUNET,SQLITE_DB,Y00370479,1,SQL_HUNET_Y00370479,2026 안전보건교육(관리감독자_채용 시_서비스업),휴넷,인사(HR),인사·채용관리,,,,,,중급/실무,,https://hbs.hunet.co.kr/Education/Detail?gid=Y00370479,2026-09-30T00:00:00Z,INCLUDED,VERIFIED,HUNET 직무교육 '2026 안전보건교육(관리감독자_채용 시_서비스업)'(인사·채용관리) 원문 실무 커리큘럼 부합
HUNET,SQLITE_DB,Y00370480,1,SQL_HUNET_Y00370480,2026 안전보건교육(관리감독자_채용 시_보건업),휴넷,인사(HR),인사·채용관리,,,,,,중급/실무,,https://hbs.hunet.co.kr/Education/Detail?gid=Y00370480,2026-09-30T00:00:00Z,INCLUDED,VERIFIED,HUNET 직무교육 '2026 안전보건교육(관리감독자_채용 시_보건업)'(인사·채용관리) 원문 실무 커리큘럼 부합
HUNET,SQLITE_DB,Y00370481,1,SQL_HUNET_Y00370481,2026 안전보건교육(관리감독자_채용 시_기타사업),휴넷,인사(HR),인사·채용관리,,,,,,중급/실무,,https://hbs.hunet.co.kr/Education/Detail?gid=Y00370481,2026-09-30T00:00:00Z,INCLUDED,VERIFIED,HUNET 직무교육 '2026 안전보건교육(관리감독자_채용 시_기타사업)'(인사·채용관리) 원문 실무 커리큘럼 부합
HUNET,SQLITE_DB,Y00370482,1,SQL_HUNET_Y00370482,2026 안전보건교육(관리감독자_채용 시_금융업),휴넷,인사(HR),인사·채용관리,,,,,,중급/실무,,https://hbs.hunet.co.kr/Education/Detail?gid=Y00370482,2026-09-30T00:00:00Z,INCLUDED,VERIFIED,HUNET 직무교육 '2026 안전보건교육(관리감독자_채용 시_금융업)'(인사·채용관리) 원문 실무 커리큘럼 부합
HUNET,SQLITE_DB,Y00370483,1,SQL_HUNET_Y00370483,2026 안전보건교육(관리감독자_채용 시_건설업),휴넷,인사(HR),인사·채용관리,,,,,,중급/실무,,https://hbs.hunet.co.kr/Education/Detail?gid=Y00370483,2026-09-30T00:00:00Z,INCLUDED,VERIFIED,HUNET 직무교육 '2026 안전보건교육(관리감독자_채용 시_건설업)'(인사·채용관리) 원문 실무 커리큘럼 부합
HUNET,SQLITE_DB,Y00370509,1,SQL_HUNET_Y00370509,2026 안전보건교육 일용 및 초단기 기간제근로자(채용 시_제조업),휴넷,인사(HR),인사·채용관리,,,,,,중급/실무,,https://hbs.hunet.co.kr/Education/Detail?gid=Y00370509,2026-09-30T00:00:00Z,INCLUDED,VERIFIED,HUNET 직무교육 '2026 안전보건교육 일용 및 초단기 기간제근로자(채용 시_제조업)'(인사·채용관리) 원문 실무 커리큘럼 부합
HUNET,SQLITE_DB,Y00370510,1,SQL_HUNET_Y00370510,2026 안전보건교육 일용 및 초단기 기간제근로자(채용 시_유통업),휴넷,인사(HR),인사·채용관리,,,,,,중급/실무,,https://hbs.hunet.co.kr/Education/Detail?gid=Y00370510,2026-09-30T00:00:00Z,INCLUDED,VERIFIED,HUNET 직무교육 '2026 안전보건교육 일용 및 초단기 기간제근로자(채용 시_유통업)'(인사·채용관리) 원문 실무 커리큘럼 부합
HUNET,SQLITE_DB,Y00370511,1,SQL_HUNET_Y00370511,2026 안전보건교육 일용 및 초단기 기간제근로자(채용 시_서비스업),휴넷,인사(HR),인사·채용관리,,,,,,중급/실무,,https://hbs.hunet.co.kr/Education/Detail?gid=Y00370511,2026-09-30T00:00:00Z,INCLUDED,VERIFIED,HUNET 직무교육 '2026 안전보건교육 일용 및 초단기 기간제근로자(채용 시_서비스업)'(인사·채용관리) 원문 실무 커리큘럼 부합
HUNET,SQLITE_DB,Y00370550,1,SQL_HUNET_Y00370550,2026 안전보건교육 기간제근로자(채용 시_제조업),휴넷,인사(HR),인사·채용관리,,,,,,중급/실무,,https://hbs.hunet.co.kr/Education/Detail?gid=Y00370550,2026-09-30T00:00:00Z,INCLUDED,VERIFIED,HUNET 직무교육 '2026 안전보건교육 기간제근로자(채용 시_제조업)'(인사·채용관리) 원문 실무 커리큘럼 부합
HUNET,SQLITE_DB,Y00370551,1,SQL_HUNET_Y00370551,2026 안전보건교육 기간제근로자(채용 시_유통업),휴넷,인사(HR),인사·채용관리,,,,,,중급/실무,,https://hbs.hunet.co.kr/Education/Detail?gid=Y00370551,2026-09-30T00:00:00Z,INCLUDED,VERIFIED,HUNET 직무교육 '2026 안전보건교육 기간제근로자(채용 시_유통업)'(인사·채용관리) 원문 실무 커리큘럼 부합
HUNET,SQLITE_DB,Y00370552,1,SQL_HUNET_Y00370552,2026 안전보건교육 기간제근로자(채용 시_서비스업),휴넷,인사(HR),인사·채용관리,,,,,,중급/실무,,https://hbs.hunet.co.kr/Education/Detail?gid=Y00370552,2026-09-30T00:00:00Z,INCLUDED,VERIFIED,HUNET 직무교육 '2026 안전보건교육 기간제근로자(채용 시_서비스업)'(인사·채용관리) 원문 실무 커리큘럼 부합
HUNET,SQLITE_DB,Y00370553,1,SQL_HUNET_Y00370553,2026 안전보건교육 기간제근로자(채용 시_보건업),휴넷,인사(HR),인사·채용관리,,,,,,중급/실무,,https://hbs.hunet.co.kr/Education/Detail?gid=Y00370553,2026-09-30T00:00:00Z,INCLUDED,VERIFIED,HUNET 직무교육 '2026 안전보건교육 기간제근로자(채용 시_보건업)'(인사·채용관리) 원문 실무 커리큘럼 부합
HUNET,SQLITE_DB,Y00370554,1,SQL_HUNET_Y00370554,2026 안전보건교육 기간제근로자(채용 시_기타사업),휴넷,인사(HR),인사·채용관리,,,,,,중급/실무,,https://hbs.hunet.co.kr/Education/Detail?gid=Y00370554,2026-09-30T00:00:00Z,INCLUDED,VERIFIED,HUNET 직무교육 '2026 안전보건교육 기간제근로자(채용 시_기타사업)'(인사·채용관리) 원문 실무 커리큘럼 부합
HUNET,SQLITE_DB,Y00369136,1,SQL_HUNET_Y00369136,"HR, AI가 트렌드다 : 채용부터 퇴사까지",휴넷,인사(HR),인사·채용관리,,,,,,중급/실무,,https://hbs.hunet.co.kr/Education/Detail?gid=Y00369136,2026-09-30T00:00:00Z,INCLUDED,VERIFIED,"HUNET 직무교육 'HR, AI가 트렌드다 : 채용부터 퇴사까지'(인사·채용관리) 원문 실무 커리큘럼 부합"
HUNET,SQLITE_DB,Y00367788,1,SQL_HUNET_Y00367788,ChatGPT가 다 해주는 요즘 보고서 작성법,휴넷,총무·사무행정,공통·사무기획,,,,,,중급/실무,,https://hbs.hunet.co.kr/Education/Detail?gid=Y00367788,2026-09-30T00:00:00Z,INCLUDED,VERIFIED,HUNET 직무교육 'ChatGPT가 다 해주는 요즘 보고서 작성법'(공통·사무기획) 원문 실무 커리큘럼 부합
HUNET,SQLITE_DB,Y00354154,1,SQL_HUNET_Y00354154,[팀장리더십] 탁월한 팀장의 조건 - 성과관리,휴넷,인사(HR),인사·평가보상,,,,,,중급/실무,,https://hbs.hunet.co.kr/Education/Detail?gid=Y00354154,2026-09-30T00:00:00Z,INCLUDED,VERIFIED,HUNET 직무교육 '[팀장리더십] 탁월한 팀장의 조건 - 성과관리'(인사·평가보상) 원문 실무 커리큘럼 부합
HUNET,SQLITE_DB,Y00337189,1,SQL_HUNET_Y00337189,[온보딩저니] 경력사원 과정,휴넷,인사(HR),인사·채용관리,,,,,,중급/실무,,https://hbs.hunet.co.kr/Education/Detail?gid=Y00337189,2026-09-30T00:00:00Z,INCLUDED,VERIFIED,HUNET 직무교육 '[온보딩저니] 경력사원 과정'(인사·채용관리) 원문 실무 커리큘럼 부합
HUNET,SQLITE_DB,Y00350958,1,SQL_HUNET_Y00350958,부장님은 내 기획서가 쓰레기라고 말했지,휴넷,총무·사무행정,공통·사무기획,,,,,,중급/실무,,https://hbs.hunet.co.kr/Education/Detail?gid=Y00350958,2026-09-30T00:00:00Z,INCLUDED,VERIFIED,HUNET 직무교육 '부장님은 내 기획서가 쓰레기라고 말했지'(공통·사무기획) 원문 실무 커리큘럼 부합
HUNET,SQLITE_DB,Y00350960,1,SQL_HUNET_Y00350960,[팀장리더십] 애자일 성과관리,휴넷,인사(HR),인사·평가보상,,,,,,중급/실무,,https://hbs.hunet.co.kr/Education/Detail?gid=Y00350960,2026-09-30T00:00:00Z,INCLUDED,VERIFIED,HUNET 직무교육 '[팀장리더십] 애자일 성과관리'(인사·평가보상) 원문 실무 커리큘럼 부합
HUNET,SQLITE_DB,Y00347025,1,SQL_HUNET_Y00347025,"리더십 4.0 시대, 일잘러의 IT 프로젝트 성과관리",휴넷,인사(HR),인사·평가보상,,,,,,중급/실무,,https://hbs.hunet.co.kr/Education/Detail?gid=Y00347025,2026-09-30T00:00:00Z,INCLUDED,VERIFIED,"HUNET 직무교육 '리더십 4.0 시대, 일잘러의 IT 프로젝트 성과관리'(인사·평가보상) 원문 실무 커리큘럼 부합"
HUNET,SQLITE_DB,Y00319690,1,SQL_HUNET_Y00319690,"평가에서 성과관리로, 프레임을 전환하라!",휴넷,인사(HR),인사·평가보상,,,,,,중급/실무,,https://hbs.hunet.co.kr/Education/Detail?gid=Y00319690,2026-09-30T00:00:00Z,INCLUDED,VERIFIED,"HUNET 직무교육 '평가에서 성과관리로, 프레임을 전환하라!'(인사·평가보상) 원문 실무 커리큘럼 부합"
HUNET,SQLITE_DB,Y00317658,1,SQL_HUNET_Y00317658,"채용을 디자인하라, 기업에 FIT한 인재 확보 전략",휴넷,인사(HR),인사·채용관리,,,,,,중급/실무,,https://hbs.hunet.co.kr/Education/Detail?gid=Y00317658,2026-09-30T00:00:00Z,INCLUDED,VERIFIED,"HUNET 직무교육 '채용을 디자인하라, 기업에 FIT한 인재 확보 전략'(인사·채용관리) 원문 실무 커리큘럼 부합"
HUNET,SQLITE_DB,Y00317659,1,SQL_HUNET_Y00317659,"엔지니어 채용의 모든 것, 테크 리크루팅 A TO Z",휴넷,인사(HR),인사·채용관리,,,,,,중급/실무,,https://hbs.hunet.co.kr/Education/Detail?gid=Y00317659,2026-09-30T00:00:00Z,INCLUDED,VERIFIED,"HUNET 직무교육 '엔지니어 채용의 모든 것, 테크 리크루팅 A TO Z'(인사·채용관리) 원문 실무 커리큘럼 부합"
HUNET,SQLITE_DB,Y00303172,1,SQL_HUNET_Y00303172,터닝포인트 팀장리더십 : 성과관리,휴넷,인사(HR),인사·평가보상,,,,,,중급/실무,,https://hbs.hunet.co.kr/Education/Detail?gid=Y00303172,2026-09-30T00:00:00Z,INCLUDED,VERIFIED,HUNET 직무교육 '터닝포인트 팀장리더십 : 성과관리'(인사·평가보상) 원문 실무 커리큘럼 부합
HUNET,SQLITE_DB,Y00311834,1,SQL_HUNET_Y00311834,ChatGPT를 활용한 프리젠테이션&기획서 순삭하기,휴넷,총무·사무행정,공통·사무기획,,,,,,중급/실무,,https://hbs.hunet.co.kr/Education/Detail?gid=Y00311834,2026-09-30T00:00:00Z,INCLUDED,VERIFIED,HUNET 직무교육 'ChatGPT를 활용한 프리젠테이션&기획서 순삭하기'(공통·사무기획) 원문 실무 커리큘럼 부합
HUNET,SQLITE_DB,Y00300119,1,SQL_HUNET_Y00300119,글쓰기가 두려운 직장인을 위한 비즈니스 글쓰기 공략zip,휴넷,총무·사무행정,공통·사무기획,,,,,,중급/실무,,https://hbs.hunet.co.kr/Education/Detail?gid=Y00300119,2026-09-30T00:00:00Z,INCLUDED,VERIFIED,HUNET 직무교육 '글쓰기가 두려운 직장인을 위한 비즈니스 글쓰기 공략zip'(공통·사무기획) 원문 실무 커리큘럼 부합
HUNET,SQLITE_DB,Y00298379,1,SQL_HUNET_Y00298379,컴팩트한 문서작성과 퍼펙트한 보고기법!,휴넷,총무·사무행정,공통·사무기획,,,,,,중급/실무,,https://hbs.hunet.co.kr/Education/Detail?gid=Y00298379,2026-09-30T00:00:00Z,INCLUDED,VERIFIED,HUNET 직무교육 '컴팩트한 문서작성과 퍼펙트한 보고기법!'(공통·사무기획) 원문 실무 커리큘럼 부합
HUNET,SQLITE_DB,Y00298381,1,SQL_HUNET_Y00298381,인재전쟁에서 승리하는 면접관 인터뷰 스킬,휴넷,인사(HR),인사·채용관리,,,,,,중급/실무,,https://hbs.hunet.co.kr/Education/Detail?gid=Y00298381,2026-09-30T00:00:00Z,INCLUDED,VERIFIED,HUNET 직무교육 '인재전쟁에서 승리하는 면접관 인터뷰 스킬'(인사·채용관리) 원문 실무 커리큘럼 부합
HUNET,SQLITE_DB,Y00271317,1,SQL_HUNET_Y00271317,"입사에서 퇴사까지, 직장인을 위한 노동법 이야기",휴넷,인사(HR),노무관리,,,,,,중급/실무,,https://hbs.hunet.co.kr/Education/Detail?gid=Y00271317,2026-09-30T00:00:00Z,INCLUDED,VERIFIED,"HUNET 직무교육 '입사에서 퇴사까지, 직장인을 위한 노동법 이야기'(노무관리) 원문 실무 커리큘럼 부합"
HUNET,SQLITE_DB,Y00269209,1,SQL_HUNET_Y00269209,인사평가체계 구축 및 운영 방법,휴넷,인사(HR),인사·평가보상,,,,,,중급/실무,,https://hbs.hunet.co.kr/Education/Detail?gid=Y00269209,2026-09-30T00:00:00Z,INCLUDED,VERIFIED,HUNET 직무교육 '인사평가체계 구축 및 운영 방법'(인사·평가보상) 원문 실무 커리큘럼 부합
HUNET,SQLITE_DB,Y00265994,1,SQL_HUNET_Y00265994,SSS급 확보를 위한 면접관 교육 (feat. AI 시뮬레이션),휴넷,인사(HR),인사·채용관리,,,,,,중급/실무,,https://hbs.hunet.co.kr/Education/Detail?gid=Y00265994,2026-09-30T00:00:00Z,INCLUDED,VERIFIED,HUNET 직무교육 'SSS급 확보를 위한 면접관 교육 (feat. AI 시뮬레이션)'(인사·채용관리) 원문 실무 커리큘럼 부합
HUNET,SQLITE_DB,Y00265995,1,SQL_HUNET_Y00265995,핵심인재를 부르는 고용주 브랜딩과 채용 경험 디자인,휴넷,인사(HR),인사·채용관리,,,,,,중급/실무,,https://hbs.hunet.co.kr/Education/Detail?gid=Y00265995,2026-09-30T00:00:00Z,INCLUDED,VERIFIED,HUNET 직무교육 '핵심인재를 부르는 고용주 브랜딩과 채용 경험 디자인'(인사·채용관리) 원문 실무 커리큘럼 부합
HUNET,SQLITE_DB,Y00265996,1,SQL_HUNET_Y00265996,"오늘 온 신입사원, 온보딩 전략 ON 하기",휴넷,인사(HR),인사·채용관리,,,,,,중급/실무,,https://hbs.hunet.co.kr/Education/Detail?gid=Y00265996,2026-09-30T00:00:00Z,INCLUDED,VERIFIED,"HUNET 직무교육 '오늘 온 신입사원, 온보딩 전략 ON 하기'(인사·채용관리) 원문 실무 커리큘럼 부합"
HUNET,SQLITE_DB,Y00260034,1,SQL_HUNET_Y00260034,SSS급 확보를 위한 면접관 교육,휴넷,인사(HR),인사·채용관리,,,,,,중급/실무,,https://hbs.hunet.co.kr/Education/Detail?gid=Y00260034,2026-09-30T00:00:00Z,INCLUDED,VERIFIED,HUNET 직무교육 'SSS급 확보를 위한 면접관 교육'(인사·채용관리) 원문 실무 커리큘럼 부합
HUNET,SQLITE_DB,Y00256639,1,SQL_HUNET_Y00256639,[레전드 스킬] 어쩐지 끌리는 사람의 비즈니스 매너,휴넷,총무·사무행정,비서·사무지원,,,,,,중급/실무,,https://hbs.hunet.co.kr/Education/Detail?gid=Y00256639,2026-09-30T00:00:00Z,INCLUDED,VERIFIED,HUNET 직무교육 '[레전드 스킬] 어쩐지 끌리는 사람의 비즈니스 매너'(비서·사무지원) 원문 실무 커리큘럼 부합
HUNET,SQLITE_DB,Y00245649,1,SQL_HUNET_Y00245649,핵심만 콕! 신입사원 온보딩,휴넷,인사(HR),인사·채용관리,,,,,,중급/실무,,https://hbs.hunet.co.kr/Education/Detail?gid=Y00245649,2026-09-30T00:00:00Z,INCLUDED,VERIFIED,HUNET 직무교육 '핵심만 콕! 신입사원 온보딩'(인사·채용관리) 원문 실무 커리큘럼 부합
HUNET,SQLITE_DB,Y00245653,1,SQL_HUNET_Y00245653,핵심만 콕! 비즈니스 글쓰기와 보고서 작성 노하우,휴넷,총무·사무행정,공통·사무기획,,,,,,중급/실무,,https://hbs.hunet.co.kr/Education/Detail?gid=Y00245653,2026-09-30T00:00:00Z,INCLUDED,VERIFIED,HUNET 직무교육 '핵심만 콕! 비즈니스 글쓰기와 보고서 작성 노하우'(공통·사무기획) 원문 실무 커리큘럼 부합
HUNET,SQLITE_DB,Y00216064,1,SQL_HUNET_Y00216064,[북러닝] 투잡하는 김 대리는 취업규칙을 위반했을까?(도서 제공),휴넷,인사(HR),노무관리,,,,,,중급/실무,,https://hbs.hunet.co.kr/Education/Detail?gid=Y00216064,2026-09-30T00:00:00Z,INCLUDED,VERIFIED,HUNET 직무교육 '[북러닝] 투잡하는 김 대리는 취업규칙을 위반했을까?(도서 제공)'(노무관리) 원문 실무 커리큘럼 부합
HUNET,SQLITE_DB,Y00183408,1,SQL_HUNET_Y00183408,[북러닝] 일잘러는 이렇게 일한다 - 일잘러의 보고서 작성법(도서 제공),휴넷,총무·사무행정,공통·사무기획,,,,,,중급/실무,,https://hbs.hunet.co.kr/Education/Detail?gid=Y00183408,2026-09-30T00:00:00Z,INCLUDED,VERIFIED,HUNET 직무교육 '[북러닝] 일잘러는 이렇게 일한다 - 일잘러의 보고서 작성법(도서 제공)'(공통·사무기획) 원문 실무 커리큘럼 부합
HUNET,SQLITE_DB,Y00161578,1,SQL_HUNET_Y00161578,"실례합니다만, 비즈니스 매너는 지켜주시겠어요?",휴넷,총무·사무행정,비서·사무지원,,,,,,중급/실무,,https://hbs.hunet.co.kr/Education/Detail?gid=Y00161578,2026-09-30T00:00:00Z,INCLUDED,VERIFIED,"HUNET 직무교육 '실례합니다만, 비즈니스 매너는 지켜주시겠어요?'(비서·사무지원) 원문 실무 커리큘럼 부합"
HUNET,SQLITE_DB,Y00161582,1,SQL_HUNET_Y00161582,[오늘부터 정시퇴근] 엑셀 실무 테크닉 - 일잘러의 보고서 작성편,휴넷,총무·사무행정,공통·사무기획,,,,,,중급/실무,,https://hbs.hunet.co.kr/Education/Detail?gid=Y00161582,2026-09-30T00:00:00Z,INCLUDED,VERIFIED,HUNET 직무교육 '[오늘부터 정시퇴근] 엑셀 실무 테크닉 - 일잘러의 보고서 작성편'(공통·사무기획) 원문 실무 커리큘럼 부합
HUNET,SQLITE_DB,Y00141106,1,SQL_HUNET_Y00141106,[카드뉴스] 슬기로운 기획생활 (기획서 작성부터 보고까지),휴넷,총무·사무행정,공통·사무기획,,,,,,중급/실무,,https://hbs.hunet.co.kr/Education/Detail?gid=Y00141106,2026-09-30T00:00:00Z,INCLUDED,VERIFIED,HUNET 직무교육 '[카드뉴스] 슬기로운 기획생활 (기획서 작성부터 보고까지)'(공통·사무기획) 원문 실무 커리큘럼 부합
HUNET,SQLITE_DB,Y00117074,1,SQL_HUNET_Y00117074,1 PAGE로 승부하라 : 강력한 한 장의 기획서,휴넷,총무·사무행정,공통·사무기획,,,,,,중급/실무,,https://hbs.hunet.co.kr/Education/Detail?gid=Y00117074,2026-09-30T00:00:00Z,INCLUDED,VERIFIED,HUNET 직무교육 '1 PAGE로 승부하라 : 강력한 한 장의 기획서'(공통·사무기획) 원문 실무 커리큘럼 부합
HUNET,SQLITE_DB,Y00030777,1,SQL_HUNET_Y00030777,전략적 인재 육성을 위한 HRD 에센스,휴넷,인사·총무공통,인사·조직관리,,,,,,고급/전문,,https://hbs.hunet.co.kr/Education/Detail?gid=Y00030777,2026-09-30T00:00:00Z,INCLUDED,VERIFIED,HUNET 직무교육 '전략적 인재 육성을 위한 HRD 에센스'(인사·조직관리) 원문 실무 커리큘럼 부합
HUNET,SQLITE_DB,Y00004543,1,SQL_HUNET_Y00004543,직장인을 위한 비즈니스 매너 에센스,휴넷,총무·사무행정,비서·사무지원,,,,,,중급/실무,,https://hbs.hunet.co.kr/Education/Detail?gid=Y00004543,2026-09-30T00:00:00Z,INCLUDED,VERIFIED,HUNET 직무교육 '직장인을 위한 비즈니스 매너 에센스'(비서·사무지원) 원문 실무 커리큘럼 부합
KMA,SQLITE_DB,110936,1,SQL_KMA_110936,[미국] HR Tech 2026 한국대표단,한국능률협회,인사·총무공통,인사·조직관리,,,,56.0,7.0,중급/실무,8900000.0,https://www.kma.or.kr/usrs/eduRegMgnt/eduRegInfoDetailForm.do?p_edutype_cd=002&p_crscd=110936&p_crsseq_id=124341&p_ctgry_id=576&p_hmpgcd=30&mkey=36344,2026-09-30T00:00:00Z,INCLUDED,VERIFIED,KMA 직무교육 '[미국] HR Tech 2026 한국대표단'(인사·조직관리) 원문 실무 커리큘럼 부합
KMA,SQLITE_DB,111429,1,SQL_KMA_111429,[여의도] 교육과정 기획과 개발,한국능률협회,인사(HR),인사·조직관리,,,,14.0,2.0,중급/실무,690000.0,https://www.kma.or.kr/usrs/eduRegMgnt/eduRegInfoDetailForm.do?p_edutype_cd=001&p_crscd=111429&p_crsseq_id=125909&p_ctgry_id=659&p_hmpgcd=30&mkey=37146,2026-09-30T00:00:00Z,INCLUDED,VERIFIED,KMA 직무교육 '[여의도] 교육과정 기획과 개발'(인사·조직관리) 원문 실무 커리큘럼 부합
KMA,SQLITE_DB,111431,1,SQL_KMA_111431,[여의도] [민간자격] 기업교육(HRD) 게이미피케이션 활용 스킬업,한국능률협회,인사·총무공통,인사·조직관리,,,,8.0,1.0,중급/실무,490000.0,https://www.kma.or.kr/usrs/eduRegMgnt/eduRegInfoDetailForm.do?p_edutype_cd=001&p_crscd=111431&p_crsseq_id=125920&p_ctgry_id=659&p_hmpgcd=30&mkey=37146,2026-09-30T00:00:00Z,INCLUDED,VERIFIED,KMA 직무교육 '[여의도] [민간자격] 기업교육(HRD) 게이미피케이션 활용 스킬업'(인사·조직관리) 원문 실무 커리큘럼 부합
KMA,SQLITE_DB,111203,1,SQL_KMA_111203,[강남] [민간자격] 기업교육(HRD) 게이미피케이션 활용 스킬업,한국능률협회,인사·총무공통,인사·조직관리,,,,8.0,1.0,중급/실무,490000.0,https://www.kma.or.kr/usrs/eduRegMgnt/eduRegInfoDetailForm.do?p_edutype_cd=001&p_crscd=111203&p_crsseq_id=124935&p_ctgry_id=659&p_hmpgcd=30&mkey=37146,2026-09-30T00:00:00Z,INCLUDED,VERIFIED,KMA 직무교육 '[강남] [민간자격] 기업교육(HRD) 게이미피케이션 활용 스킬업'(인사·조직관리) 원문 실무 커리큘럼 부합
KMA,SQLITE_DB,111455,1,SQL_KMA_111455,[여의도] 리더의 성과관리 핵심 매뉴얼,한국능률협회,인사(HR),인사·평가보상,,,,14.0,2.0,중급/실무,690000.0,https://www.kma.or.kr/usrs/eduRegMgnt/eduRegInfoDetailForm.do?p_edutype_cd=001&p_crscd=111455&p_crsseq_id=127447&p_ctgry_id=540&p_hmpgcd=30&mkey=36308,2026-09-30T00:00:00Z,INCLUDED,VERIFIED,KMA 직무교육 '[여의도] 리더의 성과관리 핵심 매뉴얼'(인사·평가보상) 원문 실무 커리큘럼 부합
KMA,SQLITE_DB,111454,1,SQL_KMA_111454,[여의도] 리더를 위한 차세대 성과관리 전략 &#39;피드포워드&#39;,한국능률협회,인사(HR),인사·평가보상,,,,7.0,1.0,중급/실무,490000.0,https://www.kma.or.kr/usrs/eduRegMgnt/eduRegInfoDetailForm.do?p_edutype_cd=001&p_crscd=111454&p_crsseq_id=126010&p_ctgry_id=540&p_hmpgcd=30&mkey=36308,2026-09-30T00:00:00Z,INCLUDED,VERIFIED,KMA 직무교육 '[여의도] 리더를 위한 차세대 성과관리 전략 &#39;피드포워드&#39;'(인사·평가보상) 원문 실무 커리큘럼 부합
KMA,SQLITE_DB,111663,1,SQL_KMA_111663,[여의도] 수시 경력입사자 온보딩,한국능률협회,인사(HR),인사·채용관리,,,,7.0,1.0,중급/실무,490000.0,https://www.kma.or.kr/usrs/eduRegMgnt/eduRegInfoDetailForm.do?p_edutype_cd=001&p_crscd=111663&p_crsseq_id=126808&p_ctgry_id=698&p_hmpgcd=30&mkey=37240,2026-09-30T00:00:00Z,INCLUDED,VERIFIED,KMA 직무교육 '[여의도] 수시 경력입사자 온보딩'(인사·채용관리) 원문 실무 커리큘럼 부합
KMA,SQLITE_DB,111391,1,SQL_KMA_111391,[여의도] 설득력 있는 실전 보고서 작성 스킬(with MS Office),한국능률협회,총무·사무행정,공통·사무기획,,,,14.0,2.0,중급/실무,690000.0,https://www.kma.or.kr/usrs/eduRegMgnt/eduRegInfoDetailForm.do?p_edutype_cd=001&p_crscd=111391&p_crsseq_id=125716&p_ctgry_id=557&p_hmpgcd=30&mkey=36325,2026-09-30T00:00:00Z,INCLUDED,VERIFIED,KMA 직무교육 '[여의도] 설득력 있는 실전 보고서 작성 스킬(with MS Office)'(공통·사무기획) 원문 실무 커리큘럼 부합
KMA,SQLITE_DB,112242,1,SQL_KMA_112242,[여의도] AI와 MS Office로 끝내는 기획·보고서 작성 실무,한국능률협회,총무·사무행정,공통·사무기획,,,,14.0,2.0,중급/실무,690000.0,https://www.kma.or.kr/usrs/eduRegMgnt/eduRegInfoDetailForm.do?p_edutype_cd=001&p_crscd=112242&p_crsseq_id=128239&p_ctgry_id=685&p_hmpgcd=30&mkey=37226,2026-09-30T00:00:00Z,INCLUDED,VERIFIED,KMA 직무교육 '[여의도] AI와 MS Office로 끝내는 기획·보고서 작성 실무'(공통·사무기획) 원문 실무 커리큘럼 부합
KMA,SQLITE_DB,111395,1,SQL_KMA_111395,[여의도] 정책보고서 작성의 길잡이,한국능률협회,총무·사무행정,공통·사무기획,,,,7.0,1.0,중급/실무,490000.0,https://www.kma.or.kr/usrs/eduRegMgnt/eduRegInfoDetailForm.do?p_edutype_cd=001&p_crscd=111395&p_crsseq_id=125734&p_ctgry_id=654&p_hmpgcd=30&mkey=37151,2026-09-30T00:00:00Z,INCLUDED,VERIFIED,KMA 직무교육 '[여의도] 정책보고서 작성의 길잡이'(공통·사무기획) 원문 실무 커리큘럼 부합
KMA,SQLITE_DB,111308,1,SQL_KMA_111308,[여의도] GPT-5 ∙ R ∙ Python을 활용한 빅데이터 분석 및 보고서 작성,한국능률협회,총무·사무행정,공통·사무기획,,,,14.0,2.0,중급/실무,690000.0,https://www.kma.or.kr/usrs/eduRegMgnt/eduRegInfoDetailForm.do?p_edutype_cd=001&p_crscd=111308&p_crsseq_id=125269&p_ctgry_id=568&p_hmpgcd=30&mkey=36336,2026-09-30T00:00:00Z,INCLUDED,VERIFIED,KMA 직무교육 '[여의도] GPT-5 ∙ R ∙ Python을 활용한 빅데이터 분석 및 보고서 작성'(공통·사무기획) 원문 실무 커리큘럼 부합
KMA,SQLITE_DB,111156,1,SQL_KMA_111156,[여의도] 생성형 AI 엑셀/PPT 보고서 작성,한국능률협회,총무·사무행정,공통·사무기획,,,,7.0,1.0,중급/실무,490000.0,https://www.kma.or.kr/usrs/eduRegMgnt/eduRegInfoDetailForm.do?p_edutype_cd=001&p_crscd=111156&p_crsseq_id=124678&p_ctgry_id=685&p_hmpgcd=30&mkey=37226,2026-09-30T00:00:00Z,INCLUDED,VERIFIED,KMA 직무교육 '[여의도] 생성형 AI 엑셀/PPT 보고서 작성'(공통·사무기획) 원문 실무 커리큘럼 부합
KMA,SQLITE_DB,111157,1,SQL_KMA_111157,[여의도] AI로 더 빠른! 일잘러의 원페이지 보고서 작성 비법,한국능률협회,총무·사무행정,공통·사무기획,,,,14.0,2.0,중급/실무,690000.0,https://www.kma.or.kr/usrs/eduRegMgnt/eduRegInfoDetailForm.do?p_edutype_cd=001&p_crscd=111157&p_crsseq_id=124689&p_ctgry_id=685&p_hmpgcd=30&mkey=37226,2026-09-30T00:00:00Z,INCLUDED,VERIFIED,KMA 직무교육 '[여의도] AI로 더 빠른! 일잘러의 원페이지 보고서 작성 비법'(공통·사무기획) 원문 실무 커리큘럼 부합
KMA,SQLITE_DB,111399,1,SQL_KMA_111399,[여의도] 맥킨지 방식의 비즈니스 보고서 작성 스킬,한국능률협회,총무·사무행정,공통·사무기획,,,,14.0,2.0,중급/실무,690000.0,https://www.kma.or.kr/usrs/eduRegMgnt/eduRegInfoDetailForm.do?p_edutype_cd=001&p_crscd=111399&p_crsseq_id=125760&p_ctgry_id=557&p_hmpgcd=30&mkey=36325,2026-09-30T00:00:00Z,INCLUDED,VERIFIED,KMA 직무교육 '[여의도] 맥킨지 방식의 비즈니스 보고서 작성 스킬'(공통·사무기획) 원문 실무 커리큘럼 부합
KMA,SQLITE_DB,111158,1,SQL_KMA_111158,[여의도] 일잘러의 AI 활용 기획 및 기획서 작성 A to Z,한국능률협회,총무·사무행정,공통·사무기획,,,,14.0,2.0,중급/실무,690000.0,https://www.kma.or.kr/usrs/eduRegMgnt/eduRegInfoDetailForm.do?p_edutype_cd=001&p_crscd=111158&p_crsseq_id=124696&p_ctgry_id=685&p_hmpgcd=30&mkey=37226,2026-09-30T00:00:00Z,INCLUDED,VERIFIED,KMA 직무교육 '[여의도] 일잘러의 AI 활용 기획 및 기획서 작성 A to Z'(공통·사무기획) 원문 실무 커리큘럼 부합
KMA,SQLITE_DB,111215,1,SQL_KMA_111215,[비대면] AI로 더 빠른! 일잘러의 원페이지 보고서 작성 비법,한국능률협회,총무·사무행정,공통·사무기획,,,,14.0,2.0,중급/실무,590000.0,https://www.kma.or.kr/usrs/eduRegMgnt/eduRegInfoDetailForm.do?p_edutype_cd=001&p_crscd=111215&p_crsseq_id=124953&p_ctgry_id=685&p_hmpgcd=30&mkey=37226,2026-09-30T00:00:00Z,INCLUDED,VERIFIED,KMA 직무교육 '[비대면] AI로 더 빠른! 일잘러의 원페이지 보고서 작성 비법'(공통·사무기획) 원문 실무 커리큘럼 부합
KMA,SQLITE_DB,111216,1,SQL_KMA_111216,[비대면] 일잘러의 AI 활용 기획 및 기획서 작성 A to Z,한국능률협회,총무·사무행정,공통·사무기획,,,,14.0,2.0,중급/실무,590000.0,https://www.kma.or.kr/usrs/eduRegMgnt/eduRegInfoDetailForm.do?p_edutype_cd=001&p_crscd=111216&p_crsseq_id=124955&p_ctgry_id=685&p_hmpgcd=30&mkey=37226,2026-09-30T00:00:00Z,INCLUDED,VERIFIED,KMA 직무교육 '[비대면] 일잘러의 AI 활용 기획 및 기획서 작성 A to Z'(공통·사무기획) 원문 실무 커리큘럼 부합
KMA,SQLITE_DB,111394,1,SQL_KMA_111394,[여의도] 맥킨지컨설팅 방식의 비즈니스 보고서 작성 실무,한국능률협회,총무·사무행정,공통·사무기획,,,,14.0,2.0,중급/실무,690000.0,https://www.kma.or.kr/usrs/eduRegMgnt/eduRegInfoDetailForm.do?p_edutype_cd=001&p_crscd=111394&p_crsseq_id=125732&p_ctgry_id=557&p_hmpgcd=30&mkey=36325,2026-09-30T00:00:00Z,INCLUDED,VERIFIED,KMA 직무교육 '[여의도] 맥킨지컨설팅 방식의 비즈니스 보고서 작성 실무'(공통·사무기획) 원문 실무 커리큘럼 부합
KMA,SQLITE_DB,111398,1,SQL_KMA_111398,[여의도] 한번에 통하는 원페이지 보고서 작성 실무,한국능률협회,총무·사무행정,공통·사무기획,,,,14.0,2.0,중급/실무,690000.0,https://www.kma.or.kr/usrs/eduRegMgnt/eduRegInfoDetailForm.do?p_edutype_cd=001&p_crscd=111398&p_crsseq_id=125754&p_ctgry_id=557&p_hmpgcd=30&mkey=36325,2026-09-30T00:00:00Z,INCLUDED,VERIFIED,KMA 직무교육 '[여의도] 한번에 통하는 원페이지 보고서 작성 실무'(공통·사무기획) 원문 실무 커리큘럼 부합
KMA,SQLITE_DB,112195,1,SQL_KMA_112195,[여의도] 한번에 통하는 원페이지 보고서 작성 스킬 (with AI),한국능률협회,총무·사무행정,공통·사무기획,,,,14.0,2.0,중급/실무,690000.0,https://www.kma.or.kr/usrs/eduRegMgnt/eduRegInfoDetailForm.do?p_edutype_cd=001&p_crscd=112195&p_crsseq_id=128027&p_ctgry_id=561&p_hmpgcd=30&mkey=36329,2026-09-30T00:00:00Z,INCLUDED,VERIFIED,KMA 직무교육 '[여의도] 한번에 통하는 원페이지 보고서 작성 스킬 (with AI)'(공통·사무기획) 원문 실무 커리큘럼 부합
KMA,SQLITE_DB,112193,1,SQL_KMA_112193,[여의도] 맥킨지컨설팅 방식의 비즈니스 보고서 작성 실무 (with AI),한국능률협회,총무·사무행정,공통·사무기획,,,,14.0,2.0,중급/실무,690000.0,https://www.kma.or.kr/usrs/eduRegMgnt/eduRegInfoDetailForm.do?p_edutype_cd=001&p_crscd=112193&p_crsseq_id=128018&p_ctgry_id=561&p_hmpgcd=30&mkey=36329,2026-09-30T00:00:00Z,INCLUDED,VERIFIED,KMA 직무교육 '[여의도] 맥킨지컨설팅 방식의 비즈니스 보고서 작성 실무 (with AI)'(공통·사무기획) 원문 실무 커리큘럼 부합
KMA,SQLITE_DB,112092,1,SQL_KMA_112092,[여의도] 업무를 혁신하는 생성형AI 활용 텍스트 분석과 보고서 작성,한국능률협회,총무·사무행정,공통·사무기획,,,,12.0,2.0,중급/실무,720000.0,https://www.kma.or.kr/usrs/eduRegMgnt/eduRegInfoDetailForm.do?p_edutype_cd=001&p_crscd=112092&p_crsseq_id=127495&p_ctgry_id=568&p_hmpgcd=30&mkey=36336,2026-09-30T00:00:00Z,INCLUDED,VERIFIED,KMA 직무교육 '[여의도] 업무를 혁신하는 생성형AI 활용 텍스트 분석과 보고서 작성'(공통·사무기획) 원문 실무 커리큘럼 부합
KMA,SQLITE_DB,111870,1,SQL_KMA_111870,"[여의도] AI 활용, 기획안 설득력 · 기획서 전달력 마스터",한국능률협회,총무·사무행정,공통·사무기획,,,,7.0,1.0,중급/실무,490000.0,https://www.kma.or.kr/usrs/eduRegMgnt/eduRegInfoDetailForm.do?p_edutype_cd=001&p_crscd=111870&p_crsseq_id=127436&p_ctgry_id=698&p_hmpgcd=30&mkey=37240,2026-09-30T00:00:00Z,INCLUDED,VERIFIED,"KMA 직무교육 '[여의도] AI 활용, 기획안 설득력 · 기획서 전달력 마스터'(공통·사무기획) 원문 실무 커리큘럼 부합"
KMA,SQLITE_DB,111311,1,SQL_KMA_111311,"[여의도] 웹 데이터(논문, 뉴스, 특허) 수집 및 비정형 보고서 작성 실무",한국능률협회,총무·사무행정,공통·사무기획,,,,12.0,2.0,중급/실무,690000.0,https://www.kma.or.kr/usrs/eduRegMgnt/eduRegInfoDetailForm.do?p_edutype_cd=001&p_crscd=111311&p_crsseq_id=125282&p_ctgry_id=568&p_hmpgcd=30&mkey=36336,2026-09-30T00:00:00Z,INCLUDED,VERIFIED,"KMA 직무교육 '[여의도] 웹 데이터(논문, 뉴스, 특허) 수집 및 비정형 보고서 작성 실무'(공통·사무기획) 원문 실무 커리큘럼 부합"
KMA,SQLITE_DB,112095,1,SQL_KMA_112095,[여의도] 클릭만으로 배우는 생성형 AI 빅데이터 분석 및 보고서 작성 (with 크롬확장프로그램),한국능률협회,총무·사무행정,공통·사무기획,,,,14.0,2.0,중급/실무,690000.0,https://www.kma.or.kr/usrs/eduRegMgnt/eduRegInfoDetailForm.do?p_edutype_cd=001&p_crscd=112095&p_crsseq_id=127512&p_ctgry_id=568&p_hmpgcd=30&mkey=36336,2026-09-30T00:00:00Z,INCLUDED,VERIFIED,KMA 직무교육 '[여의도] 클릭만으로 배우는 생성형 AI 빅데이터 분석 및 보고서 작성 (with 크롬확장프로그램)'(공통·사무기획) 원문 실무 커리큘럼 부합
KMA,SQLITE_DB,112093,1,SQL_KMA_112093,"[여의도] 웹 데이터(논문, 뉴스, 특허) 수집 및 보고서 작성 (with 크롬확장프로그램)",한국능률협회,총무·사무행정,공통·사무기획,,,,12.0,2.0,중급/실무,690000.0,https://www.kma.or.kr/usrs/eduRegMgnt/eduRegInfoDetailForm.do?p_edutype_cd=001&p_crscd=112093&p_crsseq_id=127503&p_ctgry_id=568&p_hmpgcd=30&mkey=36336,2026-09-30T00:00:00Z,INCLUDED,VERIFIED,"KMA 직무교육 '[여의도] 웹 데이터(논문, 뉴스, 특허) 수집 및 보고서 작성 (with 크롬확장프로그램)'(공통·사무기획) 원문 실무 커리큘럼 부합"
KMA,SQLITE_DB,111553,1,SQL_KMA_111553,[여의도] 공공기관 실무자를 위한 보고서 작성 실무,한국능률협회,총무·사무행정,공통·사무기획,,,,14.0,2.0,중급/실무,690000.0,https://www.kma.or.kr/usrs/eduRegMgnt/eduRegInfoDetailForm.do?p_edutype_cd=001&p_crscd=111553&p_crsseq_id=126304&p_ctgry_id=654&p_hmpgcd=30&mkey=37151,2026-09-30T00:00:00Z,INCLUDED,VERIFIED,KMA 직무교육 '[여의도] 공공기관 실무자를 위한 보고서 작성 실무'(공통·사무기획) 원문 실무 커리큘럼 부합
KMA,SQLITE_DB,111290,1,SQL_KMA_111290,[여의도] AI기반 금융 데이터 분석 및 보고서 작성 자동화,한국능률협회,총무·사무행정,공통·사무기획,,,,7.0,1.0,중급/실무,490000.0,https://www.kma.or.kr/usrs/eduRegMgnt/eduRegInfoDetailForm.do?p_edutype_cd=001&p_crscd=111290&p_crsseq_id=125201&p_ctgry_id=686&p_hmpgcd=30&mkey=37227,2026-09-30T00:00:00Z,INCLUDED,VERIFIED,KMA 직무교육 '[여의도] AI기반 금융 데이터 분석 및 보고서 작성 자동화'(공통·사무기획) 원문 실무 커리큘럼 부합
KMA,SQLITE_DB,111186,1,SQL_KMA_111186,[여의도] HRD 전략과 교육체계 수립,한국능률협회,인사·총무공통,인사·조직관리,,,,14.0,2.0,중급/실무,640000.0,https://www.kma.or.kr/usrs/eduRegMgnt/eduRegInfoDetailForm.do?p_edutype_cd=001&p_crscd=111186&p_crsseq_id=124850&p_ctgry_id=659&p_hmpgcd=30&mkey=37146,2026-09-30T00:00:00Z,INCLUDED,VERIFIED,KMA 직무교육 '[여의도] HRD 전략과 교육체계 수립'(인사·조직관리) 원문 실무 커리큘럼 부합
KMA,SQLITE_DB,111662,1,SQL_KMA_111662,[여의도] HRD 성과평가 실무,한국능률협회,인사·총무공통,인사·조직관리,,,,7.0,1.0,중급/실무,490000.0,https://www.kma.or.kr/usrs/eduRegMgnt/eduRegInfoDetailForm.do?p_edutype_cd=001&p_crscd=111662&p_crsseq_id=126804&p_ctgry_id=659&p_hmpgcd=30&mkey=37146,2026-09-30T00:00:00Z,INCLUDED,VERIFIED,KMA 직무교육 '[여의도] HRD 성과평가 실무'(인사·조직관리) 원문 실무 커리큘럼 부합
KMA,SQLITE_DB,111450,1,SQL_KMA_111450,[여의도] 안정적인 노사관계를 위한 노동법 및 노사협의회 운영 실무,한국능률협회,인사(HR),노무관리,,,,7.0,1.0,중급/실무,490000.0,https://www.kma.or.kr/usrs/eduRegMgnt/eduRegInfoDetailForm.do?p_edutype_cd=001&p_crscd=111450&p_crsseq_id=125998&p_ctgry_id=661&p_hmpgcd=30&mkey=37148,2026-09-30T00:00:00Z,INCLUDED,VERIFIED,KMA 직무교육 '[여의도] 안정적인 노사관계를 위한 노동법 및 노사협의회 운영 실무'(노무관리) 원문 실무 커리큘럼 부합
KMA,SQLITE_DB,111439,1,SQL_KMA_111439,[여의도] 인사담당자가 꼭 알아야 할 면접스킬,한국능률협회,인사(HR),인사·채용관리,,,,12.0,2.0,중급/실무,690000.0,https://www.kma.or.kr/usrs/eduRegMgnt/eduRegInfoDetailForm.do?p_edutype_cd=001&p_crscd=111439&p_crsseq_id=125958&p_ctgry_id=661&p_hmpgcd=30&mkey=37148,2026-09-30T00:00:00Z,INCLUDED,VERIFIED,KMA 직무교육 '[여의도] 인사담당자가 꼭 알아야 할 면접스킬'(인사·채용관리) 원문 실무 커리큘럼 부합
KMA,SQLITE_DB,111438,1,SQL_KMA_111438,[여의도] 채용 법률과 트렌드: 실무자 필수 가이드,한국능률협회,인사(HR),인사·채용관리,,,,4.0,1.0,중급/실무,390000.0,https://www.kma.or.kr/usrs/eduRegMgnt/eduRegInfoDetailForm.do?p_edutype_cd=001&p_crscd=111438&p_crsseq_id=125954&p_ctgry_id=661&p_hmpgcd=30&mkey=37148,2026-09-30T00:00:00Z,INCLUDED,VERIFIED,KMA 직무교육 '[여의도] 채용 법률과 트렌드: 실무자 필수 가이드'(인사·채용관리) 원문 실무 커리큘럼 부합
KMA,SQLITE_DB,111440,1,SQL_KMA_111440,[여의도] 채용면접위원 양성,한국능률협회,인사(HR),인사·채용관리,,,,12.0,2.0,중급/실무,690000.0,https://www.kma.or.kr/usrs/eduRegMgnt/eduRegInfoDetailForm.do?p_edutype_cd=001&p_crscd=111440&p_crsseq_id=125961&p_ctgry_id=661&p_hmpgcd=30&mkey=37148,2026-09-30T00:00:00Z,INCLUDED,VERIFIED,KMA 직무교육 '[여의도] 채용면접위원 양성'(인사·채용관리) 원문 실무 커리큘럼 부합
KMA,SQLITE_DB,111205,1,SQL_KMA_111205,"[강남] 성과 향상을 위한 인사평가(성과평가, 다면평가) 면담 Skill",한국능률협회,인사(HR),인사·평가보상,,,,7.0,1.0,중급/실무,490000.0,https://www.kma.or.kr/usrs/eduRegMgnt/eduRegInfoDetailForm.do?p_edutype_cd=001&p_crscd=111205&p_crsseq_id=124937&p_ctgry_id=698&p_hmpgcd=30&mkey=37240,2026-09-30T00:00:00Z,INCLUDED,VERIFIED,"KMA 직무교육 '[강남] 성과 향상을 위한 인사평가(성과평가, 다면평가) 면담 Skill'(인사·평가보상) 원문 실무 커리큘럼 부합"
KMA,SQLITE_DB,112331,1,SQL_KMA_112331,[여의도] 안정적인 노사관계를 위한 노동법 및 노사협의회 운영실무,한국능률협회,인사(HR),노무관리,,,,7.0,1.0,중급/실무,490000.0,https://www.kma.or.kr/usrs/eduRegMgnt/eduRegInfoDetailForm.do?p_edutype_cd=001&p_crscd=112331&p_crsseq_id=128542&p_ctgry_id=661&p_hmpgcd=30&mkey=37148,2026-09-30T00:00:00Z,INCLUDED,VERIFIED,KMA 직무교육 '[여의도] 안정적인 노사관계를 위한 노동법 및 노사협의회 운영실무'(노무관리) 원문 실무 커리큘럼 부합
KMA,SQLITE_DB,112029,1,SQL_KMA_112029,[온라인][자격] 채용면접전문가,한국능률협회,인사(HR),인사·채용관리,,,,4.0,30.0,고급/전문,300000.0,https://www.kma.or.kr/usrs/eduRegMgnt/eduRegInfoDetailForm.do?p_edutype_cd=002&p_crscd=112029&p_crsseq_id=127366&p_ctgry_id=664&p_hmpgcd=30&mkey=37172,2026-09-30T00:00:00Z,INCLUDED,VERIFIED,KMA 직무교육 '[온라인][자격] 채용면접전문가'(인사·채용관리) 원문 실무 커리큘럼 부합
KMA,SQLITE_DB,110300,1,SQL_KMA_110300,[자격][온라인] 채용전문면접관,한국능률협회,인사(HR),인사·채용관리,,,,7.0,30.0,중급/실무,300000.0,https://www.kma.or.kr/usrs/eduRegMgnt/eduRegInfoDetailForm.do?p_edutype_cd=002&p_crscd=110300&p_crsseq_id=126735&p_ctgry_id=665&p_hmpgcd=30&mkey=37170,2026-09-30T00:00:00Z,INCLUDED,VERIFIED,KMA 직무교육 '[자격][온라인] 채용전문면접관'(인사·채용관리) 원문 실무 커리큘럼 부합
KMA,SQLITE_DB,112121,1,SQL_KMA_112121,"[비대면] AI 시대, 실무에 바로 쓰는 공문서 및 보고서 작성 실무",한국능률협회,총무·사무행정,공통·사무기획,,,,3.0,1.0,중급/실무,350000.0,https://www.kma.or.kr/usrs/eduRegMgnt/eduRegInfoDetailForm.do?p_edutype_cd=001&p_crscd=112121&p_crsseq_id=127624&p_ctgry_id=685&p_hmpgcd=30&mkey=37226,2026-09-30T00:00:00Z,INCLUDED,VERIFIED,"KMA 직무교육 '[비대면] AI 시대, 실무에 바로 쓰는 공문서 및 보고서 작성 실무'(공통·사무기획) 원문 실무 커리큘럼 부합"
KPC,SQLITE_DB,47493,1,SQL_KPC_47493,공공기관 보고서 작성 Total Skill Up(Feat. AI & 한글),한국생산성본부,총무·사무행정,공통·사무기획,,,,14.0,2.0,중급/실무,590000.0,https://www.kpc.or.kr/PTWED003_dtil_view.do?ecno=47493&cono=151289,2026-09-30T00:00:00Z,INCLUDED,VERIFIED,KPC 직무교육 '공공기관 보고서 작성 Total Skill Up(Feat. AI & 한글)'(공통·사무기획) 원문 실무 커리큘럼 부합
KPC,SQLITE_DB,46981,1,SQL_KPC_46981,[온앤오프] 인사관리기본,한국생산성본부,인사(HR),인사·조직관리,,,,18.0,3.0,중급/실무,700000.0,https://www.kpc.or.kr/PTWED003_dtil_view.do?ecno=46981&cono=149644,2026-09-30T00:00:00Z,INCLUDED,VERIFIED,KPC 직무교육 '[온앤오프] 인사관리기본'(인사·조직관리) 원문 실무 커리큘럼 부합
KPC,SQLITE_DB,47024,1,SQL_KPC_47024,고충처리 실무(성희롱 · 괴롭힘) (feat. 조사보고서 작성까지),한국생산성본부,총무·사무행정,공통·사무기획,,,,12.0,2.0,중급/실무,600000.0,https://www.kpc.or.kr/PTWED003_dtil_view.do?ecno=47024&cono=149792,2026-09-30T00:00:00Z,INCLUDED,VERIFIED,KPC 직무교육 '고충처리 실무(성희롱 · 괴롭힘) (feat. 조사보고서 작성까지)'(공통·사무기획) 원문 실무 커리큘럼 부합
KPC,SQLITE_DB,46984,1,SQL_KPC_46984,[온앤오프] 인사담당자를 위한 노동법 완전정복,한국생산성본부,인사(HR),노무관리,,,,18.0,3.0,중급/실무,700000.0,https://www.kpc.or.kr/PTWED003_dtil_view.do?ecno=46984&cono=157559,2026-09-30T00:00:00Z,INCLUDED,VERIFIED,KPC 직무교육 '[온앤오프] 인사담당자를 위한 노동법 완전정복'(노무관리) 원문 실무 커리큘럼 부합
KPC,SQLITE_DB,47312,1,SQL_KPC_47312,[HRD] 역량기반 교육체계 및 인재육성 로드맵 구축,한국생산성본부,인사(HR),인사·조직관리,,,,14.0,2.0,중급/실무,570000.0,https://www.kpc.or.kr/PTWED003_dtil_view.do?ecno=47312&cono=151171,2026-09-30T00:00:00Z,INCLUDED,VERIFIED,KPC 직무교육 '[HRD] 역량기반 교육체계 및 인재육성 로드맵 구축'(인사·조직관리) 원문 실무 커리큘럼 부합
KPC,SQLITE_DB,48201,1,SQL_KPC_48201,[AI] 관리자를 위한 AI활용 성과관리 역량향상,한국생산성본부,인사(HR),인사·평가보상,,,,7.0,1.0,중급/실무,470000.0,https://www.kpc.or.kr/PTWED003_dtil_view.do?ecno=48201&cono=155503,2026-09-30T00:00:00Z,INCLUDED,VERIFIED,KPC 직무교육 '[AI] 관리자를 위한 AI활용 성과관리 역량향상'(인사·평가보상) 원문 실무 커리큘럼 부합
KPC,SQLITE_DB,47021,1,SQL_KPC_47021,[DX&AI] 채용 분석 실무,한국생산성본부,인사(HR),인사·채용관리,,,,7.0,1.0,중급/실무,360000.0,https://www.kpc.or.kr/PTWED003_dtil_view.do?ecno=47021&cono=157542,2026-09-30T00:00:00Z,INCLUDED,VERIFIED,KPC 직무교육 '[DX&AI] 채용 분석 실무'(인사·채용관리) 원문 실무 커리큘럼 부합
KPC,SQLITE_DB,47484,1,SQL_KPC_47484,1Page 보고서 작성(실무),한국생산성본부,총무·사무행정,공통·사무기획,,,,7.0,1.0,중급/실무,420000.0,https://www.kpc.or.kr/PTWED003_dtil_view.do?ecno=47484&cono=151251,2026-09-30T00:00:00Z,INCLUDED,VERIFIED,KPC 직무교육 '1Page 보고서 작성(실무)'(공통·사무기획) 원문 실무 커리큘럼 부합
KPC,SQLITE_DB,48450,1,SQL_KPC_48450,두산_인사 전문가_성과중심 인사평가,한국생산성본부,인사(HR),인사·평가보상,,,,14.0,2.0,고급/전문,0.0,https://www.kpc.or.kr/PTWED003_dtil_view.do?ecno=48450&cono=156250,2026-09-30T00:00:00Z,INCLUDED,VERIFIED,KPC 직무교육 '두산_인사 전문가_성과중심 인사평가'(인사·평가보상) 원문 실무 커리큘럼 부합
KPC,SQLITE_DB,46996,1,SQL_KPC_46996,[온앤오프] 근로기준법실무,한국생산성본부,인사(HR),노무관리,,,,18.0,3.0,중급/실무,700000.0,https://www.kpc.or.kr/PTWED003_dtil_view.do?ecno=46996&cono=149756,2026-09-30T00:00:00Z,INCLUDED,VERIFIED,KPC 직무교육 '[온앤오프] 근로기준법실무'(노무관리) 원문 실무 커리큘럼 부합
KPC,SQLITE_DB,47489,1,SQL_KPC_47489,비즈니스문서작성실무,한국생산성본부,총무·사무행정,공통·사무기획,,,,18.0,3.0,중급/실무,680000.0,https://www.kpc.or.kr/PTWED003_dtil_view.do?ecno=47489&cono=151271,2026-09-30T00:00:00Z,INCLUDED,VERIFIED,KPC 직무교육 '비즈니스문서작성실무'(공통·사무기획) 원문 실무 커리큘럼 부합
KPC,SQLITE_DB,47464,1,SQL_KPC_47464,글로벌 비즈니스 매너,한국생산성본부,총무·사무행정,비서·사무지원,,,,7.0,1.0,중급/실무,360000.0,https://www.kpc.or.kr/PTWED003_dtil_view.do?ecno=47464&cono=151642,2026-09-30T00:00:00Z,INCLUDED,VERIFIED,KPC 직무교육 '글로벌 비즈니스 매너'(비서·사무지원) 원문 실무 커리큘럼 부합
KPC,SQLITE_DB,47303,1,SQL_KPC_47303,[HRD] [사례중심] HRD실무역량 강화,한국생산성본부,인사·총무공통,인사·조직관리,,,,14.0,2.0,중급/실무,570000.0,https://www.kpc.or.kr/PTWED003_dtil_view.do?ecno=47303&cono=151162,2026-09-30T00:00:00Z,INCLUDED,VERIFIED,KPC 직무교육 '[HRD] [사례중심] HRD실무역량 강화'(인사·조직관리) 원문 실무 커리큘럼 부합
KPC,SQLITE_DB,47123,1,SQL_KPC_47123,[AI 직무혁신] 부실기업의 재무적 특징과 보고서 작성실무,한국생산성본부,총무·사무행정,공통·사무기획,,,,7.0,1.0,중급/실무,300000.0,https://www.kpc.or.kr/PTWED003_dtil_view.do?ecno=47123&cono=150018,2026-09-30T00:00:00Z,INCLUDED,VERIFIED,KPC 직무교육 '[AI 직무혁신] 부실기업의 재무적 특징과 보고서 작성실무'(공통·사무기획) 원문 실무 커리큘럼 부합
KPC,SQLITE_DB,47257,1,SQL_KPC_47257,[1Day] 인사담당자를 위한 계약서 완전정복,한국생산성본부,인사(HR),인사·조직관리,,,,6.0,1.0,중급/실무,370000.0,https://www.kpc.or.kr/PTWED003_dtil_view.do?ecno=47257&cono=151739,2026-09-30T00:00:00Z,INCLUDED,VERIFIED,KPC 직무교육 '[1Day] 인사담당자를 위한 계약서 완전정복'(인사·조직관리) 원문 실무 커리큘럼 부합
KPC,SQLITE_DB,48405,1,SQL_KPC_48405,[AI] [HRD] 교육담당자를 위한 AI프롬프트 엔지니어링,한국생산성본부,인사·총무공통,인사·조직관리,,,,7.0,1.0,중급/실무,470000.0,https://www.kpc.or.kr/PTWED003_dtil_view.do?ecno=48405&cono=156077,2026-09-30T00:00:00Z,INCLUDED,VERIFIED,KPC 직무교육 '[AI] [HRD] 교육담당자를 위한 AI프롬프트 엔지니어링'(인사·조직관리) 원문 실무 커리큘럼 부합
KPC,SQLITE_DB,46676,1,SQL_KPC_46676,[온앤오프] 기획담당자를 위한 전략기획서 작성실무,한국생산성본부,총무·사무행정,공통·사무기획,,,,18.0,3.0,중급/실무,740000.0,https://www.kpc.or.kr/PTWED003_dtil_view.do?ecno=46676&cono=148500,2026-09-30T00:00:00Z,INCLUDED,VERIFIED,KPC 직무교육 '[온앤오프] 기획담당자를 위한 전략기획서 작성실무'(공통·사무기획) 원문 실무 커리큘럼 부합
KPC,SQLITE_DB,47017,1,SQL_KPC_47017,노동위원회 사례로 배우는 노무관리실무,한국생산성본부,인사(HR),노무관리,,,,14.0,2.0,중급/실무,600000.0,https://www.kpc.or.kr/PTWED003_dtil_view.do?ecno=47017&cono=149799,2026-09-30T00:00:00Z,INCLUDED,VERIFIED,KPC 직무교육 '노동위원회 사례로 배우는 노무관리실무'(노무관리) 원문 실무 커리큘럼 부합
KPC,SQLITE_DB,46681,1,SQL_KPC_46681,[AI WORKS] ChatGPT 활용 전략기획서 작성 실무,한국생산성본부,총무·사무행정,공통·사무기획,,,,7.0,1.0,중급/실무,450000.0,https://www.kpc.or.kr/PTWED003_dtil_view.do?ecno=46681&cono=148456,2026-09-30T00:00:00Z,INCLUDED,VERIFIED,KPC 직무교육 '[AI WORKS] ChatGPT 활용 전략기획서 작성 실무'(공통·사무기획) 원문 실무 커리큘럼 부합
KPC,SQLITE_DB,47011,1,SQL_KPC_47011,우수인재 선발을 위한 면접관 역량개발,한국생산성본부,인사(HR),인사·채용관리,,,,7.0,1.0,중급/실무,360000.0,https://www.kpc.or.kr/PTWED003_dtil_view.do?ecno=47011&cono=157556,2026-09-30T00:00:00Z,INCLUDED,VERIFIED,KPC 직무교육 '우수인재 선발을 위한 면접관 역량개발'(인사·채용관리) 원문 실무 커리큘럼 부합
KPC,SQLITE_DB,49013,1,SQL_KPC_49013,[하루완성] 설득력 있는 보고서 작성 핵심 스킬,한국생산성본부,총무·사무행정,공통·사무기획,,,,7.0,1.0,중급/실무,420000.0,https://www.kpc.or.kr/PTWED003_dtil_view.do?ecno=49013&cono=157935,2026-09-30T00:00:00Z,INCLUDED,VERIFIED,KPC 직무교육 '[하루완성] 설득력 있는 보고서 작성 핵심 스킬'(공통·사무기획) 원문 실무 커리큘럼 부합
KPC,SQLITE_DB,49312,1,SQL_KPC_49312,2026년 KPC HRD 트렌드 세미나(무료),한국생산성본부,인사·총무공통,인사·조직관리,,,,3.0,1.0,중급/실무,0.0,https://www.kpc.or.kr/PTWED003_dtil_view.do?ecno=49312&cono=159001,2026-09-30T00:00:00Z,INCLUDED,VERIFIED,KPC 직무교육 '2026년 KPC HRD 트렌드 세미나(무료)'(인사·조직관리) 원문 실무 커리큘럼 부합
KPC,SQLITE_DB,47005,1,SQL_KPC_47005,2026년 하루에 배우는 최신노무관리 Essence,한국생산성본부,인사(HR),노무관리,,,,7.0,1.0,중급/실무,360000.0,https://www.kpc.or.kr/PTWED003_dtil_view.do?ecno=47005&cono=156435,2026-09-30T00:00:00Z,INCLUDED,VERIFIED,KPC 직무교육 '2026년 하루에 배우는 최신노무관리 Essence'(노무관리) 원문 실무 커리큘럼 부합
KPC,SQLITE_DB,47302,1,SQL_KPC_47302,[HRD] [Advanced] HRD전문가 양성과정,한국생산성본부,인사·총무공통,인사·조직관리,,,,21.0,3.0,고급/전문,730000.0,https://www.kpc.or.kr/PTWED003_dtil_view.do?ecno=47302&cono=151141,2026-09-30T00:00:00Z,INCLUDED,VERIFIED,KPC 직무교육 '[HRD] [Advanced] HRD전문가 양성과정'(인사·조직관리) 원문 실무 커리큘럼 부합
KPC,SQLITE_DB,47306,1,SQL_KPC_47306,[HRD] 교육기획 및 운영실무,한국생산성본부,인사·총무공통,인사·조직관리,,,,18.0,3.0,중급/실무,670000.0,https://www.kpc.or.kr/PTWED003_dtil_view.do?ecno=47306&cono=151157,2026-09-30T00:00:00Z,INCLUDED,VERIFIED,KPC 직무교육 '[HRD] 교육기획 및 운영실무'(인사·조직관리) 원문 실무 커리큘럼 부합
KPC,SQLITE_DB,46982,1,SQL_KPC_46982,[온앤오프] 인사관리종합,한국생산성본부,인사(HR),인사·조직관리,,,,18.0,3.0,중급/실무,700000.0,https://www.kpc.or.kr/PTWED003_dtil_view.do?ecno=46982&cono=149636,2026-09-30T00:00:00Z,INCLUDED,VERIFIED,KPC 직무교육 '[온앤오프] 인사관리종합'(인사·조직관리) 원문 실무 커리큘럼 부합
KPC,SQLITE_DB,48871,1,SQL_KPC_48871,"[1Day] 인사평가 트랜드, 절대평가와 Calibration Meeting",한국생산성본부,인사(HR),인사·평가보상,,,,7.0,1.0,중급/실무,0.0,https://www.kpc.or.kr/PTWED003_dtil_view.do?ecno=48871&cono=157540,2026-09-30T00:00:00Z,INCLUDED,VERIFIED,"KPC 직무교육 '[1Day] 인사평가 트랜드, 절대평가와 Calibration Meeting'(인사·평가보상) 원문 실무 커리큘럼 부합"
KPC,SQLITE_DB,47001,1,SQL_KPC_47001,[온앤오프] 근로기준법 기본해설,한국생산성본부,인사(HR),노무관리,,,,18.0,3.0,중급/실무,700000.0,https://www.kpc.or.kr/PTWED003_dtil_view.do?ecno=47001&cono=149763,2026-09-30T00:00:00Z,INCLUDED,VERIFIED,KPC 직무교육 '[온앤오프] 근로기준법 기본해설'(노무관리) 원문 실무 커리큘럼 부합
KPC,SQLITE_DB,47841,1,SQL_KPC_47841,"(ChatGPT 활용) 마케팅 보고서 작성 실무 (분석, 보고서, PPT 작성까지)(지역)",한국생산성본부,총무·사무행정,공통·사무기획,,,,7.0,1.0,중급/실무,290000.0,https://www.kpc.or.kr/PTWED003_dtil_view.do?ecno=47841&cono=153109,2026-09-30T00:00:00Z,INCLUDED,VERIFIED,"KPC 직무교육 '(ChatGPT 활용) 마케팅 보고서 작성 실무 (분석, 보고서, PPT 작성까지)(지역)'(공통·사무기획) 원문 실무 커리큘럼 부합"
KPC,SQLITE_DB,47301,1,SQL_KPC_47301,[온보딩] 슬기로운 조직생활,한국생산성본부,인사(HR),인사·채용관리,,,,14.0,2.0,중급/실무,570000.0,https://www.kpc.or.kr/PTWED003_dtil_view.do?ecno=47301&cono=158546,2026-09-30T00:00:00Z,INCLUDED,VERIFIED,KPC 직무교육 '[온보딩] 슬기로운 조직생활'(인사·채용관리) 원문 실무 커리큘럼 부합
KPC,SQLITE_DB,46979,1,SQL_KPC_46979,[온앤오프] HR·GA 온보딩 패키지,한국생산성본부,인사(HR),인사·채용관리,,,,14.0,2.0,중급/실무,600000.0,https://www.kpc.or.kr/PTWED003_dtil_view.do?ecno=46979&cono=157552,2026-09-30T00:00:00Z,INCLUDED,VERIFIED,KPC 직무교육 '[온앤오프] HR·GA 온보딩 패키지'(인사·채용관리) 원문 실무 커리큘럼 부합
KPC,SQLITE_DB,46980,1,SQL_KPC_46980,성과관리실무,한국생산성본부,인사(HR),인사·평가보상,,,,18.0,3.0,중급/실무,700000.0,https://www.kpc.or.kr/PTWED003_dtil_view.do?ecno=46980&cono=149684,2026-09-30T00:00:00Z,INCLUDED,VERIFIED,KPC 직무교육 '성과관리실무'(인사·평가보상) 원문 실무 커리큘럼 부합
KPC,SQLITE_DB,47362,1,SQL_KPC_47362,1page 연구보고서 작성 노하우,한국생산성본부,총무·사무행정,공통·사무기획,,,,7.0,1.0,중급/실무,290000.0,https://www.kpc.or.kr/PTWED003_dtil_view.do?ecno=47362&cono=157458,2026-09-30T00:00:00Z,INCLUDED,VERIFIED,KPC 직무교육 '1page 연구보고서 작성 노하우'(공통·사무기획) 원문 실무 커리큘럼 부합
KPC,SQLITE_DB,46976,1,SQL_KPC_46976,인사평가시스템 구축실무,한국생산성본부,인사(HR),인사·평가보상,,,,18.0,3.0,중급/실무,700000.0,https://www.kpc.or.kr/PTWED003_dtil_view.do?ecno=46976&cono=157561,2026-09-30T00:00:00Z,INCLUDED,VERIFIED,KPC 직무교육 '인사평가시스템 구축실무'(인사·평가보상) 원문 실무 커리큘럼 부합
KPC,SQLITE_DB,46714,1,SQL_KPC_46714,[AI WORKS] AI 활용 ESG 보고서 작성 효율화,한국생산성본부,총무·사무행정,공통·사무기획,,,,7.0,1.0,중급/실무,420000.0,https://www.kpc.or.kr/PTWED003_dtil_view.do?ecno=46714&cono=148678,2026-09-30T00:00:00Z,INCLUDED,VERIFIED,KPC 직무교육 '[AI WORKS] AI 활용 ESG 보고서 작성 효율화'(공통·사무기획) 원문 실무 커리큘럼 부합
KPC,SQLITE_DB,47487,1,SQL_KPC_47487,엑셀을 활용한 보고서 작성,한국생산성본부,총무·사무행정,공통·사무기획,,,,7.0,1.0,중급/실무,420000.0,https://www.kpc.or.kr/PTWED003_dtil_view.do?ecno=47487&cono=151301,2026-09-30T00:00:00Z,INCLUDED,VERIFIED,KPC 직무교육 '엑셀을 활용한 보고서 작성'(공통·사무기획) 원문 실무 커리큘럼 부합
KPC,SQLITE_DB,47354,1,SQL_KPC_47354,연구데이터 분석 및 보고서 작성(데이터로 말하기),한국생산성본부,총무·사무행정,공통·사무기획,,,,14.0,2.0,중급/실무,550000.0,https://www.kpc.or.kr/PTWED003_dtil_view.do?ecno=47354&cono=151869,2026-09-30T00:00:00Z,INCLUDED,VERIFIED,KPC 직무교육 '연구데이터 분석 및 보고서 작성(데이터로 말하기)'(공통·사무기획) 원문 실무 커리큘럼 부합
KPC,SQLITE_DB,47022,1,SQL_KPC_47022,[DX&AI] 평가보상 설계 실무(밀코비치 기반),한국생산성본부,인사(HR),인사·평가보상,,,,7.0,1.0,중급/실무,360000.0,https://www.kpc.or.kr/PTWED003_dtil_view.do?ecno=47022&cono=157545,2026-09-30T00:00:00Z,INCLUDED,VERIFIED,KPC 직무교육 '[DX&AI] 평가보상 설계 실무(밀코비치 기반)'(인사·평가보상) 원문 실무 커리큘럼 부합
KPC,SQLITE_DB,47648,1,SQL_KPC_47648,영업이익분석 및 성과관리 실무 (생성형 AI 활용),한국생산성본부,인사(HR),인사·평가보상,,,,14.0,2.0,중급/실무,580000.0,https://www.kpc.or.kr/PTWED003_dtil_view.do?ecno=47648&cono=153286,2026-09-30T00:00:00Z,INCLUDED,VERIFIED,KPC 직무교육 '영업이익분석 및 성과관리 실무 (생성형 AI 활용)'(인사·평가보상) 원문 실무 커리큘럼 부합
KPC,SQLITE_DB,46645,1,SQL_KPC_46645,[온앤오프] 공공기관 경영평가 보고서 작성실무,한국생산성본부,총무·사무행정,공통·사무기획,,,,14.0,2.0,중급/실무,760000.0,https://www.kpc.or.kr/PTWED003_dtil_view.do?ecno=46645&cono=148637,2026-09-30T00:00:00Z,INCLUDED,VERIFIED,KPC 직무교육 '[온앤오프] 공공기관 경영평가 보고서 작성실무'(공통·사무기획) 원문 실무 커리큘럼 부합
KPC,SQLITE_DB,47307,1,SQL_KPC_47307,[HRD] HRD담당자 기본,한국생산성본부,인사·총무공통,인사·조직관리,,,,18.0,3.0,중급/실무,670000.0,https://www.kpc.or.kr/PTWED003_dtil_view.do?ecno=47307&cono=151147,2026-09-30T00:00:00Z,INCLUDED,VERIFIED,KPC 직무교육 '[HRD] HRD담당자 기본'(인사·조직관리) 원문 실무 커리큘럼 부합
KPC,SQLITE_DB,46995,1,SQL_KPC_46995,[온앤오프] 채용에서 퇴직까지 법률문제,한국생산성본부,인사(HR),인사·채용관리,,,,18.0,3.0,중급/실무,700000.0,https://www.kpc.or.kr/PTWED003_dtil_view.do?ecno=46995&cono=149744,2026-09-30T00:00:00Z,INCLUDED,VERIFIED,KPC 직무교육 '[온앤오프] 채용에서 퇴직까지 법률문제'(인사·채용관리) 원문 실무 커리큘럼 부합
KPC,SQLITE_DB,47304,1,SQL_KPC_47304,[HRD] 교육평가 및 결과보고서 작성실무,한국생산성본부,총무·사무행정,공통·사무기획,,,,14.0,2.0,중급/실무,570000.0,https://www.kpc.or.kr/PTWED003_dtil_view.do?ecno=47304&cono=151168,2026-09-30T00:00:00Z,INCLUDED,VERIFIED,KPC 직무교육 '[HRD] 교육평가 및 결과보고서 작성실무'(공통·사무기획) 원문 실무 커리큘럼 부합
KPC,SQLITE_DB,46698,1,SQL_KPC_46698,"ESG, 지속가능경영보고서 작성실무",한국생산성본부,총무·사무행정,공통·사무기획,,,,14.0,2.0,중급/실무,740000.0,https://www.kpc.or.kr/PTWED003_dtil_view.do?ecno=46698&cono=148682,2026-09-30T00:00:00Z,INCLUDED,VERIFIED,"KPC 직무교육 'ESG, 지속가능경영보고서 작성실무'(공통·사무기획) 원문 실무 커리큘럼 부합"
KPC,SQLITE_DB,47366,1,SQL_KPC_47366,ChatGPT로 배우는 R&D 기획서 작성 실무,한국생산성본부,총무·사무행정,공통·사무기획,,,,14.0,2.0,중급/실무,550000.0,https://www.kpc.or.kr/PTWED003_dtil_view.do?ecno=47366&cono=151859,2026-09-30T00:00:00Z,INCLUDED,VERIFIED,KPC 직무교육 'ChatGPT로 배우는 R&D 기획서 작성 실무'(공통·사무기획) 원문 실무 커리큘럼 부합
KPC,SQLITE_DB,47305,1,SQL_KPC_47305,[HRD] 직무분석을 활용한 교육프로그램 개발,한국생산성본부,인사·총무공통,인사·조직관리,,,,14.0,2.0,중급/실무,560000.0,https://www.kpc.or.kr/PTWED003_dtil_view.do?ecno=47305&cono=151165,2026-09-30T00:00:00Z,INCLUDED,VERIFIED,KPC 직무교육 '[HRD] 직무분석을 활용한 교육프로그램 개발'(인사·조직관리) 원문 실무 커리큘럼 부합
KPC,SQLITE_DB,47003,1,SQL_KPC_47003,[온앤오프] 현장에서 알아야 하는 노무관리 솔루션,한국생산성본부,인사(HR),노무관리,,,,18.0,3.0,중급/실무,700000.0,https://www.kpc.or.kr/PTWED003_dtil_view.do?ecno=47003&cono=149790,2026-09-30T00:00:00Z,INCLUDED,VERIFIED,KPC 직무교육 '[온앤오프] 현장에서 알아야 하는 노무관리 솔루션'(노무관리) 원문 실무 커리큘럼 부합
KPC,SQLITE_DB,47009,1,SQL_KPC_47009,[온앤오프] 노동법 핵심해설,한국생산성본부,인사(HR),노무관리,,,,18.0,3.0,중급/실무,700000.0,https://www.kpc.or.kr/PTWED003_dtil_view.do?ecno=47009&cono=149734,2026-09-30T00:00:00Z,INCLUDED,VERIFIED,KPC 직무교육 '[온앤오프] 노동법 핵심해설'(노무관리) 원문 실무 커리큘럼 부합
KPC,SQLITE_DB,46993,1,SQL_KPC_46993,[인력계획부터 육성까지] 인사기획실무,한국생산성본부,인사(HR),인사·조직관리,,,,18.0,3.0,중급/실무,700000.0,https://www.kpc.or.kr/PTWED003_dtil_view.do?ecno=46993&cono=149657,2026-09-30T00:00:00Z,INCLUDED,VERIFIED,KPC 직무교육 '[인력계획부터 육성까지] 인사기획실무'(인사·조직관리) 원문 실무 커리큘럼 부합
KPC,SQLITE_DB,47210,1,SQL_KPC_47210,구성원을 성장시키는 성과관리 리더십,한국생산성본부,인사(HR),인사·평가보상,,,,14.0,2.0,중급/실무,570000.0,https://www.kpc.or.kr/PTWED003_dtil_view.do?ecno=47210&cono=150994,2026-09-30T00:00:00Z,INCLUDED,VERIFIED,KPC 직무교육 '구성원을 성장시키는 성과관리 리더십'(인사·평가보상) 원문 실무 커리큘럼 부합
KPC,SQLITE_DB,47016,1,SQL_KPC_47016,노동법 쟁점 88선 해설,한국생산성본부,인사(HR),노무관리,,,,14.0,2.0,중급/실무,600000.0,https://www.kpc.or.kr/PTWED003_dtil_view.do?ecno=47016&cono=149794,2026-09-30T00:00:00Z,INCLUDED,VERIFIED,KPC 직무교육 '노동법 쟁점 88선 해설'(노무관리) 원문 실무 커리큘럼 부합
KPC,SQLITE_DB,46998,1,SQL_KPC_46998,Case Story와 함께하는 노무관리,한국생산성본부,인사(HR),노무관리,,,,14.0,2.0,중급/실무,600000.0,https://www.kpc.or.kr/PTWED003_dtil_view.do?ecno=46998&cono=149779,2026-09-30T00:00:00Z,INCLUDED,VERIFIED,KPC 직무교육 'Case Story와 함께하는 노무관리'(노무관리) 원문 실무 커리큘럼 부합
KPC,SQLITE_DB,48063,1,SQL_KPC_48063,[HRD] [사례중심] 신규 HRD담당자를 위한 1DAY 핵심 스킬업,한국생산성본부,인사·총무공통,인사·조직관리,,,,7.0,1.0,중급/실무,470000.0,https://www.kpc.or.kr/PTWED003_dtil_view.do?ecno=48063&cono=156114,2026-09-30T00:00:00Z,INCLUDED,VERIFIED,KPC 직무교육 '[HRD] [사례중심] 신규 HRD담당자를 위한 1DAY 핵심 스킬업'(인사·조직관리) 원문 실무 커리큘럼 부합
KPC,SQLITE_DB,47322,1,SQL_KPC_47322,[AI] [HRD] 디지털트렌스포메이션 In HRD(Feat.AI),한국생산성본부,인사·총무공통,인사·조직관리,,,,7.0,1.0,중급/실무,470000.0,https://www.kpc.or.kr/PTWED003_dtil_view.do?ecno=47322&cono=156998,2026-09-30T00:00:00Z,INCLUDED,VERIFIED,KPC 직무교육 '[AI] [HRD] 디지털트렌스포메이션 In HRD(Feat.AI)'(인사·조직관리) 원문 실무 커리큘럼 부합
KPC,SQLITE_DB,48106,1,SQL_KPC_48106,[HRD] 조직 성장을 이끄는 HRD전략과 트렌드 기반 교육계획수립,한국생산성본부,인사·총무공통,인사·조직관리,,,,7.0,1.0,중급/실무,470000.0,https://www.kpc.or.kr/PTWED003_dtil_view.do?ecno=48106&cono=155195,2026-09-30T00:00:00Z,INCLUDED,VERIFIED,KPC 직무교육 '[HRD] 조직 성장을 이끄는 HRD전략과 트렌드 기반 교육계획수립'(인사·조직관리) 원문 실무 커리큘럼 부합
KPC,SQLITE_DB,48545,1,SQL_KPC_48545,[1Day] 마케팅 보고서 작성 실무(ChatGPT 활용),한국생산성본부,총무·사무행정,공통·사무기획,,,,7.0,1.0,중급/실무,400000.0,https://www.kpc.or.kr/PTWED003_dtil_view.do?ecno=48545&cono=156696,2026-09-30T00:00:00Z,INCLUDED,VERIFIED,KPC 직무교육 '[1Day] 마케팅 보고서 작성 실무(ChatGPT 활용)'(공통·사무기획) 원문 실무 커리큘럼 부합
KPC,SQLITE_DB,48884,1,SQL_KPC_48884,보고서 작성 Total Skill Up(Feat. AI),한국생산성본부,총무·사무행정,공통·사무기획,,,,14.0,2.0,중급/실무,670000.0,https://www.kpc.or.kr/PTWED003_dtil_view.do?ecno=48884&cono=157582,2026-09-30T00:00:00Z,INCLUDED,VERIFIED,KPC 직무교육 '보고서 작성 Total Skill Up(Feat. AI)'(공통·사무기획) 원문 실무 커리큘럼 부합
KPC,SQLITE_DB,47006,1,SQL_KPC_47006,[온앤오프] 노무분쟁 예방을 위한 전략적 노무관리,한국생산성본부,인사(HR),노무관리,,,,18.0,3.0,고급/전문,700000.0,https://www.kpc.or.kr/PTWED003_dtil_view.do?ecno=47006&cono=149777,2026-09-30T00:00:00Z,INCLUDED,VERIFIED,KPC 직무교육 '[온앤오프] 노무분쟁 예방을 위한 전략적 노무관리'(노무관리) 원문 실무 커리큘럼 부합
KPC,SQLITE_DB,46649,1,SQL_KPC_46649,[온앤오프] 공공기관 ESG 보고서 작성실무,한국생산성본부,총무·사무행정,공통·사무기획,,,,14.0,2.0,중급/실무,760000.0,https://www.kpc.or.kr/PTWED003_dtil_view.do?ecno=46649&cono=148642,2026-09-30T00:00:00Z,INCLUDED,VERIFIED,KPC 직무교육 '[온앤오프] 공공기관 ESG 보고서 작성실무'(공통·사무기획) 원문 실무 커리큘럼 부합
KPC,SQLITE_DB,47692,1,SQL_KPC_47692,"(ChatGPT 활용) 마케팅 보고서 작성 실무 (분석, 보고서, PPT 작성까지)",한국생산성본부,총무·사무행정,공통·사무기획,,,,7.0,1.0,중급/실무,290000.0,https://www.kpc.or.kr/PTWED003_dtil_view.do?ecno=47692&cono=153107,2026-09-30T00:00:00Z,INCLUDED,VERIFIED,"KPC 직무교육 '(ChatGPT 활용) 마케팅 보고서 작성 실무 (분석, 보고서, PPT 작성까지)'(공통·사무기획) 원문 실무 커리큘럼 부합"
KPC,SQLITE_DB,46991,1,SQL_KPC_46991,2026년 인사담당자를 위한 채용트렌드 분석 및 전략,한국생산성본부,인사(HR),인사·채용관리,,,,7.0,1.0,중급/실무,360000.0,https://www.kpc.or.kr/PTWED003_dtil_view.do?ecno=46991&cono=157551,2026-09-30T00:00:00Z,INCLUDED,VERIFIED,KPC 직무교육 '2026년 인사담당자를 위한 채용트렌드 분석 및 전략'(인사·채용관리) 원문 실무 커리큘럼 부합
KPC,SQLITE_DB,46702,1,SQL_KPC_46702,기후공시 전략 수립 및 보고서 작성 실무,한국생산성본부,총무·사무행정,공통·사무기획,,,,14.0,2.0,중급/실무,740000.0,https://www.kpc.or.kr/PTWED003_dtil_view.do?ecno=46702&cono=148686,2026-09-30T00:00:00Z,INCLUDED,VERIFIED,KPC 직무교육 '기후공시 전략 수립 및 보고서 작성 실무'(공통·사무기획) 원문 실무 커리큘럼 부합
MULTICAMPUS,SQLITE_DB,FA00A0,1,SQL_MULTICAMPUS_FA00A0,[Live] 한 장 보고서 작성의 기술,멀티캠퍼스,총무·사무행정,공통·사무기획,,,,7.0,,중급/실무,350000.0,https://m.multicampus.com/course/crsDetail?corsCd=FA00A0,2026-09-30T00:00:00Z,INCLUDED,VERIFIED,MULTICAMPUS 직무교육 '[Live] 한 장 보고서 작성의 기술'(공통·사무기획) 원문 실무 커리큘럼 부합
MULTICAMPUS,SQLITE_DB,FA015O,1,SQL_MULTICAMPUS_FA015O,[Ctrl+AI] 생성형AI를 활용한 실무 문서작성 AtoZ,멀티캠퍼스,총무·사무행정,공통·사무기획,,,,14.0,2.0,중급/실무,750000.0,https://m.multicampus.com/course/crsDetail?corsCd=FA015O,2026-09-30T00:00:00Z,INCLUDED,VERIFIED,MULTICAMPUS 직무교육 '[Ctrl+AI] 생성형AI를 활용한 실무 문서작성 AtoZ'(공통·사무기획) 원문 실무 커리큘럼 부합
MULTICAMPUS,SQLITE_DB,Q29940,1,SQL_MULTICAMPUS_Q29940,한 장 보고서 작성의 기술,멀티캠퍼스,총무·사무행정,공통·사무기획,,,,8.0,1.0,중급/실무,350000.0,https://m.multicampus.com/course/crsDetail?corsCd=Q29940,2026-09-30T00:00:00Z,INCLUDED,VERIFIED,MULTICAMPUS 직무교육 '한 장 보고서 작성의 기술'(공통·사무기획) 원문 실무 커리큘럼 부합
MULTICAMPUS,SQLITE_DB,FB00A4,1,SQL_MULTICAMPUS_FB00A4,[패스트트랙] 신입 온보딩 과정,멀티캠퍼스,인사(HR),인사·채용관리,,,,14.0,2.0,중급/실무,600000.0,https://m.multicampus.com/course/crsDetail?corsCd=FB00A4,2026-09-30T00:00:00Z,INCLUDED,VERIFIED,MULTICAMPUS 직무교육 '[패스트트랙] 신입 온보딩 과정'(인사·채용관리) 원문 실무 커리큘럼 부합
MULTICAMPUS,SQLITE_DB,FB00A5,1,SQL_MULTICAMPUS_FB00A5,[패스트트랙] 신입 온보딩 과정-관계관리 편,멀티캠퍼스,인사(HR),인사·채용관리,,,,7.0,,중급/실무,350000.0,https://m.multicampus.com/course/crsDetail?corsCd=FB00A5,2026-09-30T00:00:00Z,INCLUDED,VERIFIED,MULTICAMPUS 직무교육 '[패스트트랙] 신입 온보딩 과정-관계관리 편'(인사·채용관리) 원문 실무 커리큘럼 부합
MULTICAMPUS,SQLITE_DB,FB00A6,1,SQL_MULTICAMPUS_FB00A6,[패스트트랙] 신입 온보딩 과정-업무관리 편,멀티캠퍼스,인사(HR),인사·채용관리,,,,7.0,,중급/실무,350000.0,https://m.multicampus.com/course/crsDetail?corsCd=FB00A6,2026-09-30T00:00:00Z,INCLUDED,VERIFIED,MULTICAMPUS 직무교육 '[패스트트랙] 신입 온보딩 과정-업무관리 편'(인사·채용관리) 원문 실무 커리큘럼 부합
MULTICAMPUS,SQLITE_DB,EA09X3,1,SQL_MULTICAMPUS_EA09X3,[리더의 격]조직을 성공으로 이끄는 성과관리 디테일(참고도서제공),멀티캠퍼스,인사(HR),인사·평가보상,,,,5.0,,중급/실무,100000.0,https://m.multicampus.com/course/crsDetail?corsCd=EA09X3,2026-09-30T00:00:00Z,INCLUDED,VERIFIED,MULTICAMPUS 직무교육 '[리더의 격]조직을 성공으로 이끄는 성과관리 디테일(참고도서제공)'(인사·평가보상) 원문 실무 커리큘럼 부합
MULTICAMPUS,SQLITE_DB,EA0D0U,1,SQL_MULTICAMPUS_EA0D0U,신뢰받는 중간 관리자의 역량-성과관리 편,멀티캠퍼스,인사(HR),인사·평가보상,,,,8.0,,중급/실무,140000.0,https://m.multicampus.com/course/crsDetail?corsCd=EA0D0U,2026-09-30T00:00:00Z,INCLUDED,VERIFIED,MULTICAMPUS 직무교육 '신뢰받는 중간 관리자의 역량-성과관리 편'(인사·평가보상) 원문 실무 커리큘럼 부합
MULTICAMPUS,SQLITE_DB,FA01P1,1,SQL_MULTICAMPUS_FA01P1,"인사관리, AI로 업그레이드",멀티캠퍼스,인사(HR),인사·조직관리,,,,14.0,,중급/실무,700000.0,https://m.multicampus.com/course/crsDetail?corsCd=FA01P1,2026-09-30T00:00:00Z,INCLUDED,VERIFIED,"MULTICAMPUS 직무교육 '인사관리, AI로 업그레이드'(인사·조직관리) 원문 실무 커리큘럼 부합"
MULTICAMPUS,SQLITE_DB,FA01U8,1,SQL_MULTICAMPUS_FA01U8,AI로 완성하는 한 장 보고서 작성,멀티캠퍼스,총무·사무행정,공통·사무기획,,,,7.0,1.0,중급/실무,400000.0,https://m.multicampus.com/course/crsDetail?corsCd=FA01U8,2026-09-30T00:00:00Z,INCLUDED,VERIFIED,MULTICAMPUS 직무교육 'AI로 완성하는 한 장 보고서 작성'(공통·사무기획) 원문 실무 커리큘럼 부합
MULTICAMPUS,SQLITE_DB,FA01LB,1,SQL_MULTICAMPUS_FA01LB,AI로 완성하는 리더의 성과관리,멀티캠퍼스,인사(HR),인사·평가보상,,,,7.0,1.0,중급/실무,500000.0,https://m.multicampus.com/course/crsDetail?corsCd=FA01LB,2026-09-30T00:00:00Z,INCLUDED,VERIFIED,MULTICAMPUS 직무교육 'AI로 완성하는 리더의 성과관리'(인사·평가보상) 원문 실무 커리큘럼 부합
