instance_key,competency_id,mapping_type,evidence_text,confidence_score
ACG20243000973001_324,COMP_SEC_01,과정명·소분류코드 대조 매핑,과정명 '알베르토와 함께하는 글로벌 비즈니스 매너' 및 NCS코드 02040302(비서·사무지원) 기반 비즈니스 에티켓·태도(Attitude) 역량 연결,0.95
ACG20243001004189_245,COMP_GA_01,과정명·NCS 0201사무행정 대조 매핑,"과정명 '기획력, 어떻게 끌리는 플랜을 세울 것인가?' 및 NCS코드 02010101(일반사무) 기반 문서작성·기획 기술(Skill) 역량 연결",0.9
ACG20243001050108_7,COMP_UNMAPPED,검토대상(인사·총무 비핵심),NCS 분류(10020203)가 인사·총무(0201~0204) 범위 밖이거나 타 직무(기술·간호·소방 등)로 KSA 매핑 보류,0.0
ACG20243001028388_5,COMP_UNMAPPED,검토대상(인사·총무 비핵심),NCS 분류(01010201)가 인사·총무(0201~0204) 범위 밖이거나 타 직무(기술·간호·소방 등)로 KSA 매핑 보류,0.0
ACG20243001003252_252,COMP_UNMAPPED,검토대상(인사·총무 비핵심),NCS 분류(06020201)가 인사·총무(0201~0204) 범위 밖이거나 타 직무(기술·간호·소방 등)로 KSA 매핑 보류,0.0
ACG20243001011498_31,COMP_UNMAPPED,검토대상(인사·총무 비핵심),NCS 분류(05020101)가 인사·총무(0201~0204) 범위 밖이거나 타 직무(기술·간호·소방 등)로 KSA 매핑 보류,0.0
ACG20243001035937_7,COMP_UNMAPPED,검토대상(인사·총무 비핵심),NCS 분류(04030101)가 인사·총무(0201~0204) 범위 밖이거나 타 직무(기술·간호·소방 등)로 KSA 매핑 보류,0.0
ACG20243001052020_28,COMP_UNMAPPED,검토대상(인사·총무 비핵심),NCS 분류(14040301)가 인사·총무(0201~0204) 범위 밖이거나 타 직무(기술·간호·소방 등)로 KSA 매핑 보류,0.0
ACG20243000994801_261,COMP_SEC_01,과정명·소분류코드 대조 매핑,과정명 '물류비관리와 공장물류' 및 NCS코드 02040301(비서·사무지원) 기반 비즈니스 에티켓·태도(Attitude) 역량 연결,0.95
ACG20243001026443_119,COMP_UNMAPPED,검토대상(인사·총무 비핵심),NCS 분류(02010301)가 인사·총무(0201~0204) 범위 밖이거나 타 직무(기술·간호·소방 등)로 KSA 매핑 보류,0.0
ACG20243001010743_21,COMP_UNMAPPED,검토대상(인사·총무 비핵심),NCS 분류(10030102)가 인사·총무(0201~0204) 범위 밖이거나 타 직무(기술·간호·소방 등)로 KSA 매핑 보류,0.0
ACG20243000974726_338,COMP_UNMAPPED,검토대상(인사·총무 비핵심),NCS 분류(02010301)가 인사·총무(0201~0204) 범위 밖이거나 타 직무(기술·간호·소방 등)로 KSA 매핑 보류,0.0
ACG20243001035769_93,COMP_UNMAPPED,검토대상(인사·총무 비핵심),NCS 분류(20010601)가 인사·총무(0201~0204) 범위 밖이거나 타 직무(기술·간호·소방 등)로 KSA 매핑 보류,0.0
ACG20243001058601_1,COMP_UNMAPPED,검토대상(인사·총무 비핵심),NCS 분류(20020110)가 인사·총무(0201~0204) 범위 밖이거나 타 직무(기술·간호·소방 등)로 KSA 매핑 보류,0.0
ACG20243001023775_19,COMP_UNMAPPED,검토대상(인사·총무 비핵심),NCS 분류(19010601)가 인사·총무(0201~0204) 범위 밖이거나 타 직무(기술·간호·소방 등)로 KSA 매핑 보류,0.0
ACG20243001026470_119,COMP_UNMAPPED,검토대상(인사·총무 비핵심),NCS 분류(19010601)가 인사·총무(0201~0204) 범위 밖이거나 타 직무(기술·간호·소방 등)로 KSA 매핑 보류,0.0
ACG20243001020721_156,COMP_UNMAPPED,검토대상(인사·총무 비핵심),NCS 분류(06010114)가 인사·총무(0201~0204) 범위 밖이거나 타 직무(기술·간호·소방 등)로 KSA 매핑 보류,0.0
ACG20243001052043_4,COMP_UNMAPPED,검토대상(인사·총무 비핵심),NCS 분류(11010101)가 인사·총무(0201~0204) 범위 밖이거나 타 직무(기술·간호·소방 등)로 KSA 매핑 보류,0.0
ACG20243001035736_93,COMP_UNMAPPED,검토대상(인사·총무 비핵심),NCS 분류(20010202)가 인사·총무(0201~0204) 범위 밖이거나 타 직무(기술·간호·소방 등)로 KSA 매핑 보류,0.0
ACG20243000979770_46,COMP_UNMAPPED,검토대상(인사·총무 비핵심),NCS 분류(05020101)가 인사·총무(0201~0204) 범위 밖이거나 타 직무(기술·간호·소방 등)로 KSA 매핑 보류,0.0
ABA20243000983062_296,COMP_MGMT_01,과정명·NCS 0101프로젝트관리 대조 매핑,과정명 '애자일 프로젝트 실무(입문)' 및 NCS코드 01010102(프로젝트관리) 기반 애자일 스프린트·일정관리 기술(Skill) 역량 연결,0.88
ABA20243000999206_4,COMP_UNMAPPED,검토대상(인사·총무 비핵심),NCS 분류(02010101)가 인사·총무(0201~0204) 범위 밖이거나 타 직무(기술·간호·소방 등)로 KSA 매핑 보류,0.0
ABA20243000999421_4,COMP_UNMAPPED,검토대상(인사·총무 비핵심),NCS 분류(15040102)가 인사·총무(0201~0204) 범위 밖이거나 타 직무(기술·간호·소방 등)로 KSA 매핑 보류,0.0
ABA20243001012797_203,COMP_UNMAPPED,검토대상(인사·총무 비핵심),NCS 분류(20010107)가 인사·총무(0201~0204) 범위 밖이거나 타 직무(기술·간호·소방 등)로 KSA 매핑 보류,0.0
ABA20243001045717_58,COMP_UNMAPPED,검토대상(인사·총무 비핵심),NCS 분류(02010201)가 인사·총무(0201~0204) 범위 밖이거나 타 직무(기술·간호·소방 등)로 KSA 매핑 보류,0.0
ABA20243001014702_4,COMP_UNMAPPED,검토대상(인사·총무 비핵심),NCS 분류(02010301)가 인사·총무(0201~0204) 범위 밖이거나 타 직무(기술·간호·소방 등)로 KSA 매핑 보류,0.0
ABA20243001025042_140,COMP_UNMAPPED,검토대상(인사·총무 비핵심),NCS 분류(20010601)가 인사·총무(0201~0204) 범위 밖이거나 타 직무(기술·간호·소방 등)로 KSA 매핑 보류,0.0
ABA20243001055424_1,COMP_UNMAPPED,검토대상(인사·총무 비핵심),NCS 분류(20010204)가 인사·총무(0201~0204) 범위 밖이거나 타 직무(기술·간호·소방 등)로 KSA 매핑 보류,0.0
ABA20243001011994_6,COMP_UNMAPPED,검토대상(인사·총무 비핵심),NCS 분류(02010101)가 인사·총무(0201~0204) 범위 밖이거나 타 직무(기술·간호·소방 등)로 KSA 매핑 보류,0.0
ABA20243001012836_203,COMP_UNMAPPED,검토대상(인사·총무 비핵심),NCS 분류(02010101)가 인사·총무(0201~0204) 범위 밖이거나 타 직무(기술·간호·소방 등)로 KSA 매핑 보류,0.0
ABA20243000994834_261,COMP_UNMAPPED,검토대상(인사·총무 비핵심),NCS 분류(02020302)가 인사·총무(0201~0204) 범위 밖이거나 타 직무(기술·간호·소방 등)로 KSA 매핑 보류,0.0
ABA20243001006278_7,COMP_UNMAPPED,검토대상(인사·총무 비핵심),NCS 분류(19030602)가 인사·총무(0201~0204) 범위 밖이거나 타 직무(기술·간호·소방 등)로 KSA 매핑 보류,0.0
ABA20243001012790_203,COMP_UNMAPPED,검토대상(인사·총무 비핵심),NCS 분류(02010101)가 인사·총무(0201~0204) 범위 밖이거나 타 직무(기술·간호·소방 등)로 KSA 매핑 보류,0.0
ABA20243001038812_3,COMP_UNMAPPED,검토대상(인사·총무 비핵심),NCS 분류(20010803)가 인사·총무(0201~0204) 범위 밖이거나 타 직무(기술·간호·소방 등)로 KSA 매핑 보류,0.0
ABA20243001049744_1,COMP_UNMAPPED,검토대상(인사·총무 비핵심),NCS 분류(20010401)가 인사·총무(0201~0204) 범위 밖이거나 타 직무(기술·간호·소방 등)로 KSA 매핑 보류,0.0
ABA20243001053006_24,COMP_UNMAPPED,검토대상(인사·총무 비핵심),NCS 분류(20010202)가 인사·총무(0201~0204) 범위 밖이거나 타 직무(기술·간호·소방 등)로 KSA 매핑 보류,0.0
ABA20243001049771_3,COMP_UNMAPPED,검토대상(인사·총무 비핵심),NCS 분류(02020302)가 인사·총무(0201~0204) 범위 밖이거나 타 직무(기술·간호·소방 등)로 KSA 매핑 보류,0.0
ABA20243001011985_5,COMP_UNMAPPED,검토대상(인사·총무 비핵심),NCS 분류(02010101)가 인사·총무(0201~0204) 범위 밖이거나 타 직무(기술·간호·소방 등)로 KSA 매핑 보류,0.0
ABA20243001001805_4,COMP_UNMAPPED,검토대상(인사·총무 비핵심),NCS 분류(20010107)가 인사·총무(0201~0204) 범위 밖이거나 타 직무(기술·간호·소방 등)로 KSA 매핑 보류,0.0
ABA20243000972962_324,COMP_SEC_01,과정명·소분류코드 대조 매핑,과정명 '한달 공부로 실무에 바로 통하는 데이터분석' 및 NCS코드 02040101(비서·사무지원) 기반 비즈니스 에티켓·태도(Attitude) 역량 연결,0.95
NCS_CRS_02030102_1_1,COMP_GA_02,실제 교육목표·교육내용 원본 텍스트 매핑,"실제 교육내용 원본 근거: '업무용 동산관리는 조직의 업무 효율성을 극대화하기 위하여 보유 동산자산에 대한 관리계획, 집행, 평가를 포함한 관리활동을 수행하는 능력이다....' (NCS 02 경영·사무 자산관리)",0.92
NCS_CRS_02030102_2_1,COMP_GA_02,실제 교육목표·교육내용 원본 텍스트 매핑,"실제 교육내용 원본 근거: '자산관리 목표수립이란 조직이 보유한 부동산, 동산 등의 자산을 효과적으로 관리하기 위하여 시장분석과 현황 분석을 통해 목표를 수립하는 능력이다....' (NCS 02 경영·사무 자산관리)",0.92
NCS_CRS_02010101_3_1,COMP_UNMAPPED,검토대상(인사·총무 비핵심),NCS 분류(02010101)가 인사·총무(0201~0204) 범위 밖이거나 타 직무(기술·간호·소방 등)로 KSA 매핑 보류,0.0
NCS_CRS_02010101_4_1,COMP_UNMAPPED,검토대상(인사·총무 비핵심),NCS 분류(02010101)가 인사·총무(0201~0204) 범위 밖이거나 타 직무(기술·간호·소방 등)로 KSA 매핑 보류,0.0
NCS_CRS_02010101_5_1,COMP_UNMAPPED,검토대상(인사·총무 비핵심),NCS 분류(02010101)가 인사·총무(0201~0204) 범위 밖이거나 타 직무(기술·간호·소방 등)로 KSA 매핑 보류,0.0
NCS_CRS_02010101_6_1,COMP_UNMAPPED,검토대상(인사·총무 비핵심),NCS 분류(02010101)가 인사·총무(0201~0204) 범위 밖이거나 타 직무(기술·간호·소방 등)로 KSA 매핑 보류,0.0
NCS_CRS_02010101_7_1,COMP_UNMAPPED,검토대상(인사·총무 비핵심),NCS 분류(02010101)가 인사·총무(0201~0204) 범위 밖이거나 타 직무(기술·간호·소방 등)로 KSA 매핑 보류,0.0
NCS_CRS_02010101_8_1,COMP_UNMAPPED,검토대상(인사·총무 비핵심),NCS 분류(02010101)가 인사·총무(0201~0204) 범위 밖이거나 타 직무(기술·간호·소방 등)로 KSA 매핑 보류,0.0
NCS_CRS_02010101_9_1,COMP_UNMAPPED,검토대상(인사·총무 비핵심),NCS 분류(02010101)가 인사·총무(0201~0204) 범위 밖이거나 타 직무(기술·간호·소방 등)로 KSA 매핑 보류,0.0
NCS_CRS_02010101_10_1,COMP_UNMAPPED,검토대상(인사·총무 비핵심),NCS 분류(02010101)가 인사·총무(0201~0204) 범위 밖이거나 타 직무(기술·간호·소방 등)로 KSA 매핑 보류,0.0
