source_api,course_id,course_turn,instance_key,course_name_raw,course_name_std,institution_name_raw,institution_name_std,ncs_classification_code,ncs_unit_code,ncs_lclas_cd,ncs_mclas_cd,job_id,job_clarity,start_date,end_date,training_hours,credits,cost_total,cost_self,capacity,region,edu_goal_text,edu_content_text,round,_target_keyword,step3_status,step3_target_job
국민내일배움카드,ACG20243000973001,324,ACG20243000973001_324,알베르토와 함께하는 글로벌 비즈니스 매너,알베르토와 함께하는 글로벌 비즈니스 매너,에듀퓨어,에듀퓨어,02040302,,02,04,JOB_0204_SEC,CLEAR,2025-01-01,2025-01-30,,,47520.0,47520.0,150.0,경기 고양시 일산동구,,,1차,,,
국민내일배움카드,ACG20243001004189,245,ACG20243001004189_245,"기획력, 어떻게 끌리는 플랜을 세울 것인가?","기획력, 어떻게 끌리는 플랜을 세울 것인가?",에듀퓨어,에듀퓨어,02010101,,02,01,JOB_0201_GA,CLEAR,2025-01-01,2025-01-30,,,50490.0,50490.0,150.0,경기 고양시 일산동구,,,1차,,,
국민내일배움카드,ACG20243001050108,7,ACG20243001050108_7,알짜 부동산 사용설명서_투자실무,알짜 부동산 사용설명서_투자실무,케이지에듀원 원격평생교육원,케이지에듀원 원격평생교육원,10020203,,10,02,JOB_9999_OTHER,REVIEW_NEEDED,2025-01-01,2025-01-31,,,62370.0,62370.0,500.0,서울 동작구,,,1차,,,
국민내일배움카드,ACG20243001028388,5,ACG20243001028388_5,포스트 차이나 시대-동남아에서 미래를 찾다!,포스트 차이나 시대-동남아에서 미래를 찾다!,비트캠퍼스(BITcampus),비트캠퍼스(BITcampus),01010201,,01,01,JOB_0101_MGMT,REVIEW_NEEDED,2025-01-01,2025-01-31,,,87780.0,87780.0,2000.0,서울 서초구,,,1차,,,
국민내일배움카드,ACG20243001003252,252,ACG20243001003252_252,실전! 소화기계 환자간호,실전! 소화기계 환자간호,윈스펙원격평생교육원,윈스펙원격평생교육원,06020201,,06,02,JOB_9999_OTHER,REVIEW_NEEDED,2025-01-01,2025-01-30,,,83600.0,83600.0,500.0,서울 강남구,,,1차,,,
국민내일배움카드,ACG20243001011498,31,ACG20243001011498_31,소방시설관리사 취득(2차-점검실무행정),소방시설관리사 취득(2차-점검실무행정),edufire(에듀파이어)원격평생교육원,edufire(에듀파이어)원격평생교육원,05020101,,05,02,JOB_9999_OTHER,REVIEW_NEEDED,2025-01-01,2025-02-25,,,305140.0,305140.0,1000.0,부산 부산진구,,,1차,,,
국민내일배움카드,ACG20243001035937,7,ACG20243001035937_7,커리어와 리더십을 모두 책임지는 Auto Work 코칭스킬!,커리어와 리더십을 모두 책임지는 Auto Work 코칭스킬!,이룸캠퍼스,이룸캠퍼스,04030101,,04,03,JOB_9999_OTHER,REVIEW_NEEDED,2025-01-01,2025-01-31,,,125400.0,125400.0,1000.0,경기 수원시 영통구,,,1차,,,
국민내일배움카드,ACG20243001052020,28,ACG20243001052020_28,플랜트·건설 프로젝트 자원관리의 이해 및 실무,플랜트·건설 프로젝트 자원관리의 이해 및 실무,에듀퓨어,에듀퓨어,14040301,,14,04,JOB_0101_MGMT,REVIEW_NEEDED,2025-01-01,2025-01-30,,,50490.0,50490.0,500.0,경기 고양시 일산동구,,,1차,,,
국민내일배움카드,ACG20243000994801,261,ACG20243000994801_261,[물류전문가양성코스] 물류비관리와 공장물류,물류비관리와 공장물류,에듀퓨어,에듀퓨어,02040301,,02,04,JOB_0204_SEC,CLEAR,2025-01-01,2025-01-30,,,50490.0,50490.0,150.0,경기 고양시 일산동구,,,1차,,,
국민내일배움카드,ACG20243001026443,119,ACG20243001026443_119,초보자도 할 수 있는 디지털 마케팅: SNS와 블로그 활용 A to Z,초보자도 할 수 있는 디지털 마케팅: SNS와 블로그 활용 A to Z,윈스펙원격평생교육원,윈스펙원격평생교육원,02010301,,02,01,JOB_0201_GA,CLEAR,2025-01-01,2025-01-30,,,62370.0,62370.0,500.0,서울 강남구,,,1차,,,
국민내일배움카드,ACG20243001010743,21,ACG20243001010743_21,"언택트 시대, e-비즈니스 인사이트","언택트 시대, e-비즈니스 인사이트",(주)휴넷,휴넷,10030102,,10,03,JOB_0202_HR,CLEAR,2025-01-01,2025-01-31,,,50490.0,50490.0,500.0,서울 구로구,,,1차,,,
국민내일배움카드,ACG20243000974726,338,ACG20243000974726_338,[마케팅전문가양성코스] 마케팅 분석과 STP 전략,마케팅 분석과 STP 전략,윈스펙원격평생교육원,윈스펙원격평생교육원,02010301,,02,01,JOB_0201_GA,CLEAR,2025-01-01,2025-01-30,,,50490.0,50490.0,500.0,서울 강남구,,,1차,,,
국민내일배움카드,ACG20243001035769,93,ACG20243001035769_93,IEQ 인터넷윤리지도사 자격 취득하기,IEQ 인터넷윤리지도사 자격 취득하기,윈스펙원격평생교육원,윈스펙원격평생교육원,20010601,,20,01,JOB_9999_OTHER,REVIEW_NEEDED,2025-01-01,2025-01-30,,,62370.0,62370.0,500.0,서울 강남구,,,1차,,,
국민내일배움카드,ACG20243001058601,1,ACG20243001058601_1,"가장 쉽게 배우는 AWS, 기초부터 실무까지","가장 쉽게 배우는 AWS, 기초부터 실무까지",챔프스터디 원격평생교육원,챔프스터디 원격평생교육원,20020110,,20,02,JOB_9999_OTHER,REVIEW_NEEDED,2025-01-01,2025-01-31,,,75240.0,75240.0,500.0,서울 서초구,,,1차,,,
국민내일배움카드,ACG20243001023775,19,ACG20243001023775_19,"전기(산업)기사 필기1(회로이론, 전기기기, 전기설비기술기준 및 판단기준)","전기(산업)기사 필기1(회로이론, 전기기기, 전기설비기술기준 및 판단기준)",마이에듀,마이에듀,19010601,,19,01,JOB_9999_OTHER,REVIEW_NEEDED,2025-01-01,2025-03-01,,,193050.0,193050.0,500.0,서울 금천구,,,1차,,,
국민내일배움카드,ACG20243001026470,119,ACG20243001026470_119,[핵집]전기공사(산업)기사 필기,전기공사(산업)기사 필기,윈스펙원격평생교육원,윈스펙원격평생교육원,19010601,,19,01,JOB_9999_OTHER,REVIEW_NEEDED,2025-01-01,2025-03-01,,,371250.0,371250.0,500.0,서울 강남구,,,1차,,,
국민내일배움카드,ACG20243001020721,156,ACG20243001020721_156,의료정보 관리에 대한 A to Z!,의료정보 관리에 대한 A to Z!,에듀퓨어,에듀퓨어,06010114,,06,01,JOB_9999_OTHER,REVIEW_NEEDED,2025-01-01,2025-01-30,,,92070.0,92070.0,150.0,경기 고양시 일산동구,,,1차,,,
국민내일배움카드,ACG20243001052043,4,ACG20243001052043_4,[상위1% 자격증] 경비지도사 1과목 법학개론,경비지도사 1과목 법학개론,이룸캠퍼스,이룸캠퍼스,11010101,,11,01,JOB_9999_OTHER,REVIEW_NEEDED,2025-01-01,2025-02-28,,,62370.0,62370.0,1000.0,경기 수원시 영통구,,,1차,,,
국민내일배움카드,ACG20243001035736,93,ACG20243001035736_93,"왕초보를 위한 프론트엔드 개발자 첫걸음 : 기초 코딩, 리액트, 취업 가이드까지 한 번에!","왕초보를 위한 프론트엔드 개발자 첫걸음 : 기초 코딩, 리액트, 취업 가이드까지 한 번에!",윈스펙원격평생교육원,윈스펙원격평생교육원,20010202,,20,01,JOB_9999_OTHER,REVIEW_NEEDED,2025-01-01,2025-01-30,,,47520.0,47520.0,500.0,서울 강남구,,,1차,,,
국민내일배움카드,ACG20243000979770,46,ACG20243000979770_46,소방설비(산업)기사 취득(실기_전기 합격노트),소방설비(산업)기사 취득(실기_전기 합격노트),edufire(에듀파이어)원격평생교육원,edufire(에듀파이어)원격평생교육원,05020101,,05,02,JOB_9999_OTHER,REVIEW_NEEDED,2025-01-01,2025-02-11,,,183920.0,183920.0,1000.0,부산 부산진구,,,1차,,,
사업주훈련,ABA20243000983062,296,ABA20243000983062_296,애자일 프로젝트 실무(입문),애자일 프로젝트 실무(입문),에듀퓨어,에듀퓨어,01010102,,01,01,JOB_0101_MGMT,REVIEW_NEEDED,2025-01-01,2025-01-30,,,0.0,115000.0,150.0,경기 고양시 일산동구,,,1차,,,
사업주훈련,ABA20243000999206,4,ABA20243000999206_4,한국경제의미래,한국경제의미래,(주)알파코,알파코,02010101,,02,01,JOB_0201_GA,CLEAR,2025-01-01,2025-02-28,,,0.0,90000.0,2000.0,서울 성동구,,,1차,,,
사업주훈련,ABA20243000999421,4,ABA20243000999421_4,자동차 품질관리 능력향상과 문제해결 기법,자동차 품질관리 능력향상과 문제해결 기법,(주)휴넷,휴넷,15040102,,15,04,JOB_9999_OTHER,REVIEW_NEEDED,2025-01-01,2025-01-31,,,0.0,130000.0,1500.0,서울 구로구,,,1차,,,
사업주훈련,ABA20243001012797,203,ABA20243001012797_203,AI 시대 일잘러의 필수 역량! 데이터 분석 업무에 적용하기,AI 시대 일잘러의 필수 역량! 데이터 분석 업무에 적용하기,에듀퓨어,에듀퓨어,20010107,,20,01,JOB_9999_OTHER,REVIEW_NEEDED,2025-01-01,2025-01-30,,,0.0,47520.0,150.0,경기 고양시 일산동구,,,1차,,,
사업주훈련,ABA20243001045717,58,ABA20243001045717_58,핵심만 콕! 회사의 가치를 높여주는 홍보전략,핵심만 콕! 회사의 가치를 높여주는 홍보전략,에듀퓨어,에듀퓨어,02010201,,02,01,JOB_0201_GA,CLEAR,2025-01-01,2025-01-30,,,0.0,26730.0,500.0,경기 고양시 일산동구,,,1차,,,
사업주훈련,ABA20243001014702,4,ABA20243001014702_4,좋아요를 터뜨리는 콘텐츠마케팅 데이터 분석,좋아요를 터뜨리는 콘텐츠마케팅 데이터 분석,(주)휴넷,휴넷,02010301,,02,01,JOB_0201_GA,CLEAR,2025-01-01,2025-01-31,,,0.0,150000.0,1500.0,서울 구로구,,,1차,,,
사업주훈련,ABA20243001025042,140,ABA20243001025042_140,모르면 놓치기 쉬운 사내 정보 보안 A to Z!,모르면 놓치기 쉬운 사내 정보 보안 A to Z!,에듀퓨어,에듀퓨어,20010601,,20,01,JOB_9999_OTHER,REVIEW_NEEDED,2025-01-01,2025-01-30,,,0.0,47520.0,150.0,경기 고양시 일산동구,,,1차,,,
사업주훈련,ABA20243001055424,1,ABA20243001055424_1,EB243F 실습과 함께하는! 데이터베이스 MySQL편,EB243F 실습과 함께하는! 데이터베이스 MySQL편,멀티캠퍼스 원격평생교육원,멀티캠퍼스 원격평생교육원,20010204,,20,01,JOB_9999_OTHER,REVIEW_NEEDED,2025-01-01,2025-01-31,,,0.0,127000.0,2500.0,서울 강남구,,,1차,,,
사업주훈련,ABA20243001011994,6,ABA20243001011994_6,품격 있게 승리하는 직장인의 말하기 기술,품격 있게 승리하는 직장인의 말하기 기술,고려아카데미(원격),고려아카데미(원격),02010101,,02,01,JOB_0201_GA,CLEAR,2025-01-01,2025-02-28,,,0.0,84000.0,2000.0,서울 금천구,,,1차,,,
사업주훈련,ABA20243001012836,203,ABA20243001012836_203,달콤한 업무꿀팁! 평범한 당신이 비범하게 일하는 기술,달콤한 업무꿀팁! 평범한 당신이 비범하게 일하는 기술,에듀퓨어,에듀퓨어,02010101,,02,01,JOB_0201_GA,CLEAR,2025-01-01,2025-01-30,,,0.0,50490.0,150.0,경기 고양시 일산동구,,,1차,,,
사업주훈련,ABA20243000994834,261,ABA20243000994834_261,핵심만 콕! 비즈니스 글쓰기와 보고서 작성 노하우,핵심만 콕! 비즈니스 글쓰기와 보고서 작성 노하우,에듀퓨어,에듀퓨어,02020302,,02,02,JOB_0202_HR,CLEAR,2025-01-01,2025-01-30,,,0.0,60000.0,150.0,경기 고양시 일산동구,,,1차,,,
사업주훈련,ABA20243001006278,7,ABA20243001006278_7,반도체 CMOS 제조 공정,반도체 CMOS 제조 공정,(주)휴넷,휴넷,19030602,,19,03,JOB_9999_OTHER,REVIEW_NEEDED,2025-01-01,2025-01-31,,,0.0,180000.0,500.0,서울 구로구,,,1차,,,
사업주훈련,ABA20243001012790,203,ABA20243001012790_203,"돈 공부의 첫 걸음, 박정호의 의식주 경제","돈 공부의 첫 걸음, 박정호의 의식주 경제",에듀퓨어,에듀퓨어,02010101,,02,01,JOB_0201_GA,CLEAR,2025-01-01,2025-01-30,,,0.0,47520.0,150.0,경기 고양시 일산동구,,,1차,,,
사업주훈련,ABA20243001038812,3,ABA20243001038812_3,EB23G9 알기 쉬운 블록체인,EB23G9 알기 쉬운 블록체인,멀티캠퍼스 원격평생교육원,멀티캠퍼스 원격평생교육원,20010803,,20,01,JOB_9999_OTHER,REVIEW_NEEDED,2025-01-01,2025-01-31,,,0.0,148000.0,1500.0,서울 강남구,,,1차,,,
사업주훈련,ABA20243001049744,1,ABA20243001049744_1,일잘러를 위한 IT 프로젝트,일잘러를 위한 IT 프로젝트,(주)휴넷,휴넷,20010401,,20,01,JOB_0101_MGMT,REVIEW_NEEDED,2025-01-01,2025-01-31,,,0.0,110000.0,1000.0,서울 구로구,,,1차,,,
사업주훈련,ABA20243001053006,24,ABA20243001053006_24,"[DS Class] 파이썬 시작하기, 파이썬 기본 개념","파이썬 시작하기, 파이썬 기본 개념",윈스펙원격평생교육원,윈스펙원격평생교육원,20010202,,20,01,JOB_9999_OTHER,REVIEW_NEEDED,2025-01-01,2025-01-30,,,0.0,32670.0,500.0,서울 강남구,,,1차,,,
사업주훈련,ABA20243001049771,3,ABA20243001049771_3,빨리 배워 바로 쓰는 엑셀 2013,빨리 배워 바로 쓰는 엑셀 2013,(주)휴넷,휴넷,02020302,,02,02,JOB_0202_HR,CLEAR,2025-01-01,2025-01-31,,,0.0,130000.0,1500.0,서울 구로구,,,1차,,,
사업주훈련,ABA20243001011985,5,ABA20243001011985_5,직장 생존력 UP! 데이터 마인드셋 장착하기,직장 생존력 UP! 데이터 마인드셋 장착하기,고려아카데미(원격),고려아카데미(원격),02010101,,02,01,JOB_0201_GA,CLEAR,2025-01-01,2025-02-28,,,0.0,84000.0,2000.0,서울 금천구,,,1차,,,
사업주훈련,ABA20243001001805,4,ABA20243001001805_4,EB1YZ9 AI 시대 일잘러의 필수 역량! 데이터 분석 업무에 적용하기,EB1YZ9 AI 시대 일잘러의 필수 역량! 데이터 분석 업무에 적용하기,멀티캠퍼스 원격평생교육원,멀티캠퍼스 원격평생교육원,20010107,,20,01,JOB_9999_OTHER,REVIEW_NEEDED,2025-01-01,2025-01-31,,,0.0,120000.0,2000.0,서울 강남구,,,1차,,,
사업주훈련,ABA20243000972962,324,ABA20243000972962_324,[Get it Trend] 한달 공부로 실무에 바로 통하는 데이터분석,한달 공부로 실무에 바로 통하는 데이터분석,에듀퓨어,에듀퓨어,02040101,,02,04,JOB_0204_SEC,CLEAR,2025-01-01,2025-01-30,,,0.0,26730.0,150.0,경기 고양시 일산동구,,,1차,,,
NCS 교육과정,NCS_CRS_02030102_1,1,NCS_CRS_02030102_1_1,동선관리과목,동선관리과목,마이스터고 실험학과3,마이스터고 실험학과3,02030102,,02,03,JOB_0201_GA,CLEAR,,,3.0,3.0,0.0,0.0,,마이스터고,"자산관리는 기업의 자산가치를 증진시키기 위하여 자산관리 목표와 계획을 수립하고 자산의 취득, 운영, 매각 및 평가 등을 수행하는 일이다.","업무용 동산관리는 조직의 업무 효율성을 극대화하기 위하여 보유 동산자산에 대한 관리계획, 집행, 평가를 포함한 관리활동을 수행하는 능력이다.",1차,,,
NCS 교육과정,NCS_CRS_02030102_2,1,NCS_CRS_02030102_2_1,목표수립과목,목표수립과목,마이스터고 실험학과3,마이스터고 실험학과3,02030102,,02,03,JOB_0201_GA,CLEAR,,,3.0,3.0,0.0,0.0,,마이스터고,"자산관리는 기업의 자산가치를 증진시키기 위하여 자산관리 목표와 계획을 수립하고 자산의 취득, 운영, 매각 및 평가 등을 수행하는 일이다.","자산관리 목표수립이란 조직이 보유한 부동산, 동산 등의 자산을 효과적으로 관리하기 위하여 시장분석과 현황 분석을 통해 목표를 수립하는 능력이다.",1차,,,
NCS 교육과정,NCS_CRS_02010101_3,1,NCS_CRS_02010101_3_1,사회적기업혁신론,사회적기업혁신론,전문대 사회적경제복지학과,전문대 사회적경제복지학과,02010101,,02,01,JOB_0201_GA,CLEAR,,,3.0,3.0,0.0,0.0,,전문대,경영기획은 경영목표를 효과적으로 달성하기 위한 전략을 수립하고 최적의 자원을 효율적으로 배분하도록 경영진의 의사결정을 체계적으로 지원하는 일이다.,"경영계획 수립은 기업의 중장기 경영전략 방향과 연간 경영방침을 설정하고, 그에 따른 경영목표를 수립하며, 이를 달성하기 위한 구체적인 사업계획을 수립, 조정하는 능력이다.",1차,,,
NCS 교육과정,NCS_CRS_02010101_4,1,NCS_CRS_02010101_4_1,사회적경제사례연구,사회적경제사례연구,전문대 사회적경제복지학과,전문대 사회적경제복지학과,02010101,,02,01,JOB_0201_GA,CLEAR,,,3.0,3.0,0.0,0.0,,전문대,경영기획은 경영목표를 효과적으로 달성하기 위한 전략을 수립하고 최적의 자원을 효율적으로 배분하도록 경영진의 의사결정을 체계적으로 지원하는 일이다.,"사업환경 분석은 기업의 내부환경 분석과 외부환경 분석 과정을 거쳐 사업의 핵심성공요소를 도출하는 능력이다.
사업환경 분석은 기업의 내부환경 분석과 외부환경 분석 과정을 거쳐 사업의 핵심성공요소를 도출하는 능력이다.
신규사업 기획은 사업을 추진하는 주체가 보유하고 있는 신규사업 아이디어를 투자, 생산, 마케팅과 같은 경영활동들을 통해 구체화해 나가는 과정을 기획하는 능력이다.
경영실적 분석은 경영활동의 건전성을 위하여 경영실적 점검 계획 수립, 경영 실적 측정, 경영 실적 분석, 경영 실적 피드백을 수행하는 능력이다.",1차,,,
NCS 교육과정,NCS_CRS_02010101_5,1,NCS_CRS_02010101_5_1,사회적경제경영실무1,사회적경제경영실무1,전문대 사회적경제복지학과,전문대 사회적경제복지학과,02010101,,02,01,JOB_0201_GA,CLEAR,,,3.0,3.0,0.0,0.0,,전문대,경영기획은 경영목표를 효과적으로 달성하기 위한 전략을 수립하고 최적의 자원을 효율적으로 배분하도록 경영진의 의사결정을 체계적으로 지원하는 일이다.,"경영방침 수립은 기업경영을 위한 비전과 사명을 도출하고 이에 기반한 기업 구성원들의 핵심가치를 제시하는 능력이다.
경영계획 수립은 기업의 중장기 경영전략 방향과 연간 경영방침을 설정하고, 그에 따른 경영목표를 수립하며, 이를 달성하기 위한 구체적인 사업계획을 수립, 조정하는 능력이다.
예산관리는 경영목표에 따른 예산편성 지침을 수립한 후, 예산 소요를 파악하고, 예산을 조정ㆍ편성하여 예산 계획대비 실적을 분석하는 능력이다.",1차,,,
NCS 교육과정,NCS_CRS_02010101_6,1,NCS_CRS_02010101_6_1,사회적경제경영실무2,사회적경제경영실무2,전문대 사회적경제복지학과,전문대 사회적경제복지학과,02010101,,02,01,JOB_0201_GA,CLEAR,,,3.0,3.0,0.0,0.0,,전문대,경영기획은 경영목표를 효과적으로 달성하기 위한 전략을 수립하고 최적의 자원을 효율적으로 배분하도록 경영진의 의사결정을 체계적으로 지원하는 일이다.,"경영방침 수립은 기업경영을 위한 비전과 사명을 도출하고 이에 기반한 기업 구성원들의 핵심가치를 제시하는 능력이다.
경영계획 수립은 기업의 중장기 경영전략 방향과 연간 경영방침을 설정하고, 그에 따른 경영목표를 수립하며, 이를 달성하기 위한 구체적인 사업계획을 수립, 조정하는 능력이다.
예산관리는 경영목표에 따른 예산편성 지침을 수립한 후, 예산 소요를 파악하고, 예산을 조정ㆍ편성하여 예산 계획대비 실적을 분석하는 능력이다.",1차,,,
NCS 교육과정,NCS_CRS_02010101_7,1,NCS_CRS_02010101_7_1,도시재생 지역공동체,도시재생 지역공동체,전문대 사회적경제복지학과,전문대 사회적경제복지학과,02010101,,02,01,JOB_0201_GA,CLEAR,,,3.0,3.0,0.0,0.0,,전문대,경영기획은 경영목표를 효과적으로 달성하기 위한 전략을 수립하고 최적의 자원을 효율적으로 배분하도록 경영진의 의사결정을 체계적으로 지원하는 일이다.,"이해관계자 관리는 회사의 목표달성에 영향을 미치는 개인 또는 단체를 파악하고, 이들의 특성과 기대사항을 분석하여 체계적으로 대응하는 능력이다.",1차,,,
NCS 교육과정,NCS_CRS_02010101_8,1,NCS_CRS_02010101_8_1,ESG와 지속가능 경영,ESG와 지속가능 경영,전문대 사회적경제복지학과,전문대 사회적경제복지학과,02010101,,02,01,JOB_0201_GA,CLEAR,,,3.0,3.0,0.0,0.0,,전문대,경영기획은 경영목표를 효과적으로 달성하기 위한 전략을 수립하고 최적의 자원을 효율적으로 배분하도록 경영진의 의사결정을 체계적으로 지원하는 일이다.,"신규사업 기획은 사업을 추진하는 주체가 보유하고 있는 신규사업 아이디어를 투자, 생산, 마케팅과 같은 경영활동들을 통해 구체화해 나가는 과정을 기획하는 능력이다.
사업환경 분석은 기업의 내부환경 분석과 외부환경 분석 과정을 거쳐 사업의 핵심성공요소를 도출하는 능력이다.
이해관계자 관리는 회사의 목표달성에 영향을 미치는 개인 또는 단체를 파악하고, 이들의 특성과 기대사항을 분석하여 체계적으로 대응하는 능력이다.",1차,,,
NCS 교육과정,NCS_CRS_02010101_9,1,NCS_CRS_02010101_9_1,사회적경제 가치 평가,사회적경제 가치 평가,전문대 사회적경제복지학과,전문대 사회적경제복지학과,02010101,,02,01,JOB_0201_GA,CLEAR,,,3.0,3.0,0.0,0.0,,전문대,경영기획은 경영목표를 효과적으로 달성하기 위한 전략을 수립하고 최적의 자원을 효율적으로 배분하도록 경영진의 의사결정을 체계적으로 지원하는 일이다.,"경영실적 분석은 경영활동의 건전성을 위하여 경영실적 점검 계획 수립, 경영 실적 측정, 경영 실적 분석, 경영 실적 피드백을 수행하는 능력이다.",1차,,,
NCS 교육과정,NCS_CRS_02010101_10,1,NCS_CRS_02010101_10_1,사회적금융,사회적금융,전문대 사회적경제복지학과,전문대 사회적경제복지학과,02010101,,02,01,JOB_0201_GA,CLEAR,,,3.0,3.0,0.0,0.0,,전문대,경영기획은 경영목표를 효과적으로 달성하기 위한 전략을 수립하고 최적의 자원을 효율적으로 배분하도록 경영진의 의사결정을 체계적으로 지원하는 일이다.,"예산관리는 경영목표에 따른 예산편성 지침을 수립한 후, 예산 소요를 파악하고, 예산을 조정ㆍ편성하여 예산 계획대비 실적을 분석하는 능력이다.
경영 리스크 관리는 기업경영에서 발생할 수 있는 리스크를 허용 가능한 수준 이하로 관리하기 위해 리스크 파악, 리스크 위험도 측정, 리스크 사전대응계획 수립, 리스크 사전대응활동 점검, 리스크  대응 활동을 수행하는 능력이다.",1차,,,
국민내일배움카드,ACG20243001038036,84,ACG20243001038036_84,전략적 조직운영을 위한 인사관리 실무,전략적 조직운영을 위한 인사관리 실무,에듀퓨어,에듀퓨어,02020201,,02,02,JOB_0202_HR,CLEAR,2025-01-01,2025-01-30,,,50490.0,50490.0,500,경기 고양시 일산동구,,,2차,인사관리,INCLUDED,인사·조직관리
국민내일배움카드,ACG20243001023998,11,ACG20243001023998_11,[인사총무전문가] 총무기획과 총무자산관리,총무기획과 총무자산관리,이룸캠퍼스,이룸캠퍼스,02020101,,02,02,JOB_0201_GA,CLEAR,2025-01-01,2025-01-31,,,50490.0,50490.0,500,경기 수원시 영통구,,,2차,인사관리,INCLUDED,총무·자산관리
국민내일배움카드,ACG20243001013346,203,ACG20243001013346_203,[인사총무전문가] 총무기획과 총무자산관리,총무기획과 총무자산관리,에듀퓨어,에듀퓨어,02020101,,02,02,JOB_0201_GA,CLEAR,2025-01-01,2025-01-30,,,50490.0,50490.0,150,경기 고양시 일산동구,,,2차,인사관리,INCLUDED,총무·자산관리
국민내일배움카드,ACG20233000954422,356,ACG20233000954422_356,전략적 조직운영을 위한 인사관리 실무,전략적 조직운영을 위한 인사관리 실무,윈스펙원격평생교육원,윈스펙원격평생교육원,02020201,,02,02,JOB_0202_HR,CLEAR,2025-01-01,2025-01-30,,,50490.0,50490.0,500,서울 강남구,,,2차,인사관리,INCLUDED,인사·조직관리
국민내일배움카드,ACG20243001054796,4,ACG20243001054796_4,채용에서 퇴직까지 인사노무관리 핵심실무,채용에서 퇴직까지 인사노무관리 핵심실무,케이지에듀원 원격평생교육원,케이지에듀원 원격평생교육원,02020201,,02,02,JOB_0202_HR,CLEAR,2025-01-01,2025-01-31,,,50490.0,50490.0,500,서울 동작구,,,2차,인사관리,INCLUDED,인사·채용관리
국민내일배움카드,ACG20243001040968,8,ACG20243001040968_8,전략적 조직운영을 위한 인사관리 실무,전략적 조직운영을 위한 인사관리 실무,케이지에듀원 원격평생교육원,케이지에듀원 원격평생교육원,02020201,,02,02,JOB_0202_HR,CLEAR,2025-01-01,2025-01-31,,,50490.0,50490.0,500,서울 동작구,,,2차,인사관리,INCLUDED,인사·조직관리
국민내일배움카드,ACG20243001051920,29,ACG20243001051920_29,채용에서 퇴직까지 인사노무관리 핵심실무,채용에서 퇴직까지 인사노무관리 핵심실무,주식회사 아카스타,아카스타,02020201,,02,02,JOB_0202_HR,CLEAR,2025-01-02,2025-02-01,,,50490.0,50490.0,1000,부산 남구,,,2차,인사관리,INCLUDED,인사·채용관리
국민내일배움카드,ACG20243001038036,85,ACG20243001038036_85,전략적 조직운영을 위한 인사관리 실무,전략적 조직운영을 위한 인사관리 실무,에듀퓨어,에듀퓨어,02020201,,02,02,JOB_0202_HR,CLEAR,2025-01-02,2025-01-31,,,50490.0,50490.0,500,경기 고양시 일산동구,,,2차,인사관리,INCLUDED,인사·조직관리
국민내일배움카드,AIG20240000496295,1,AIG20240000496295_1,아파트경리회계(관리소ERP운영사1급)자격취득 및 인사 실무,아파트경리회계자격취득 및 인사 실무,MJ회계전문학원,MJ회계전문학원,02020201,,02,02,JOB_0201_GA,REVIEW_NEEDED,2025-01-02,2025-02-26,,,1191400.0,1191400.0,16,인천 미추홀구,,,2차,인사관리,REVIEW_NEEDED,검토필요
국민내일배움카드,ACG20243001013346,204,ACG20243001013346_204,[인사총무전문가] 총무기획과 총무자산관리,총무기획과 총무자산관리,에듀퓨어,에듀퓨어,02020101,,02,02,JOB_0201_GA,CLEAR,2025-01-02,2025-01-31,,,50490.0,50490.0,150,경기 고양시 일산동구,,,2차,인사관리,INCLUDED,총무·자산관리
국민내일배움카드,ACG20243000985011,42,ACG20243000985011_42,채용에서 퇴직까지 인사노무관리 핵심실무,채용에서 퇴직까지 인사노무관리 핵심실무,한국이러닝협회,한국이러닝협회,02020201,,02,02,JOB_0202_HR,CLEAR,2025-01-02,2025-01-29,,,50490.0,50490.0,500,서울 구로구,,,2차,채용실무,INCLUDED,인사·채용관리
국민내일배움카드,ACG20243001051920,30,ACG20243001051920_30,채용에서 퇴직까지 인사노무관리 핵심실무,채용에서 퇴직까지 인사노무관리 핵심실무,주식회사 아카스타,아카스타,02020201,,02,02,JOB_0202_HR,CLEAR,2025-01-03,2025-02-02,,,50490.0,50490.0,1000,부산 남구,,,2차,채용실무,INCLUDED,인사·채용관리
국민내일배움카드,ACG20243001051920,31,ACG20243001051920_31,채용에서 퇴직까지 인사노무관리 핵심실무,채용에서 퇴직까지 인사노무관리 핵심실무,주식회사 아카스타,아카스타,02020201,,02,02,JOB_0202_HR,CLEAR,2025-01-06,2025-02-05,,,50490.0,50490.0,1000,부산 남구,,,2차,채용실무,INCLUDED,인사·채용관리
국민내일배움카드,ACG20243001051920,32,ACG20243001051920_32,채용에서 퇴직까지 인사노무관리 핵심실무,채용에서 퇴직까지 인사노무관리 핵심실무,주식회사 아카스타,아카스타,02020201,,02,02,JOB_0202_HR,CLEAR,2025-01-07,2025-02-06,,,50490.0,50490.0,1000,부산 남구,,,2차,채용실무,INCLUDED,인사·채용관리
국민내일배움카드,ACG20243001054796,5,ACG20243001054796_5,채용에서 퇴직까지 인사노무관리 핵심실무,채용에서 퇴직까지 인사노무관리 핵심실무,케이지에듀원 원격평생교육원,케이지에듀원 원격평생교육원,02020201,,02,02,JOB_0202_HR,CLEAR,2025-01-08,2025-02-07,,,50490.0,50490.0,500,서울 동작구,,,2차,채용실무,INCLUDED,인사·채용관리
국민내일배움카드,ACG20243001051920,33,ACG20243001051920_33,채용에서 퇴직까지 인사노무관리 핵심실무,채용에서 퇴직까지 인사노무관리 핵심실무,주식회사 아카스타,아카스타,02020201,,02,02,JOB_0202_HR,CLEAR,2025-01-08,2025-02-07,,,50490.0,50490.0,1000,부산 남구,,,2차,채용실무,INCLUDED,인사·채용관리
국민내일배움카드,ACG20243001051920,34,ACG20243001051920_34,채용에서 퇴직까지 인사노무관리 핵심실무,채용에서 퇴직까지 인사노무관리 핵심실무,주식회사 아카스타,아카스타,02020201,,02,02,JOB_0202_HR,CLEAR,2025-01-09,2025-02-08,,,50490.0,50490.0,1000,부산 남구,,,2차,채용실무,INCLUDED,인사·채용관리
국민내일배움카드,ACG20243000985011,43,ACG20243000985011_43,채용에서 퇴직까지 인사노무관리 핵심실무,채용에서 퇴직까지 인사노무관리 핵심실무,한국이러닝협회,한국이러닝협회,02020201,,02,02,JOB_0202_HR,CLEAR,2025-01-09,2025-02-05,,,50490.0,50490.0,500,서울 구로구,,,2차,채용실무,INCLUDED,인사·채용관리
국민내일배움카드,ACG20243001052023,28,ACG20243001052023_28,NEW 업무에서 활용가능한 실전 근로기준법,NEW 업무에서 활용가능한 실전 근로기준법,에듀퓨어,에듀퓨어,02020202,,02,02,JOB_0203_LABOR,CLEAR,2025-01-01,2025-01-30,,,50490.0,50490.0,500,경기 고양시 일산동구,,,2차,근로기준법,INCLUDED,노무관리
국민내일배움카드,ACG20243000974723,338,ACG20243000974723_338,NEW 업무에서 활용가능한 실전 근로기준법,NEW 업무에서 활용가능한 실전 근로기준법,윈스펙원격평생교육원,윈스펙원격평생교육원,02020202,,02,02,JOB_0203_LABOR,CLEAR,2025-01-01,2025-01-30,,,50490.0,50490.0,500,서울 강남구,,,2차,근로기준법,INCLUDED,노무관리
국민내일배움카드,ACG20243001052023,29,ACG20243001052023_29,NEW 업무에서 활용가능한 실전 근로기준법,NEW 업무에서 활용가능한 실전 근로기준법,에듀퓨어,에듀퓨어,02020202,,02,02,JOB_0203_LABOR,CLEAR,2025-01-02,2025-01-31,,,50490.0,50490.0,500,경기 고양시 일산동구,,,2차,근로기준법,INCLUDED,노무관리
국민내일배움카드,ACG20243000974723,339,ACG20243000974723_339,NEW 업무에서 활용가능한 실전 근로기준법,NEW 업무에서 활용가능한 실전 근로기준법,윈스펙원격평생교육원,윈스펙원격평생교육원,02020202,,02,02,JOB_0203_LABOR,CLEAR,2025-01-02,2025-01-31,,,50490.0,50490.0,500,서울 강남구,,,2차,근로기준법,INCLUDED,노무관리
국민내일배움카드,ACG20243001036448,16,ACG20243001036448_16,실무사례로 알아보는 근로기준법,실무사례로 알아보는 근로기준법,중앙법률원격평생교육원,중앙법률원격평생교육원,02020202,,02,02,JOB_0203_LABOR,CLEAR,2025-01-03,2025-02-02,,,83160.0,83160.0,200,서울 서초구,,,2차,근로기준법,INCLUDED,노무관리
국민내일배움카드,ACG20243000974723,340,ACG20243000974723_340,NEW 업무에서 활용가능한 실전 근로기준법,NEW 업무에서 활용가능한 실전 근로기준법,윈스펙원격평생교육원,윈스펙원격평생교육원,02020202,,02,02,JOB_0203_LABOR,CLEAR,2025-01-03,2025-02-01,,,50490.0,50490.0,500,서울 강남구,,,2차,근로기준법,INCLUDED,노무관리
국민내일배움카드,ACG20243001052023,30,ACG20243001052023_30,NEW 업무에서 활용가능한 실전 근로기준법,NEW 업무에서 활용가능한 실전 근로기준법,에듀퓨어,에듀퓨어,02020202,,02,02,JOB_0203_LABOR,CLEAR,2025-01-03,2025-02-01,,,50490.0,50490.0,500,경기 고양시 일산동구,,,2차,근로기준법,INCLUDED,노무관리
국민내일배움카드,ACG20243000974723,341,ACG20243000974723_341,NEW 업무에서 활용가능한 실전 근로기준법,NEW 업무에서 활용가능한 실전 근로기준법,윈스펙원격평생교육원,윈스펙원격평생교육원,02020202,,02,02,JOB_0203_LABOR,CLEAR,2025-01-04,2025-02-02,,,50490.0,50490.0,500,서울 강남구,,,2차,근로기준법,INCLUDED,노무관리
국민내일배움카드,ACG20243001052023,31,ACG20243001052023_31,NEW 업무에서 활용가능한 실전 근로기준법,NEW 업무에서 활용가능한 실전 근로기준법,에듀퓨어,에듀퓨어,02020202,,02,02,JOB_0203_LABOR,CLEAR,2025-01-04,2025-02-02,,,50490.0,50490.0,500,경기 고양시 일산동구,,,2차,근로기준법,INCLUDED,노무관리
국민내일배움카드,ACG20243001057596,1,ACG20243001057596_1,NEW 업무에서 활용가능한 실전 근로기준법,NEW 업무에서 활용가능한 실전 근로기준법,윈스펙원격평생교육원,윈스펙원격평생교육원,02020202,,02,02,JOB_0203_LABOR,CLEAR,2025-01-04,2025-02-02,,,50490.0,50490.0,500,서울 강남구,,,2차,근로기준법,INCLUDED,노무관리
국민내일배움카드,ACG20243001004851,141,ACG20243001004851_141,인사평가체계 구축 및 운영 방법,인사평가체계 구축 및 운영 방법,케이스원격평생교육원 ,케이스원격평생교육원,02020201,,02,02,JOB_0202_HR,CLEAR,2025-01-02,2025-01-31,,,50490.0,50490.0,500,서울 구로구,,,2차,인사평가,INCLUDED,인사·평가보상
국민내일배움카드,ACG20243001029345,87,ACG20243001029345_87,인사평가체계 구축 및 운영 방법,인사평가체계 구축 및 운영 방법,러닝플러스 주식회사,러닝플러스,02020201,,02,02,JOB_0202_HR,CLEAR,2025-01-02,2025-02-01,,,50490.0,50490.0,500,부산 부산진구,,,2차,인사평가,INCLUDED,인사·평가보상
국민내일배움카드,ACG20243001029345,88,ACG20243001029345_88,인사평가체계 구축 및 운영 방법,인사평가체계 구축 및 운영 방법,러닝플러스 주식회사,러닝플러스,02020201,,02,02,JOB_0202_HR,CLEAR,2025-01-03,2025-02-02,,,50490.0,50490.0,500,부산 부산진구,,,2차,인사평가,INCLUDED,인사·평가보상
국민내일배움카드,ACG20243001004851,142,ACG20243001004851_142,인사평가체계 구축 및 운영 방법,인사평가체계 구축 및 운영 방법,케이스원격평생교육원 ,케이스원격평생교육원,02020201,,02,02,JOB_0202_HR,CLEAR,2025-01-03,2025-02-01,,,50490.0,50490.0,500,서울 구로구,,,2차,인사평가,INCLUDED,인사·평가보상
국민내일배움카드,ACG20243001004851,143,ACG20243001004851_143,인사평가체계 구축 및 운영 방법,인사평가체계 구축 및 운영 방법,케이스원격평생교육원 ,케이스원격평생교육원,02020201,,02,02,JOB_0202_HR,CLEAR,2025-01-06,2025-02-04,,,50490.0,50490.0,500,서울 구로구,,,2차,인사평가,INCLUDED,인사·평가보상
국민내일배움카드,ACG20243001029345,89,ACG20243001029345_89,인사평가체계 구축 및 운영 방법,인사평가체계 구축 및 운영 방법,러닝플러스 주식회사,러닝플러스,02020201,,02,02,JOB_0202_HR,CLEAR,2025-01-06,2025-02-05,,,50490.0,50490.0,500,부산 부산진구,,,2차,인사평가,INCLUDED,인사·평가보상
국민내일배움카드,ACG20243001029345,90,ACG20243001029345_90,인사평가체계 구축 및 운영 방법,인사평가체계 구축 및 운영 방법,러닝플러스 주식회사,러닝플러스,02020201,,02,02,JOB_0202_HR,CLEAR,2025-01-07,2025-02-06,,,50490.0,50490.0,500,부산 부산진구,,,2차,인사평가,INCLUDED,인사·평가보상
국민내일배움카드,ACG20243001004851,144,ACG20243001004851_144,인사평가체계 구축 및 운영 방법,인사평가체계 구축 및 운영 방법,케이스원격평생교육원 ,케이스원격평생교육원,02020201,,02,02,JOB_0202_HR,CLEAR,2025-01-07,2025-02-05,,,50490.0,50490.0,500,서울 구로구,,,2차,인사평가,INCLUDED,인사·평가보상
국민내일배움카드,ACG20243001052663,1,ACG20243001052663_1,인사평가체계 구축 및 운영 방법,인사평가체계 구축 및 운영 방법,러닝팩토리 원격평생교육원,러닝팩토리 원격평생교육원,02020201,,02,02,JOB_0202_HR,CLEAR,2025-01-08,2025-02-07,,,50490.0,50490.0,500,서울 서초구,,,2차,인사평가,INCLUDED,인사·평가보상
국민내일배움카드,ACG20243001004851,145,ACG20243001004851_145,인사평가체계 구축 및 운영 방법,인사평가체계 구축 및 운영 방법,케이스원격평생교육원 ,케이스원격평생교육원,02020201,,02,02,JOB_0202_HR,CLEAR,2025-01-08,2025-02-06,,,50490.0,50490.0,500,서울 구로구,,,2차,인사평가,INCLUDED,인사·평가보상
국민내일배움카드,ACG20243001027168,96,ACG20243001027168_96,[인사총무전문가] 총무기획과 총무자산관리,총무기획과 총무자산관리,러닝플러스 주식회사,러닝플러스,02020101,,02,02,JOB_0201_GA,CLEAR,2025-01-02,2025-02-01,,,50490.0,50490.0,500,부산 부산진구,,,2차,총무관리,INCLUDED,총무·자산관리
국민내일배움카드,ACG20243001013346,205,ACG20243001013346_205,[인사총무전문가] 총무기획과 총무자산관리,총무기획과 총무자산관리,에듀퓨어,에듀퓨어,02020101,,02,02,JOB_0201_GA,CLEAR,2025-01-03,2025-02-01,,,50490.0,50490.0,150,경기 고양시 일산동구,,,2차,총무관리,INCLUDED,총무·자산관리
국민내일배움카드,ACG20243001027168,97,ACG20243001027168_97,[인사총무전문가] 총무기획과 총무자산관리,총무기획과 총무자산관리,러닝플러스 주식회사,러닝플러스,02020101,,02,02,JOB_0201_GA,CLEAR,2025-01-03,2025-02-02,,,50490.0,50490.0,500,부산 부산진구,,,2차,총무관리,INCLUDED,총무·자산관리
국민내일배움카드,ACG20243001013346,206,ACG20243001013346_206,[인사총무전문가] 총무기획과 총무자산관리,총무기획과 총무자산관리,에듀퓨어,에듀퓨어,02020101,,02,02,JOB_0201_GA,CLEAR,2025-01-04,2025-02-02,,,50490.0,50490.0,150,경기 고양시 일산동구,,,2차,총무관리,INCLUDED,총무·자산관리
국민내일배움카드,ACG20243001013346,207,ACG20243001013346_207,[인사총무전문가] 총무기획과 총무자산관리,총무기획과 총무자산관리,에듀퓨어,에듀퓨어,02020101,,02,02,JOB_0201_GA,CLEAR,2025-01-05,2025-02-03,,,50490.0,50490.0,150,경기 고양시 일산동구,,,2차,총무관리,INCLUDED,총무·자산관리
국민내일배움카드,ACG20243001013346,208,ACG20243001013346_208,[인사총무전문가] 총무기획과 총무자산관리,총무기획과 총무자산관리,에듀퓨어,에듀퓨어,02020101,,02,02,JOB_0201_GA,CLEAR,2025-01-06,2025-02-04,,,50490.0,50490.0,150,경기 고양시 일산동구,,,2차,총무관리,INCLUDED,총무·자산관리
국민내일배움카드,ACG20243001027168,98,ACG20243001027168_98,[인사총무전문가] 총무기획과 총무자산관리,총무기획과 총무자산관리,러닝플러스 주식회사,러닝플러스,02020101,,02,02,JOB_0201_GA,CLEAR,2025-01-06,2025-02-05,,,50490.0,50490.0,500,부산 부산진구,,,2차,총무관리,INCLUDED,총무·자산관리
사업주훈련,ABA20243001023639,6,ABA20243001023639_6,[인사총무전문가] 총무기획과 총무자산관리,총무기획과 총무자산관리,온캠퍼스원격평생교육원,온캠퍼스원격평생교육원,02020101,,02,02,JOB_0201_GA,CLEAR,2025-01-01,2025-01-30,,,0.0,50490.0,1000,서울 서초구,,,2차,인사관리,INCLUDED,총무·자산관리
사업주훈련,ABA20243001051626,1,ABA20243001051626_1,EB24OD 전략적 조직운영을 위한 인사관리 실무,EB24OD 전략적 조직운영을 위한 인사관리 실무,멀티캠퍼스 원격평생교육원,멀티캠퍼스 원격평생교육원,02020201,,02,02,JOB_0202_HR,CLEAR,2025-01-01,2025-01-31,,,0.0,100000.0,1500,서울 강남구,,,2차,인사관리,INCLUDED,인사·조직관리
사업주훈련,ABA20233000970284,6,ABA20233000970284_6,채용에서 퇴직까지 인사노무관리 핵심실무,채용에서 퇴직까지 인사노무관리 핵심실무,러닝플러스 주식회사,러닝플러스,02020201,,02,02,JOB_0202_HR,CLEAR,2025-01-01,2025-01-31,,,0.0,80000.0,3000,부산 부산진구,,,2차,인사관리,INCLUDED,인사·채용관리
사업주훈련,ABA20243001012801,203,ABA20243001012801_203,[인사총무전문가] 총무기획과 총무자산관리,총무기획과 총무자산관리,에듀퓨어,에듀퓨어,02020101,,02,02,JOB_0201_GA,CLEAR,2025-01-01,2025-01-30,,,0.0,50490.0,150,경기 고양시 일산동구,,,2차,인사관리,INCLUDED,총무·자산관리
사업주훈련,ABA20243001037760,84,ABA20243001037760_84,전략적 조직운영을 위한 인사관리 실무,전략적 조직운영을 위한 인사관리 실무,에듀퓨어,에듀퓨어,02020201,,02,02,JOB_0202_HR,CLEAR,2025-01-01,2025-01-30,,,0.0,50490.0,500,경기 고양시 일산동구,,,2차,인사관리,INCLUDED,인사·조직관리
사업주훈련,ABA20243001052733,1,ABA20243001052733_1,채용에서 퇴직까지 인사노무관리 핵심실무,채용에서 퇴직까지 인사노무관리 핵심실무,케이지에듀원 원격평생교육원,케이지에듀원 원격평생교육원,02020201,,02,02,JOB_0202_HR,CLEAR,2025-01-01,2025-01-31,,,0.0,110000.0,500,서울 동작구,,,2차,인사관리,INCLUDED,인사·채용관리
사업주훈련,ABA20243001012801,204,ABA20243001012801_204,[인사총무전문가] 총무기획과 총무자산관리,총무기획과 총무자산관리,에듀퓨어,에듀퓨어,02020101,,02,02,JOB_0201_GA,CLEAR,2025-01-02,2025-01-31,,,0.0,50490.0,150,경기 고양시 일산동구,,,2차,인사관리,INCLUDED,총무·자산관리
사업주훈련,ABA20243001037760,85,ABA20243001037760_85,전략적 조직운영을 위한 인사관리 실무,전략적 조직운영을 위한 인사관리 실무,에듀퓨어,에듀퓨어,02020201,,02,02,JOB_0202_HR,CLEAR,2025-01-02,2025-01-31,,,0.0,50490.0,500,경기 고양시 일산동구,,,2차,인사관리,INCLUDED,인사·조직관리
사업주훈련,ABA20243001037760,86,ABA20243001037760_86,전략적 조직운영을 위한 인사관리 실무,전략적 조직운영을 위한 인사관리 실무,에듀퓨어,에듀퓨어,02020201,,02,02,JOB_0202_HR,CLEAR,2025-01-03,2025-02-01,,,0.0,50490.0,500,경기 고양시 일산동구,,,2차,인사관리,INCLUDED,인사·조직관리
사업주훈련,ABA20243001012801,205,ABA20243001012801_205,[인사총무전문가] 총무기획과 총무자산관리,총무기획과 총무자산관리,에듀퓨어,에듀퓨어,02020101,,02,02,JOB_0201_GA,CLEAR,2025-01-03,2025-02-01,,,0.0,50490.0,150,경기 고양시 일산동구,,,2차,인사관리,INCLUDED,총무·자산관리
사업주훈련,ABA20243001060504,1,ABA20243001060504_1,Spring 기반 프레임워크를 활용한 JAVA 웹개발 실무훈련 (채용예정자 과정),Spring 기반 프레임워크를 활용한 JAVA 웹개발 실무훈련,해피잡교육학원,해피잡교육학원,20010202,,20,01,JOB_0201_GA,REVIEW_NEEDED,2025-01-16,2025-02-20,,,0.0,1165120.0,20,서울 구로구,,,2차,채용실무,REVIEW_NEEDED,검토필요
사업주훈련,AIG20220000383835,15,AIG20220000383835_15,채용에서 퇴직까지 인사관리 실무(8H),채용에서 퇴직까지 인사관리 실무,더존평생교육원,더존평생교육원,02020201,,02,02,JOB_0202_HR,CLEAR,2025-01-20,2025-01-20,,,68080.0,218080.0,28,서울 강남구,,,2차,채용실무,INCLUDED,인사·채용관리
사업주훈련,ABA20243001052733,2,ABA20243001052733_2,채용에서 퇴직까지 인사노무관리 핵심실무,채용에서 퇴직까지 인사노무관리 핵심실무,케이지에듀원 원격평생교육원,케이지에듀원 원격평생교육원,02020201,,02,02,JOB_0202_HR,CLEAR,2025-02-01,2025-02-28,,,0.0,110000.0,500,서울 동작구,,,2차,채용실무,INCLUDED,인사·채용관리
사업주훈련,AIG20240000492923,1,AIG20240000492923_1,채용에서 퇴직까지 인사노무임금관리실무,채용에서 퇴직까지 인사노무임금관리실무,씨에프오아카데미평생교육원,씨에프오아카데미평생교육원,02020202,,02,02,JOB_0202_HR,CLEAR,2025-02-17,2025-02-18,,,119140.0,420000.0,36,서울 강남구,,,2차,채용실무,INCLUDED,인사·채용관리
사업주훈련,ABA20253001063370,1,ABA20253001063370_1,[2025기업직업훈련카드]채용에서 퇴직까지 인사노무관리 핵심실무,채용에서 퇴직까지 인사노무관리 핵심실무,러닝플러스 주식회사,러닝플러스,02020201,,02,02,JOB_0202_HR,CLEAR,2025-02-19,2025-03-18,,,0.0,50490.0,2000,부산 부산진구,,,2차,채용실무,INCLUDED,인사·채용관리
사업주훈련,AIG20220000383835,16,AIG20220000383835_16,채용에서 퇴직까지 인사관리 실무(8H),채용에서 퇴직까지 인사관리 실무,더존평생교육원,더존평생교육원,02020201,,02,02,JOB_0202_HR,CLEAR,2025-02-19,2025-02-19,,,68080.0,218080.0,28,서울 강남구,,,2차,채용실무,INCLUDED,인사·채용관리
사업주훈련,ABA20253001067788,1,ABA20253001067788_1,reAct.js를 활용한 프로젝트 실무 훈련(채용예정자 과정),reAct.js를 활용한 프로젝트 실무 훈련,해피잡교육학원,해피잡교육학원,20010202,,20,01,JOB_0201_GA,REVIEW_NEEDED,2025-02-24,2025-03-26,,,0.0,1165120.0,20,서울 구로구,,,2차,채용실무,REVIEW_NEEDED,검토필요
사업주훈련,ABA20243001051659,1,ABA20243001051659_1,EB24P8 채용에서 퇴직까지 인사노무관리 핵심실무,EB24P8 채용에서 퇴직까지 인사노무관리 핵심실무,멀티캠퍼스 원격평생교육원,멀티캠퍼스 원격평생교육원,02020201,,02,02,JOB_0202_HR,CLEAR,2025-03-01,2025-03-31,,,0.0,110000.0,1000,서울 강남구,,,2차,채용실무,INCLUDED,인사·채용관리
사업주훈련,ABA20243001036557,15,ABA20243001036557_15,실무사례로 알아보는 근로기준법,실무사례로 알아보는 근로기준법,중앙법률원격평생교육원,중앙법률원격평생교육원,02020202,,02,02,JOB_0203_LABOR,CLEAR,2025-01-02,2025-02-01,,,0.0,83160.0,200,서울 서초구,,,2차,근로기준법,INCLUDED,노무관리
사업주훈련,ABA20243001036557,16,ABA20243001036557_16,실무사례로 알아보는 근로기준법,실무사례로 알아보는 근로기준법,중앙법률원격평생교육원,중앙법률원격평생교육원,02020202,,02,02,JOB_0203_LABOR,CLEAR,2025-01-09,2025-02-08,,,0.0,83160.0,200,서울 서초구,,,2차,근로기준법,INCLUDED,노무관리
사업주훈련,AIG20240000475110,1,AIG20240000475110_1,"2일 완성, 노동법 마스터(근로기준법)","2일 완성, 노동법 마스터",중앙경제HR교육원,중앙경제HR교육원,02020202,,02,02,JOB_0203_LABOR,CLEAR,2025-01-09,2025-01-10,,,119140.0,600000.0,42,서울 중구,,,2차,근로기준법,INCLUDED,노무관리
사업주훈련,ABA20243001036557,17,ABA20243001036557_17,실무사례로 알아보는 근로기준법,실무사례로 알아보는 근로기준법,중앙법률원격평생교육원,중앙법률원격평생교육원,02020202,,02,02,JOB_0203_LABOR,CLEAR,2025-01-16,2025-02-15,,,0.0,83160.0,200,서울 서초구,,,2차,근로기준법,INCLUDED,노무관리
사업주훈련,ABA20243001036557,18,ABA20243001036557_18,실무사례로 알아보는 근로기준법,실무사례로 알아보는 근로기준법,중앙법률원격평생교육원,중앙법률원격평생교육원,02020202,,02,02,JOB_0203_LABOR,CLEAR,2025-01-23,2025-02-22,,,0.0,83160.0,200,서울 서초구,,,2차,근로기준법,INCLUDED,노무관리
사업주훈련,ABA20243001036557,19,ABA20243001036557_19,실무사례로 알아보는 근로기준법,실무사례로 알아보는 근로기준법,중앙법률원격평생교육원,중앙법률원격평생교육원,02020202,,02,02,JOB_0203_LABOR,CLEAR,2025-01-30,2025-02-28,,,0.0,83160.0,200,서울 서초구,,,2차,근로기준법,INCLUDED,노무관리
사업주훈련,AIG20240000475110,2,AIG20240000475110_2,"2일 완성, 노동법 마스터(근로기준법)","2일 완성, 노동법 마스터",중앙경제HR교육원,중앙경제HR교육원,02020202,,02,02,JOB_0203_LABOR,CLEAR,2025-02-04,2025-02-05,,,119140.0,600000.0,42,서울 중구,,,2차,근로기준법,INCLUDED,노무관리
사업주훈련,ABA20243001036557,20,ABA20243001036557_20,실무사례로 알아보는 근로기준법,실무사례로 알아보는 근로기준법,중앙법률원격평생교육원,중앙법률원격평생교육원,02020202,,02,02,JOB_0203_LABOR,CLEAR,2025-02-06,2025-03-05,,,0.0,83160.0,200,서울 서초구,,,2차,근로기준법,INCLUDED,노무관리
사업주훈련,ABA20253001062023,1,ABA20253001062023_1,[2025기업직업훈련카드]실무사례로 알아보는 근로기준법,실무사례로 알아보는 근로기준법,중앙법률원격평생교육원,중앙법률원격평생교육원,02020202,,02,02,JOB_0203_LABOR,CLEAR,2025-02-10,2025-03-09,,,0.0,83160.0,200,서울 서초구,,,2차,근로기준법,INCLUDED,노무관리
사업주훈련,ABA20243001036557,21,ABA20243001036557_21,실무사례로 알아보는 근로기준법,실무사례로 알아보는 근로기준법,중앙법률원격평생교육원,중앙법률원격평생교육원,02020202,,02,02,JOB_0203_LABOR,CLEAR,2025-02-13,2025-03-12,,,0.0,83160.0,200,서울 서초구,,,2차,근로기준법,INCLUDED,노무관리
사업주훈련,ABA20243001023642,6,ABA20243001023642_6,인사평가체계 구축 및 운영 방법,인사평가체계 구축 및 운영 방법,온캠퍼스원격평생교육원,온캠퍼스원격평생교육원,02020201,,02,02,JOB_0202_HR,CLEAR,2025-01-01,2025-01-30,,,0.0,50490.0,1000,서울 서초구,,,2차,인사평가,INCLUDED,인사·평가보상
사업주훈련,ABA20243001000121,10,ABA20243001000121_10,인사평가체계 구축 및 운영 방법,인사평가체계 구축 및 운영 방법,(주)휴넷,휴넷,02020201,,02,02,JOB_0202_HR,CLEAR,2025-01-01,2025-01-31,,,0.0,110000.0,1500,서울 구로구,,,2차,인사평가,INCLUDED,인사·평가보상
사업주훈련,ABA20243001023642,7,ABA20243001023642_7,인사평가체계 구축 및 운영 방법,인사평가체계 구축 및 운영 방법,온캠퍼스원격평생교육원,온캠퍼스원격평생교육원,02020201,,02,02,JOB_0202_HR,CLEAR,2025-02-05,2025-03-06,,,0.0,50490.0,1000,서울 서초구,,,2차,인사평가,INCLUDED,인사·평가보상
사업주훈련,ABA20243001000121,11,ABA20243001000121_11,인사평가체계 구축 및 운영 방법,인사평가체계 구축 및 운영 방법,(주)휴넷,휴넷,02020201,,02,02,JOB_0202_HR,CLEAR,2025-02-20,2025-03-19,,,0.0,110000.0,1500,서울 구로구,,,2차,인사평가,INCLUDED,인사·평가보상
사업주훈련,ABA20243001051630,1,ABA20243001051630_1,EB24OH 인사평가체계 구축 및 운영 방법,EB24OH 인사평가체계 구축 및 운영 방법,멀티캠퍼스 원격평생교육원,멀티캠퍼스 원격평생교육원,02020201,,02,02,JOB_0202_HR,CLEAR,2025-03-01,2025-03-31,,,0.0,110000.0,2000,서울 강남구,,,2차,인사평가,INCLUDED,인사·평가보상
사업주훈련,ABA20243001000121,12,ABA20243001000121_12,인사평가체계 구축 및 운영 방법,인사평가체계 구축 및 운영 방법,(주)휴넷,휴넷,02020201,,02,02,JOB_0202_HR,CLEAR,2025-03-01,2025-03-31,,,0.0,110000.0,1500,서울 구로구,,,2차,인사평가,INCLUDED,인사·평가보상
사업주훈련,ABA20243001000115,23,ABA20243001000115_23,[기업직업훈련카드] 인사평가체계 구축 및 운영 방법,인사평가체계 구축 및 운영 방법,(주)휴넷,휴넷,02020201,,02,02,JOB_0202_HR,CLEAR,2025-03-01,2025-03-31,,,0.0,50490.0,1500,서울 구로구,,,2차,인사평가,INCLUDED,인사·평가보상
사업주훈련,ABA20243001023642,8,ABA20243001023642_8,인사평가체계 구축 및 운영 방법,인사평가체계 구축 및 운영 방법,온캠퍼스원격평생교육원,온캠퍼스원격평생교육원,02020201,,02,02,JOB_0202_HR,CLEAR,2025-03-05,2025-04-03,,,0.0,50490.0,1000,서울 서초구,,,2차,인사평가,INCLUDED,인사·평가보상
사업주훈련,AIG20240000472845,1,AIG20240000472845_1,실전! 인사평가제도 기획 방법론,실전! 인사평가제도 기획 방법론,HR에듀센터 인사드림,HR에듀센터 인사드림,02020201,,02,02,JOB_0202_HR,CLEAR,2025-03-07,2025-03-07,,,68080.0,300000.0,15,서울 서초구,,,2차,인사평가,INCLUDED,인사·평가보상
사업주훈련,ABA20243001000115,24,ABA20243001000115_24,[기업직업훈련카드] 인사평가체계 구축 및 운영 방법,인사평가체계 구축 및 운영 방법,(주)휴넷,휴넷,02020201,,02,02,JOB_0202_HR,CLEAR,2025-03-10,2025-04-09,,,0.0,50490.0,1500,서울 구로구,,,2차,인사평가,INCLUDED,인사·평가보상
사업주훈련,ABA20243001012801,206,ABA20243001012801_206,[인사총무전문가] 총무기획과 총무자산관리,총무기획과 총무자산관리,에듀퓨어,에듀퓨어,02020101,,02,02,JOB_0201_GA,CLEAR,2025-01-04,2025-02-02,,,0.0,50490.0,150,경기 고양시 일산동구,,,2차,총무관리,INCLUDED,총무·자산관리
사업주훈련,ABA20243001012801,207,ABA20243001012801_207,[인사총무전문가] 총무기획과 총무자산관리,총무기획과 총무자산관리,에듀퓨어,에듀퓨어,02020101,,02,02,JOB_0201_GA,CLEAR,2025-01-05,2025-02-03,,,0.0,50490.0,150,경기 고양시 일산동구,,,2차,총무관리,INCLUDED,총무·자산관리
사업주훈련,ABA20243001012801,208,ABA20243001012801_208,[인사총무전문가] 총무기획과 총무자산관리,총무기획과 총무자산관리,에듀퓨어,에듀퓨어,02020101,,02,02,JOB_0201_GA,CLEAR,2025-01-06,2025-02-04,,,0.0,50490.0,150,경기 고양시 일산동구,,,2차,총무관리,INCLUDED,총무·자산관리
사업주훈련,ABA20243001012801,209,ABA20243001012801_209,[인사총무전문가] 총무기획과 총무자산관리,총무기획과 총무자산관리,에듀퓨어,에듀퓨어,02020101,,02,02,JOB_0201_GA,CLEAR,2025-01-07,2025-02-05,,,0.0,50490.0,150,경기 고양시 일산동구,,,2차,총무관리,INCLUDED,총무·자산관리
사업주훈련,ABA20243001012801,210,ABA20243001012801_210,[인사총무전문가] 총무기획과 총무자산관리,총무기획과 총무자산관리,에듀퓨어,에듀퓨어,02020101,,02,02,JOB_0201_GA,CLEAR,2025-01-08,2025-02-06,,,0.0,50490.0,150,경기 고양시 일산동구,,,2차,총무관리,INCLUDED,총무·자산관리
사업주훈련,ABA20243001036526,9,ABA20243001036526_9,급변하는 비즈니스 환경의 총무관리 역할,급변하는 비즈니스 환경의 총무관리 역할,한국직장인교육센터평생교육원,한국직장인교육센터평생교육원,02020101,,02,02,JOB_0201_GA,CLEAR,2025-01-08,2025-02-06,,,0.0,123200.0,1500,서울 구로구,,,2차,총무관리,INCLUDED,총무·일반사무
사업주훈련,ABA20243001058355,1,ABA20243001058355_1,농협은행 자산관리 전문역 양성(2025-1)(기업맞춤형),농협은행 자산관리 전문역 양성,한국금융연수원,한국금융연수원,03010103,,03,01,JOB_0201_GA,CLEAR,2025-01-02,2025-06-30,,,0.0,14876000.0,48,서울 종로구,,,2차,자산관리,INCLUDED,총무·자산관리
