source_api,course_id,course_turn,instance_key,course_name_raw,course_name_std,institution_name_raw,institution_name_std,ncs_classification_code,ncs_unit_code,ncs_lclas_cd,ncs_mclas_cd,job_id,job_clarity,start_date,end_date,training_hours,credits,cost_total,cost_self,capacity,region,edu_goal_text,edu_content_text,step3_status,step3_target_job,step3_hr_ga_category,classification_reason
국민내일배움카드,ACG20243001028388,5,ACG20243001028388_5,포스트 차이나 시대-동남아에서 미래를 찾다!,포스트 차이나 시대-동남아에서 미래를 찾다!,비트캠퍼스(BITcampus),비트캠퍼스(BITcampus),01010201,,01,01,JOB_0101_MGMT,REVIEW_NEEDED,2025-01-01,2025-01-31,,,87780.0,87780.0,2000.0,서울 서초구,,,REVIEW_NEEDED,경영·일반교양,인접교양,거시경제/글로벌 동향 등 교양·시사 성격 강좌로 직무 고유 역량과의 연계성 검토 필요
국민내일배움카드,ACG20243001035937,7,ACG20243001035937_7,커리어와 리더십을 모두 책임지는 Auto Work 코칭스킬!,커리어와 리더십을 모두 책임지는 Auto Work 코칭스킬!,이룸캠퍼스,이룸캠퍼스,04030101,,04,03,JOB_9999_OTHER,REVIEW_NEEDED,2025-01-01,2025-01-31,,,125400.0,125400.0,1000.0,경기 수원시 영통구,,,REVIEW_NEEDED,인사·리더십코칭,인접직무(HRD),"NCS 0403(평생교육/코칭)으로, 인사/조직문화/사내교육 연계 가능성에 대한 세부 검토 필요"
국민내일배움카드,ACG20243001026443,119,ACG20243001026443_119,초보자도 할 수 있는 디지털 마케팅: SNS와 블로그 활용 A to Z,초보자도 할 수 있는 디지털 마케팅: SNS와 블로그 활용 A to Z,윈스펙원격평생교육원,윈스펙원격평생교육원,02010301,,02,01,JOB_0201_GA,CLEAR,2025-01-01,2025-01-30,,,62370.0,62370.0,500.0,서울 강남구,,,REVIEW_NEEDED,마케팅·영업기획,인접직무(마케팅),NCS 020103 마케팅/STP/콘텐츠 과정으로 일반 사무와 구분되는 영업마케팅 전문 영역
국민내일배움카드,ACG20243000974726,338,ACG20243000974726_338,[마케팅전문가양성코스] 마케팅 분석과 STP 전략,마케팅 분석과 STP 전략,윈스펙원격평생교육원,윈스펙원격평생교육원,02010301,,02,01,JOB_0201_GA,CLEAR,2025-01-01,2025-01-30,,,50490.0,50490.0,500.0,서울 강남구,,,REVIEW_NEEDED,마케팅·영업기획,인접직무(마케팅),NCS 020103 마케팅/STP/콘텐츠 과정으로 일반 사무와 구분되는 영업마케팅 전문 영역
사업주훈련,ABA20243000983062,296,ABA20243000983062_296,애자일 프로젝트 실무(입문),애자일 프로젝트 실무(입문),에듀퓨어,에듀퓨어,01010102,,01,01,JOB_0101_MGMT,REVIEW_NEEDED,2025-01-01,2025-01-30,,,0.0,115000.0,150.0,경기 고양시 일산동구,,,REVIEW_NEEDED,경영기획·프로젝트,인접직무(기획),"애자일/IT프로젝트 등 인접 프로젝트 관리 역량으로, 총무·인사 부서의 적용 범위 검토 필요"
사업주훈련,ABA20243000999206,4,ABA20243000999206_4,한국경제의미래,한국경제의미래,(주)알파코,알파코,02010101,,02,01,JOB_0201_GA,CLEAR,2025-01-01,2025-02-28,,,0.0,90000.0,2000.0,서울 성동구,,,REVIEW_NEEDED,경영·일반교양,인접교양,거시경제/글로벌 동향 등 교양·시사 성격 강좌로 직무 고유 역량과의 연계성 검토 필요
사업주훈련,ABA20243001012797,203,ABA20243001012797_203,AI 시대 일잘러의 필수 역량! 데이터 분석 업무에 적용하기,AI 시대 일잘러의 필수 역량! 데이터 분석 업무에 적용하기,에듀퓨어,에듀퓨어,20010107,,20,01,JOB_9999_OTHER,REVIEW_NEEDED,2025-01-01,2025-01-30,,,0.0,47520.0,150.0,경기 고양시 일산동구,,,REVIEW_NEEDED,사무·데이터분석(AI),인접직무(AI/데이터),"NCS 200101(IT/빅데이터) 코드이나, 강의 내용이 일반 직장인의 업무 적용이므로 사무 역량 편입 여부 검토 필요"
사업주훈련,ABA20243001014702,4,ABA20243001014702_4,좋아요를 터뜨리는 콘텐츠마케팅 데이터 분석,좋아요를 터뜨리는 콘텐츠마케팅 데이터 분석,(주)휴넷,휴넷,02010301,,02,01,JOB_0201_GA,CLEAR,2025-01-01,2025-01-31,,,0.0,150000.0,1500.0,서울 구로구,,,REVIEW_NEEDED,마케팅·영업기획,인접직무(마케팅),NCS 020103 마케팅/STP/콘텐츠 과정으로 일반 사무와 구분되는 영업마케팅 전문 영역
사업주훈련,ABA20243001025042,140,ABA20243001025042_140,모르면 놓치기 쉬운 사내 정보 보안 A to Z!,모르면 놓치기 쉬운 사내 정보 보안 A to Z!,에듀퓨어,에듀퓨어,20010601,,20,01,JOB_9999_OTHER,REVIEW_NEEDED,2025-01-01,2025-01-30,,,0.0,47520.0,150.0,경기 고양시 일산동구,,,REVIEW_NEEDED,사내보안·총무지원,인접직무(보안),"NCS 200106 정보보안이나, 사내 정보보호 및 총무 시설보안 연계 여부 검토 필요"
사업주훈련,ABA20243001012790,203,ABA20243001012790_203,"돈 공부의 첫 걸음, 박정호의 의식주 경제","돈 공부의 첫 걸음, 박정호의 의식주 경제",에듀퓨어,에듀퓨어,02010101,,02,01,JOB_0201_GA,CLEAR,2025-01-01,2025-01-30,,,0.0,47520.0,150.0,경기 고양시 일산동구,,,REVIEW_NEEDED,경영·일반교양,인접교양,거시경제/글로벌 동향 등 교양·시사 성격 강좌로 직무 고유 역량과의 연계성 검토 필요
사업주훈련,ABA20243001049744,1,ABA20243001049744_1,일잘러를 위한 IT 프로젝트,일잘러를 위한 IT 프로젝트,(주)휴넷,휴넷,20010401,,20,01,JOB_0101_MGMT,REVIEW_NEEDED,2025-01-01,2025-01-31,,,0.0,110000.0,1000.0,서울 구로구,,,REVIEW_NEEDED,경영기획·프로젝트,인접직무(기획),"애자일/IT프로젝트 등 인접 프로젝트 관리 역량으로, 총무·인사 부서의 적용 범위 검토 필요"
사업주훈련,ABA20243001001805,4,ABA20243001001805_4,EB1YZ9 AI 시대 일잘러의 필수 역량! 데이터 분석 업무에 적용하기,EB1YZ9 AI 시대 일잘러의 필수 역량! 데이터 분석 업무에 적용하기,멀티캠퍼스 원격평생교육원,멀티캠퍼스 원격평생교육원,20010107,,20,01,JOB_9999_OTHER,REVIEW_NEEDED,2025-01-01,2025-01-31,,,0.0,120000.0,2000.0,서울 강남구,,,REVIEW_NEEDED,사무·데이터분석(AI),인접직무(AI/데이터),"NCS 200101(IT/빅데이터) 코드이나, 강의 내용이 일반 직장인의 업무 적용이므로 사무 역량 편입 여부 검토 필요"
NCS 교육과정,NCS_CRS_02030102_1,1,NCS_CRS_02030102_1_1,동선관리과목,동선관리과목,마이스터고 실험학과3,마이스터고 실험학과3,02030102,,02,03,JOB_0201_GA,CLEAR,,,3.0,3.0,0.0,0.0,,마이스터고,"자산관리는 기업의 자산가치를 증진시키기 위하여 자산관리 목표와 계획을 수립하고 자산의 취득, 운영, 매각 및 평가 등을 수행하는 일이다.","업무용 동산관리는 조직의 업무 효율성을 극대화하기 위하여 보유 동산자산에 대한 관리계획, 집행, 평가를 포함한 관리활동을 수행하는 능력이다.",REVIEW_NEEDED,사회적경제·학사과정,조건부검토(대학정규),전문대/마이스터고 학과목 개설 과정(사회적경제/동선관리)으로 일반 재직자/구직자 직무교육 추천 풀 편입 시 추가 검토 요망
NCS 교육과정,NCS_CRS_02030102_2,1,NCS_CRS_02030102_2_1,목표수립과목,목표수립과목,마이스터고 실험학과3,마이스터고 실험학과3,02030102,,02,03,JOB_0201_GA,CLEAR,,,3.0,3.0,0.0,0.0,,마이스터고,"자산관리는 기업의 자산가치를 증진시키기 위하여 자산관리 목표와 계획을 수립하고 자산의 취득, 운영, 매각 및 평가 등을 수행하는 일이다.","자산관리 목표수립이란 조직이 보유한 부동산, 동산 등의 자산을 효과적으로 관리하기 위하여 시장분석과 현황 분석을 통해 목표를 수립하는 능력이다.",REVIEW_NEEDED,사회적경제·학사과정,조건부검토(대학정규),전문대/마이스터고 학과목 개설 과정(사회적경제/동선관리)으로 일반 재직자/구직자 직무교육 추천 풀 편입 시 추가 검토 요망
NCS 교육과정,NCS_CRS_02010101_3,1,NCS_CRS_02010101_3_1,사회적기업혁신론,사회적기업혁신론,전문대 사회적경제복지학과,전문대 사회적경제복지학과,02010101,,02,01,JOB_0201_GA,CLEAR,,,3.0,3.0,0.0,0.0,,전문대,경영기획은 경영목표를 효과적으로 달성하기 위한 전략을 수립하고 최적의 자원을 효율적으로 배분하도록 경영진의 의사결정을 체계적으로 지원하는 일이다.,"경영계획 수립은 기업의 중장기 경영전략 방향과 연간 경영방침을 설정하고, 그에 따른 경영목표를 수립하며, 이를 달성하기 위한 구체적인 사업계획을 수립, 조정하는 능력이다.",REVIEW_NEEDED,사회적경제·학사과정,조건부검토(대학정규),전문대/마이스터고 학과목 개설 과정(사회적경제/동선관리)으로 일반 재직자/구직자 직무교육 추천 풀 편입 시 추가 검토 요망
NCS 교육과정,NCS_CRS_02010101_4,1,NCS_CRS_02010101_4_1,사회적경제사례연구,사회적경제사례연구,전문대 사회적경제복지학과,전문대 사회적경제복지학과,02010101,,02,01,JOB_0201_GA,CLEAR,,,3.0,3.0,0.0,0.0,,전문대,경영기획은 경영목표를 효과적으로 달성하기 위한 전략을 수립하고 최적의 자원을 효율적으로 배분하도록 경영진의 의사결정을 체계적으로 지원하는 일이다.,"사업환경 분석은 기업의 내부환경 분석과 외부환경 분석 과정을 거쳐 사업의 핵심성공요소를 도출하는 능력이다.
사업환경 분석은 기업의 내부환경 분석과 외부환경 분석 과정을 거쳐 사업의 핵심성공요소를 도출하는 능력이다.
신규사업 기획은 사업을 추진하는 주체가 보유하고 있는 신규사업 아이디어를 투자, 생산, 마케팅과 같은 경영활동들을 통해 구체화해 나가는 과정을 기획하는 능력이다.
경영실적 분석은 경영활동의 건전성을 위하여 경영실적 점검 계획 수립, 경영 실적 측정, 경영 실적 분석, 경영 실적 피드백을 수행하는 능력이다.",REVIEW_NEEDED,사회적경제·학사과정,조건부검토(대학정규),전문대/마이스터고 학과목 개설 과정(사회적경제/동선관리)으로 일반 재직자/구직자 직무교육 추천 풀 편입 시 추가 검토 요망
NCS 교육과정,NCS_CRS_02010101_5,1,NCS_CRS_02010101_5_1,사회적경제경영실무1,사회적경제경영실무1,전문대 사회적경제복지학과,전문대 사회적경제복지학과,02010101,,02,01,JOB_0201_GA,CLEAR,,,3.0,3.0,0.0,0.0,,전문대,경영기획은 경영목표를 효과적으로 달성하기 위한 전략을 수립하고 최적의 자원을 효율적으로 배분하도록 경영진의 의사결정을 체계적으로 지원하는 일이다.,"경영방침 수립은 기업경영을 위한 비전과 사명을 도출하고 이에 기반한 기업 구성원들의 핵심가치를 제시하는 능력이다.
경영계획 수립은 기업의 중장기 경영전략 방향과 연간 경영방침을 설정하고, 그에 따른 경영목표를 수립하며, 이를 달성하기 위한 구체적인 사업계획을 수립, 조정하는 능력이다.
예산관리는 경영목표에 따른 예산편성 지침을 수립한 후, 예산 소요를 파악하고, 예산을 조정ㆍ편성하여 예산 계획대비 실적을 분석하는 능력이다.",REVIEW_NEEDED,사회적경제·학사과정,조건부검토(대학정규),전문대/마이스터고 학과목 개설 과정(사회적경제/동선관리)으로 일반 재직자/구직자 직무교육 추천 풀 편입 시 추가 검토 요망
NCS 교육과정,NCS_CRS_02010101_6,1,NCS_CRS_02010101_6_1,사회적경제경영실무2,사회적경제경영실무2,전문대 사회적경제복지학과,전문대 사회적경제복지학과,02010101,,02,01,JOB_0201_GA,CLEAR,,,3.0,3.0,0.0,0.0,,전문대,경영기획은 경영목표를 효과적으로 달성하기 위한 전략을 수립하고 최적의 자원을 효율적으로 배분하도록 경영진의 의사결정을 체계적으로 지원하는 일이다.,"경영방침 수립은 기업경영을 위한 비전과 사명을 도출하고 이에 기반한 기업 구성원들의 핵심가치를 제시하는 능력이다.
경영계획 수립은 기업의 중장기 경영전략 방향과 연간 경영방침을 설정하고, 그에 따른 경영목표를 수립하며, 이를 달성하기 위한 구체적인 사업계획을 수립, 조정하는 능력이다.
예산관리는 경영목표에 따른 예산편성 지침을 수립한 후, 예산 소요를 파악하고, 예산을 조정ㆍ편성하여 예산 계획대비 실적을 분석하는 능력이다.",REVIEW_NEEDED,사회적경제·학사과정,조건부검토(대학정규),전문대/마이스터고 학과목 개설 과정(사회적경제/동선관리)으로 일반 재직자/구직자 직무교육 추천 풀 편입 시 추가 검토 요망
NCS 교육과정,NCS_CRS_02010101_7,1,NCS_CRS_02010101_7_1,도시재생 지역공동체,도시재생 지역공동체,전문대 사회적경제복지학과,전문대 사회적경제복지학과,02010101,,02,01,JOB_0201_GA,CLEAR,,,3.0,3.0,0.0,0.0,,전문대,경영기획은 경영목표를 효과적으로 달성하기 위한 전략을 수립하고 최적의 자원을 효율적으로 배분하도록 경영진의 의사결정을 체계적으로 지원하는 일이다.,"이해관계자 관리는 회사의 목표달성에 영향을 미치는 개인 또는 단체를 파악하고, 이들의 특성과 기대사항을 분석하여 체계적으로 대응하는 능력이다.",REVIEW_NEEDED,사회적경제·학사과정,조건부검토(대학정규),전문대/마이스터고 학과목 개설 과정(사회적경제/동선관리)으로 일반 재직자/구직자 직무교육 추천 풀 편입 시 추가 검토 요망
NCS 교육과정,NCS_CRS_02010101_8,1,NCS_CRS_02010101_8_1,ESG와 지속가능 경영,ESG와 지속가능 경영,전문대 사회적경제복지학과,전문대 사회적경제복지학과,02010101,,02,01,JOB_0201_GA,CLEAR,,,3.0,3.0,0.0,0.0,,전문대,경영기획은 경영목표를 효과적으로 달성하기 위한 전략을 수립하고 최적의 자원을 효율적으로 배분하도록 경영진의 의사결정을 체계적으로 지원하는 일이다.,"신규사업 기획은 사업을 추진하는 주체가 보유하고 있는 신규사업 아이디어를 투자, 생산, 마케팅과 같은 경영활동들을 통해 구체화해 나가는 과정을 기획하는 능력이다.
사업환경 분석은 기업의 내부환경 분석과 외부환경 분석 과정을 거쳐 사업의 핵심성공요소를 도출하는 능력이다.
이해관계자 관리는 회사의 목표달성에 영향을 미치는 개인 또는 단체를 파악하고, 이들의 특성과 기대사항을 분석하여 체계적으로 대응하는 능력이다.",REVIEW_NEEDED,사회적경제·학사과정,조건부검토(대학정규),전문대/마이스터고 학과목 개설 과정(사회적경제/동선관리)으로 일반 재직자/구직자 직무교육 추천 풀 편입 시 추가 검토 요망
NCS 교육과정,NCS_CRS_02010101_9,1,NCS_CRS_02010101_9_1,사회적경제 가치 평가,사회적경제 가치 평가,전문대 사회적경제복지학과,전문대 사회적경제복지학과,02010101,,02,01,JOB_0201_GA,CLEAR,,,3.0,3.0,0.0,0.0,,전문대,경영기획은 경영목표를 효과적으로 달성하기 위한 전략을 수립하고 최적의 자원을 효율적으로 배분하도록 경영진의 의사결정을 체계적으로 지원하는 일이다.,"경영실적 분석은 경영활동의 건전성을 위하여 경영실적 점검 계획 수립, 경영 실적 측정, 경영 실적 분석, 경영 실적 피드백을 수행하는 능력이다.",REVIEW_NEEDED,사회적경제·학사과정,조건부검토(대학정규),전문대/마이스터고 학과목 개설 과정(사회적경제/동선관리)으로 일반 재직자/구직자 직무교육 추천 풀 편입 시 추가 검토 요망
NCS 교육과정,NCS_CRS_02010101_10,1,NCS_CRS_02010101_10_1,사회적금융,사회적금융,전문대 사회적경제복지학과,전문대 사회적경제복지학과,02010101,,02,01,JOB_0201_GA,CLEAR,,,3.0,3.0,0.0,0.0,,전문대,경영기획은 경영목표를 효과적으로 달성하기 위한 전략을 수립하고 최적의 자원을 효율적으로 배분하도록 경영진의 의사결정을 체계적으로 지원하는 일이다.,"예산관리는 경영목표에 따른 예산편성 지침을 수립한 후, 예산 소요를 파악하고, 예산을 조정ㆍ편성하여 예산 계획대비 실적을 분석하는 능력이다.
경영 리스크 관리는 기업경영에서 발생할 수 있는 리스크를 허용 가능한 수준 이하로 관리하기 위해 리스크 파악, 리스크 위험도 측정, 리스크 사전대응계획 수립, 리스크 사전대응활동 점검, 리스크  대응 활동을 수행하는 능력이다.",REVIEW_NEEDED,사회적경제·학사과정,조건부검토(대학정규),전문대/마이스터고 학과목 개설 과정(사회적경제/동선관리)으로 일반 재직자/구직자 직무교육 추천 풀 편입 시 추가 검토 요망
