source_api,course_id,course_turn,instance_key,course_name_raw,course_name_std,institution_name_raw,institution_name_std,ncs_classification_code,ncs_unit_code,ncs_lclas_cd,ncs_mclas_cd,job_id,job_clarity,start_date,end_date,training_hours,credits,cost_total,cost_self,capacity,region,edu_goal_text,edu_content_text,step3_status,step3_target_job,step3_hr_ga_category,classification_reason,round,_target_keyword,duration_days,duration_group,course_level_group
국민내일배움카드,ACG20243000973001,324,ACG20243000973001_324,알베르토와 함께하는 글로벌 비즈니스 매너,알베르토와 함께하는 글로벌 비즈니스 매너,에듀퓨어,에듀퓨어,02040302,,02,04,JOB_0204_SEC,CLEAR,2025-01-01,2025-01-30,,,47520.0,47520.0,150.0,경기 고양시 일산동구,,,INCLUDED,총무·비서행정,총무·사무,비즈니스 에티켓 및 대내외 소통 능력 함양으로 총무·비서·사무지원 직무에 직결,1차,,30,1개월 (30~31일),중급/실무
국민내일배움카드,ACG20243001004189,245,ACG20243001004189_245,"기획력, 어떻게 끌리는 플랜을 세울 것인가?","기획력, 어떻게 끌리는 플랜을 세울 것인가?",에듀퓨어,에듀퓨어,02010101,,02,01,JOB_0201_GA,CLEAR,2025-01-01,2025-01-30,,,50490.0,50490.0,150.0,경기 고양시 일산동구,,,INCLUDED,총무·일반사무,총무·사무,업무 기획서 및 계획서 작성 역량으로 총무·일반사무 핵심 실무 직결,1차,,30,1개월 (30~31일),중급/실무
사업주훈련,ABA20243001045717,58,ABA20243001045717_58,핵심만 콕! 회사의 가치를 높여주는 홍보전략,핵심만 콕! 회사의 가치를 높여주는 홍보전략,에듀퓨어,에듀퓨어,02010201,,02,01,JOB_0201_GA,CLEAR,2025-01-01,2025-01-30,,,0.0,26730.0,500.0,경기 고양시 일산동구,,,INCLUDED,총무·홍보지원,총무·사무,NCS 020102(홍보) 기업 가치 제고 및 대내외 홍보 지원으로 총무·대외사무 직무 부합,1차,,30,1개월 (30~31일),중급/실무
사업주훈련,ABA20243001011994,6,ABA20243001011994_6,품격 있게 승리하는 직장인의 말하기 기술,품격 있게 승리하는 직장인의 말하기 기술,고려아카데미(원격),고려아카데미(원격),02010101,,02,01,JOB_0201_GA,CLEAR,2025-01-01,2025-02-28,,,0.0,84000.0,2000.0,서울 금천구,,,INCLUDED,총무·일반사무,총무·사무,직장 내 커뮤니케이션 및 비즈니스 회화 스킬로 사무지원 공통 직무 직결,1차,,59,2개월 (59~60일),중급/실무
사업주훈련,ABA20243001012836,203,ABA20243001012836_203,달콤한 업무꿀팁! 평범한 당신이 비범하게 일하는 기술,달콤한 업무꿀팁! 평범한 당신이 비범하게 일하는 기술,에듀퓨어,에듀퓨어,02010101,,02,01,JOB_0201_GA,CLEAR,2025-01-01,2025-01-30,,,0.0,50490.0,150.0,경기 고양시 일산동구,,,INCLUDED,총무·일반사무,총무·사무,사무 업무 프로세스 개선 및 효율화 꿀팁으로 일반사무 직무 직결,1차,,30,1개월 (30~31일),입문/초급
사업주훈련,ABA20243000994834,261,ABA20243000994834_261,핵심만 콕! 비즈니스 글쓰기와 보고서 작성 노하우,핵심만 콕! 비즈니스 글쓰기와 보고서 작성 노하우,에듀퓨어,에듀퓨어,02020302,,02,02,JOB_0202_HR,CLEAR,2025-01-01,2025-01-30,,,0.0,60000.0,150.0,경기 고양시 일산동구,,,INCLUDED,총무·일반사무,총무·사무,보고서 작성 및 사내외 커뮤니케이션 문서 작성으로 총무·사무행정 핵심 실무,1차,,30,1개월 (30~31일),중급/실무
사업주훈련,ABA20243001049771,3,ABA20243001049771_3,빨리 배워 바로 쓰는 엑셀 2013,빨리 배워 바로 쓰는 엑셀 2013,(주)휴넷,휴넷,02020302,,02,02,JOB_0202_HR,CLEAR,2025-01-01,2025-01-31,,,0.0,130000.0,1500.0,서울 구로구,,,INCLUDED,총무·일반사무,총무·사무,엑셀 스프레드시트를 활용한 데이터 취합/정리/서식 관리로 사무행정 필수 직무,1차,,31,1개월 (30~31일),입문/초급
사업주훈련,ABA20243001011985,5,ABA20243001011985_5,직장 생존력 UP! 데이터 마인드셋 장착하기,직장 생존력 UP! 데이터 마인드셋 장착하기,고려아카데미(원격),고려아카데미(원격),02010101,,02,01,JOB_0201_GA,CLEAR,2025-01-01,2025-02-28,,,0.0,84000.0,2000.0,서울 금천구,,,INCLUDED,총무·일반사무,총무·사무,사무 업무에서의 수치 데이터 해석 및 업무 적용 마인드셋으로 일반사무 직무 부합,1차,,59,2개월 (59~60일),입문/초급
사업주훈련,ABA20243000972962,324,ABA20243000972962_324,[Get it Trend] 한달 공부로 실무에 바로 통하는 데이터분석,한달 공부로 실무에 바로 통하는 데이터분석,에듀퓨어,에듀퓨어,02040101,,02,04,JOB_0204_SEC,CLEAR,2025-01-01,2025-01-30,,,0.0,26730.0,150.0,경기 고양시 일산동구,,,INCLUDED,총무·일반사무,총무·사무,NCS 0204(사무지원) 기반 사무직 실무 데이터 정리 및 분석 활용 과정,1차,,30,1개월 (30~31일),중급/실무
국민내일배움카드,ACG20243001038036,84,ACG20243001038036_84,전략적 조직운영을 위한 인사관리 실무,전략적 조직운영을 위한 인사관리 실무,에듀퓨어,에듀퓨어,02020201,,02,02,JOB_0202_HR,CLEAR,2025-01-01,2025-01-30,,,50490.0,50490.0,500,경기 고양시 일산동구,,,INCLUDED,인사·조직관리,,,2차,인사관리,30,1개월 (30~31일),고급/전문
국민내일배움카드,ACG20243001023998,11,ACG20243001023998_11,[인사총무전문가] 총무기획과 총무자산관리,총무기획과 총무자산관리,이룸캠퍼스,이룸캠퍼스,02020101,,02,02,JOB_0201_GA,CLEAR,2025-01-01,2025-01-31,,,50490.0,50490.0,500,경기 수원시 영통구,,,INCLUDED,총무·자산관리,,,2차,인사관리,31,1개월 (30~31일),중급/실무
국민내일배움카드,ACG20243001013346,203,ACG20243001013346_203,[인사총무전문가] 총무기획과 총무자산관리,총무기획과 총무자산관리,에듀퓨어,에듀퓨어,02020101,,02,02,JOB_0201_GA,CLEAR,2025-01-01,2025-01-30,,,50490.0,50490.0,150,경기 고양시 일산동구,,,INCLUDED,총무·자산관리,,,2차,인사관리,30,1개월 (30~31일),중급/실무
국민내일배움카드,ACG20233000954422,356,ACG20233000954422_356,전략적 조직운영을 위한 인사관리 실무,전략적 조직운영을 위한 인사관리 실무,윈스펙원격평생교육원,윈스펙원격평생교육원,02020201,,02,02,JOB_0202_HR,CLEAR,2025-01-01,2025-01-30,,,50490.0,50490.0,500,서울 강남구,,,INCLUDED,인사·조직관리,,,2차,인사관리,30,1개월 (30~31일),고급/전문
국민내일배움카드,ACG20243001054796,4,ACG20243001054796_4,채용에서 퇴직까지 인사노무관리 핵심실무,채용에서 퇴직까지 인사노무관리 핵심실무,케이지에듀원 원격평생교육원,케이지에듀원 원격평생교육원,02020201,,02,02,JOB_0202_HR,CLEAR,2025-01-01,2025-01-31,,,50490.0,50490.0,500,서울 동작구,,,INCLUDED,인사·채용관리,,,2차,인사관리,31,1개월 (30~31일),중급/실무
국민내일배움카드,ACG20243001040968,8,ACG20243001040968_8,전략적 조직운영을 위한 인사관리 실무,전략적 조직운영을 위한 인사관리 실무,케이지에듀원 원격평생교육원,케이지에듀원 원격평생교육원,02020201,,02,02,JOB_0202_HR,CLEAR,2025-01-01,2025-01-31,,,50490.0,50490.0,500,서울 동작구,,,INCLUDED,인사·조직관리,,,2차,인사관리,31,1개월 (30~31일),고급/전문
국민내일배움카드,ACG20243001051920,29,ACG20243001051920_29,채용에서 퇴직까지 인사노무관리 핵심실무,채용에서 퇴직까지 인사노무관리 핵심실무,주식회사 아카스타,아카스타,02020201,,02,02,JOB_0202_HR,CLEAR,2025-01-02,2025-02-01,,,50490.0,50490.0,1000,부산 남구,,,INCLUDED,인사·채용관리,,,2차,인사관리,31,1개월 (30~31일),중급/실무
국민내일배움카드,ACG20243001038036,85,ACG20243001038036_85,전략적 조직운영을 위한 인사관리 실무,전략적 조직운영을 위한 인사관리 실무,에듀퓨어,에듀퓨어,02020201,,02,02,JOB_0202_HR,CLEAR,2025-01-02,2025-01-31,,,50490.0,50490.0,500,경기 고양시 일산동구,,,INCLUDED,인사·조직관리,,,2차,인사관리,30,1개월 (30~31일),고급/전문
국민내일배움카드,ACG20243001013346,204,ACG20243001013346_204,[인사총무전문가] 총무기획과 총무자산관리,총무기획과 총무자산관리,에듀퓨어,에듀퓨어,02020101,,02,02,JOB_0201_GA,CLEAR,2025-01-02,2025-01-31,,,50490.0,50490.0,150,경기 고양시 일산동구,,,INCLUDED,총무·자산관리,,,2차,인사관리,30,1개월 (30~31일),중급/실무
국민내일배움카드,ACG20243000985011,42,ACG20243000985011_42,채용에서 퇴직까지 인사노무관리 핵심실무,채용에서 퇴직까지 인사노무관리 핵심실무,한국이러닝협회,한국이러닝협회,02020201,,02,02,JOB_0202_HR,CLEAR,2025-01-02,2025-01-29,,,50490.0,50490.0,500,서울 구로구,,,INCLUDED,인사·채용관리,,,2차,채용실무,28,1개월 (30~31일),중급/실무
국민내일배움카드,ACG20243001051920,30,ACG20243001051920_30,채용에서 퇴직까지 인사노무관리 핵심실무,채용에서 퇴직까지 인사노무관리 핵심실무,주식회사 아카스타,아카스타,02020201,,02,02,JOB_0202_HR,CLEAR,2025-01-03,2025-02-02,,,50490.0,50490.0,1000,부산 남구,,,INCLUDED,인사·채용관리,,,2차,채용실무,31,1개월 (30~31일),중급/실무
국민내일배움카드,ACG20243001051920,31,ACG20243001051920_31,채용에서 퇴직까지 인사노무관리 핵심실무,채용에서 퇴직까지 인사노무관리 핵심실무,주식회사 아카스타,아카스타,02020201,,02,02,JOB_0202_HR,CLEAR,2025-01-06,2025-02-05,,,50490.0,50490.0,1000,부산 남구,,,INCLUDED,인사·채용관리,,,2차,채용실무,31,1개월 (30~31일),중급/실무
국민내일배움카드,ACG20243001051920,32,ACG20243001051920_32,채용에서 퇴직까지 인사노무관리 핵심실무,채용에서 퇴직까지 인사노무관리 핵심실무,주식회사 아카스타,아카스타,02020201,,02,02,JOB_0202_HR,CLEAR,2025-01-07,2025-02-06,,,50490.0,50490.0,1000,부산 남구,,,INCLUDED,인사·채용관리,,,2차,채용실무,31,1개월 (30~31일),중급/실무
국민내일배움카드,ACG20243001054796,5,ACG20243001054796_5,채용에서 퇴직까지 인사노무관리 핵심실무,채용에서 퇴직까지 인사노무관리 핵심실무,케이지에듀원 원격평생교육원,케이지에듀원 원격평생교육원,02020201,,02,02,JOB_0202_HR,CLEAR,2025-01-08,2025-02-07,,,50490.0,50490.0,500,서울 동작구,,,INCLUDED,인사·채용관리,,,2차,채용실무,31,1개월 (30~31일),중급/실무
국민내일배움카드,ACG20243001051920,33,ACG20243001051920_33,채용에서 퇴직까지 인사노무관리 핵심실무,채용에서 퇴직까지 인사노무관리 핵심실무,주식회사 아카스타,아카스타,02020201,,02,02,JOB_0202_HR,CLEAR,2025-01-08,2025-02-07,,,50490.0,50490.0,1000,부산 남구,,,INCLUDED,인사·채용관리,,,2차,채용실무,31,1개월 (30~31일),중급/실무
국민내일배움카드,ACG20243001051920,34,ACG20243001051920_34,채용에서 퇴직까지 인사노무관리 핵심실무,채용에서 퇴직까지 인사노무관리 핵심실무,주식회사 아카스타,아카스타,02020201,,02,02,JOB_0202_HR,CLEAR,2025-01-09,2025-02-08,,,50490.0,50490.0,1000,부산 남구,,,INCLUDED,인사·채용관리,,,2차,채용실무,31,1개월 (30~31일),중급/실무
국민내일배움카드,ACG20243000985011,43,ACG20243000985011_43,채용에서 퇴직까지 인사노무관리 핵심실무,채용에서 퇴직까지 인사노무관리 핵심실무,한국이러닝협회,한국이러닝협회,02020201,,02,02,JOB_0202_HR,CLEAR,2025-01-09,2025-02-05,,,50490.0,50490.0,500,서울 구로구,,,INCLUDED,인사·채용관리,,,2차,채용실무,28,1개월 (30~31일),중급/실무
국민내일배움카드,ACG20243001052023,28,ACG20243001052023_28,NEW 업무에서 활용가능한 실전 근로기준법,NEW 업무에서 활용가능한 실전 근로기준법,에듀퓨어,에듀퓨어,02020202,,02,02,JOB_0203_LABOR,CLEAR,2025-01-01,2025-01-30,,,50490.0,50490.0,500,경기 고양시 일산동구,,,INCLUDED,노무관리,,,2차,근로기준법,30,1개월 (30~31일),중급/실무
국민내일배움카드,ACG20243000974723,338,ACG20243000974723_338,NEW 업무에서 활용가능한 실전 근로기준법,NEW 업무에서 활용가능한 실전 근로기준법,윈스펙원격평생교육원,윈스펙원격평생교육원,02020202,,02,02,JOB_0203_LABOR,CLEAR,2025-01-01,2025-01-30,,,50490.0,50490.0,500,서울 강남구,,,INCLUDED,노무관리,,,2차,근로기준법,30,1개월 (30~31일),중급/실무
국민내일배움카드,ACG20243001052023,29,ACG20243001052023_29,NEW 업무에서 활용가능한 실전 근로기준법,NEW 업무에서 활용가능한 실전 근로기준법,에듀퓨어,에듀퓨어,02020202,,02,02,JOB_0203_LABOR,CLEAR,2025-01-02,2025-01-31,,,50490.0,50490.0,500,경기 고양시 일산동구,,,INCLUDED,노무관리,,,2차,근로기준법,30,1개월 (30~31일),중급/실무
국민내일배움카드,ACG20243000974723,339,ACG20243000974723_339,NEW 업무에서 활용가능한 실전 근로기준법,NEW 업무에서 활용가능한 실전 근로기준법,윈스펙원격평생교육원,윈스펙원격평생교육원,02020202,,02,02,JOB_0203_LABOR,CLEAR,2025-01-02,2025-01-31,,,50490.0,50490.0,500,서울 강남구,,,INCLUDED,노무관리,,,2차,근로기준법,30,1개월 (30~31일),중급/실무
국민내일배움카드,ACG20243001036448,16,ACG20243001036448_16,실무사례로 알아보는 근로기준법,실무사례로 알아보는 근로기준법,중앙법률원격평생교육원,중앙법률원격평생교육원,02020202,,02,02,JOB_0203_LABOR,CLEAR,2025-01-03,2025-02-02,,,83160.0,83160.0,200,서울 서초구,,,INCLUDED,노무관리,,,2차,근로기준법,31,1개월 (30~31일),중급/실무
국민내일배움카드,ACG20243000974723,340,ACG20243000974723_340,NEW 업무에서 활용가능한 실전 근로기준법,NEW 업무에서 활용가능한 실전 근로기준법,윈스펙원격평생교육원,윈스펙원격평생교육원,02020202,,02,02,JOB_0203_LABOR,CLEAR,2025-01-03,2025-02-01,,,50490.0,50490.0,500,서울 강남구,,,INCLUDED,노무관리,,,2차,근로기준법,30,1개월 (30~31일),중급/실무
국민내일배움카드,ACG20243001052023,30,ACG20243001052023_30,NEW 업무에서 활용가능한 실전 근로기준법,NEW 업무에서 활용가능한 실전 근로기준법,에듀퓨어,에듀퓨어,02020202,,02,02,JOB_0203_LABOR,CLEAR,2025-01-03,2025-02-01,,,50490.0,50490.0,500,경기 고양시 일산동구,,,INCLUDED,노무관리,,,2차,근로기준법,30,1개월 (30~31일),중급/실무
국민내일배움카드,ACG20243000974723,341,ACG20243000974723_341,NEW 업무에서 활용가능한 실전 근로기준법,NEW 업무에서 활용가능한 실전 근로기준법,윈스펙원격평생교육원,윈스펙원격평생교육원,02020202,,02,02,JOB_0203_LABOR,CLEAR,2025-01-04,2025-02-02,,,50490.0,50490.0,500,서울 강남구,,,INCLUDED,노무관리,,,2차,근로기준법,30,1개월 (30~31일),중급/실무
국민내일배움카드,ACG20243001052023,31,ACG20243001052023_31,NEW 업무에서 활용가능한 실전 근로기준법,NEW 업무에서 활용가능한 실전 근로기준법,에듀퓨어,에듀퓨어,02020202,,02,02,JOB_0203_LABOR,CLEAR,2025-01-04,2025-02-02,,,50490.0,50490.0,500,경기 고양시 일산동구,,,INCLUDED,노무관리,,,2차,근로기준법,30,1개월 (30~31일),중급/실무
국민내일배움카드,ACG20243001057596,1,ACG20243001057596_1,NEW 업무에서 활용가능한 실전 근로기준법,NEW 업무에서 활용가능한 실전 근로기준법,윈스펙원격평생교육원,윈스펙원격평생교육원,02020202,,02,02,JOB_0203_LABOR,CLEAR,2025-01-04,2025-02-02,,,50490.0,50490.0,500,서울 강남구,,,INCLUDED,노무관리,,,2차,근로기준법,30,1개월 (30~31일),중급/실무
국민내일배움카드,ACG20243001004851,141,ACG20243001004851_141,인사평가체계 구축 및 운영 방법,인사평가체계 구축 및 운영 방법,케이스원격평생교육원 ,케이스원격평생교육원,02020201,,02,02,JOB_0202_HR,CLEAR,2025-01-02,2025-01-31,,,50490.0,50490.0,500,서울 구로구,,,INCLUDED,인사·평가보상,,,2차,인사평가,30,1개월 (30~31일),중급/실무
국민내일배움카드,ACG20243001029345,87,ACG20243001029345_87,인사평가체계 구축 및 운영 방법,인사평가체계 구축 및 운영 방법,러닝플러스 주식회사,러닝플러스,02020201,,02,02,JOB_0202_HR,CLEAR,2025-01-02,2025-02-01,,,50490.0,50490.0,500,부산 부산진구,,,INCLUDED,인사·평가보상,,,2차,인사평가,31,1개월 (30~31일),중급/실무
국민내일배움카드,ACG20243001029345,88,ACG20243001029345_88,인사평가체계 구축 및 운영 방법,인사평가체계 구축 및 운영 방법,러닝플러스 주식회사,러닝플러스,02020201,,02,02,JOB_0202_HR,CLEAR,2025-01-03,2025-02-02,,,50490.0,50490.0,500,부산 부산진구,,,INCLUDED,인사·평가보상,,,2차,인사평가,31,1개월 (30~31일),중급/실무
국민내일배움카드,ACG20243001004851,142,ACG20243001004851_142,인사평가체계 구축 및 운영 방법,인사평가체계 구축 및 운영 방법,케이스원격평생교육원 ,케이스원격평생교육원,02020201,,02,02,JOB_0202_HR,CLEAR,2025-01-03,2025-02-01,,,50490.0,50490.0,500,서울 구로구,,,INCLUDED,인사·평가보상,,,2차,인사평가,30,1개월 (30~31일),중급/실무
국민내일배움카드,ACG20243001004851,143,ACG20243001004851_143,인사평가체계 구축 및 운영 방법,인사평가체계 구축 및 운영 방법,케이스원격평생교육원 ,케이스원격평생교육원,02020201,,02,02,JOB_0202_HR,CLEAR,2025-01-06,2025-02-04,,,50490.0,50490.0,500,서울 구로구,,,INCLUDED,인사·평가보상,,,2차,인사평가,30,1개월 (30~31일),중급/실무
국민내일배움카드,ACG20243001029345,89,ACG20243001029345_89,인사평가체계 구축 및 운영 방법,인사평가체계 구축 및 운영 방법,러닝플러스 주식회사,러닝플러스,02020201,,02,02,JOB_0202_HR,CLEAR,2025-01-06,2025-02-05,,,50490.0,50490.0,500,부산 부산진구,,,INCLUDED,인사·평가보상,,,2차,인사평가,31,1개월 (30~31일),중급/실무
국민내일배움카드,ACG20243001029345,90,ACG20243001029345_90,인사평가체계 구축 및 운영 방법,인사평가체계 구축 및 운영 방법,러닝플러스 주식회사,러닝플러스,02020201,,02,02,JOB_0202_HR,CLEAR,2025-01-07,2025-02-06,,,50490.0,50490.0,500,부산 부산진구,,,INCLUDED,인사·평가보상,,,2차,인사평가,31,1개월 (30~31일),중급/실무
국민내일배움카드,ACG20243001004851,144,ACG20243001004851_144,인사평가체계 구축 및 운영 방법,인사평가체계 구축 및 운영 방법,케이스원격평생교육원 ,케이스원격평생교육원,02020201,,02,02,JOB_0202_HR,CLEAR,2025-01-07,2025-02-05,,,50490.0,50490.0,500,서울 구로구,,,INCLUDED,인사·평가보상,,,2차,인사평가,30,1개월 (30~31일),중급/실무
국민내일배움카드,ACG20243001052663,1,ACG20243001052663_1,인사평가체계 구축 및 운영 방법,인사평가체계 구축 및 운영 방법,러닝팩토리 원격평생교육원,러닝팩토리 원격평생교육원,02020201,,02,02,JOB_0202_HR,CLEAR,2025-01-08,2025-02-07,,,50490.0,50490.0,500,서울 서초구,,,INCLUDED,인사·평가보상,,,2차,인사평가,31,1개월 (30~31일),중급/실무
국민내일배움카드,ACG20243001004851,145,ACG20243001004851_145,인사평가체계 구축 및 운영 방법,인사평가체계 구축 및 운영 방법,케이스원격평생교육원 ,케이스원격평생교육원,02020201,,02,02,JOB_0202_HR,CLEAR,2025-01-08,2025-02-06,,,50490.0,50490.0,500,서울 구로구,,,INCLUDED,인사·평가보상,,,2차,인사평가,30,1개월 (30~31일),중급/실무
국민내일배움카드,ACG20243001027168,96,ACG20243001027168_96,[인사총무전문가] 총무기획과 총무자산관리,총무기획과 총무자산관리,러닝플러스 주식회사,러닝플러스,02020101,,02,02,JOB_0201_GA,CLEAR,2025-01-02,2025-02-01,,,50490.0,50490.0,500,부산 부산진구,,,INCLUDED,총무·자산관리,,,2차,총무관리,31,1개월 (30~31일),중급/실무
국민내일배움카드,ACG20243001013346,205,ACG20243001013346_205,[인사총무전문가] 총무기획과 총무자산관리,총무기획과 총무자산관리,에듀퓨어,에듀퓨어,02020101,,02,02,JOB_0201_GA,CLEAR,2025-01-03,2025-02-01,,,50490.0,50490.0,150,경기 고양시 일산동구,,,INCLUDED,총무·자산관리,,,2차,총무관리,30,1개월 (30~31일),중급/실무
국민내일배움카드,ACG20243001027168,97,ACG20243001027168_97,[인사총무전문가] 총무기획과 총무자산관리,총무기획과 총무자산관리,러닝플러스 주식회사,러닝플러스,02020101,,02,02,JOB_0201_GA,CLEAR,2025-01-03,2025-02-02,,,50490.0,50490.0,500,부산 부산진구,,,INCLUDED,총무·자산관리,,,2차,총무관리,31,1개월 (30~31일),중급/실무
국민내일배움카드,ACG20243001013346,206,ACG20243001013346_206,[인사총무전문가] 총무기획과 총무자산관리,총무기획과 총무자산관리,에듀퓨어,에듀퓨어,02020101,,02,02,JOB_0201_GA,CLEAR,2025-01-04,2025-02-02,,,50490.0,50490.0,150,경기 고양시 일산동구,,,INCLUDED,총무·자산관리,,,2차,총무관리,30,1개월 (30~31일),중급/실무
국민내일배움카드,ACG20243001013346,207,ACG20243001013346_207,[인사총무전문가] 총무기획과 총무자산관리,총무기획과 총무자산관리,에듀퓨어,에듀퓨어,02020101,,02,02,JOB_0201_GA,CLEAR,2025-01-05,2025-02-03,,,50490.0,50490.0,150,경기 고양시 일산동구,,,INCLUDED,총무·자산관리,,,2차,총무관리,30,1개월 (30~31일),중급/실무
국민내일배움카드,ACG20243001013346,208,ACG20243001013346_208,[인사총무전문가] 총무기획과 총무자산관리,총무기획과 총무자산관리,에듀퓨어,에듀퓨어,02020101,,02,02,JOB_0201_GA,CLEAR,2025-01-06,2025-02-04,,,50490.0,50490.0,150,경기 고양시 일산동구,,,INCLUDED,총무·자산관리,,,2차,총무관리,30,1개월 (30~31일),중급/실무
국민내일배움카드,ACG20243001027168,98,ACG20243001027168_98,[인사총무전문가] 총무기획과 총무자산관리,총무기획과 총무자산관리,러닝플러스 주식회사,러닝플러스,02020101,,02,02,JOB_0201_GA,CLEAR,2025-01-06,2025-02-05,,,50490.0,50490.0,500,부산 부산진구,,,INCLUDED,총무·자산관리,,,2차,총무관리,31,1개월 (30~31일),중급/실무
사업주훈련,ABA20243001023639,6,ABA20243001023639_6,[인사총무전문가] 총무기획과 총무자산관리,총무기획과 총무자산관리,온캠퍼스원격평생교육원,온캠퍼스원격평생교육원,02020101,,02,02,JOB_0201_GA,CLEAR,2025-01-01,2025-01-30,,,0.0,50490.0,1000,서울 서초구,,,INCLUDED,총무·자산관리,,,2차,인사관리,30,1개월 (30~31일),중급/실무
사업주훈련,ABA20243001051626,1,ABA20243001051626_1,EB24OD 전략적 조직운영을 위한 인사관리 실무,EB24OD 전략적 조직운영을 위한 인사관리 실무,멀티캠퍼스 원격평생교육원,멀티캠퍼스 원격평생교육원,02020201,,02,02,JOB_0202_HR,CLEAR,2025-01-01,2025-01-31,,,0.0,100000.0,1500,서울 강남구,,,INCLUDED,인사·조직관리,,,2차,인사관리,31,1개월 (30~31일),고급/전문
사업주훈련,ABA20233000970284,6,ABA20233000970284_6,채용에서 퇴직까지 인사노무관리 핵심실무,채용에서 퇴직까지 인사노무관리 핵심실무,러닝플러스 주식회사,러닝플러스,02020201,,02,02,JOB_0202_HR,CLEAR,2025-01-01,2025-01-31,,,0.0,80000.0,3000,부산 부산진구,,,INCLUDED,인사·채용관리,,,2차,인사관리,31,1개월 (30~31일),중급/실무
사업주훈련,ABA20243001012801,203,ABA20243001012801_203,[인사총무전문가] 총무기획과 총무자산관리,총무기획과 총무자산관리,에듀퓨어,에듀퓨어,02020101,,02,02,JOB_0201_GA,CLEAR,2025-01-01,2025-01-30,,,0.0,50490.0,150,경기 고양시 일산동구,,,INCLUDED,총무·자산관리,,,2차,인사관리,30,1개월 (30~31일),중급/실무
사업주훈련,ABA20243001037760,84,ABA20243001037760_84,전략적 조직운영을 위한 인사관리 실무,전략적 조직운영을 위한 인사관리 실무,에듀퓨어,에듀퓨어,02020201,,02,02,JOB_0202_HR,CLEAR,2025-01-01,2025-01-30,,,0.0,50490.0,500,경기 고양시 일산동구,,,INCLUDED,인사·조직관리,,,2차,인사관리,30,1개월 (30~31일),고급/전문
사업주훈련,ABA20243001052733,1,ABA20243001052733_1,채용에서 퇴직까지 인사노무관리 핵심실무,채용에서 퇴직까지 인사노무관리 핵심실무,케이지에듀원 원격평생교육원,케이지에듀원 원격평생교육원,02020201,,02,02,JOB_0202_HR,CLEAR,2025-01-01,2025-01-31,,,0.0,110000.0,500,서울 동작구,,,INCLUDED,인사·채용관리,,,2차,인사관리,31,1개월 (30~31일),중급/실무
사업주훈련,ABA20243001012801,204,ABA20243001012801_204,[인사총무전문가] 총무기획과 총무자산관리,총무기획과 총무자산관리,에듀퓨어,에듀퓨어,02020101,,02,02,JOB_0201_GA,CLEAR,2025-01-02,2025-01-31,,,0.0,50490.0,150,경기 고양시 일산동구,,,INCLUDED,총무·자산관리,,,2차,인사관리,30,1개월 (30~31일),중급/실무
사업주훈련,ABA20243001037760,85,ABA20243001037760_85,전략적 조직운영을 위한 인사관리 실무,전략적 조직운영을 위한 인사관리 실무,에듀퓨어,에듀퓨어,02020201,,02,02,JOB_0202_HR,CLEAR,2025-01-02,2025-01-31,,,0.0,50490.0,500,경기 고양시 일산동구,,,INCLUDED,인사·조직관리,,,2차,인사관리,30,1개월 (30~31일),고급/전문
사업주훈련,ABA20243001037760,86,ABA20243001037760_86,전략적 조직운영을 위한 인사관리 실무,전략적 조직운영을 위한 인사관리 실무,에듀퓨어,에듀퓨어,02020201,,02,02,JOB_0202_HR,CLEAR,2025-01-03,2025-02-01,,,0.0,50490.0,500,경기 고양시 일산동구,,,INCLUDED,인사·조직관리,,,2차,인사관리,30,1개월 (30~31일),고급/전문
사업주훈련,ABA20243001012801,205,ABA20243001012801_205,[인사총무전문가] 총무기획과 총무자산관리,총무기획과 총무자산관리,에듀퓨어,에듀퓨어,02020101,,02,02,JOB_0201_GA,CLEAR,2025-01-03,2025-02-01,,,0.0,50490.0,150,경기 고양시 일산동구,,,INCLUDED,총무·자산관리,,,2차,인사관리,30,1개월 (30~31일),중급/실무
사업주훈련,AIG20220000383835,15,AIG20220000383835_15,채용에서 퇴직까지 인사관리 실무(8H),채용에서 퇴직까지 인사관리 실무,더존평생교육원,더존평생교육원,02020201,,02,02,JOB_0202_HR,CLEAR,2025-01-20,2025-01-20,,,68080.0,218080.0,28,서울 강남구,,,INCLUDED,인사·채용관리,,,2차,채용실무,1,1개월 (30~31일),중급/실무
사업주훈련,ABA20243001052733,2,ABA20243001052733_2,채용에서 퇴직까지 인사노무관리 핵심실무,채용에서 퇴직까지 인사노무관리 핵심실무,케이지에듀원 원격평생교육원,케이지에듀원 원격평생교육원,02020201,,02,02,JOB_0202_HR,CLEAR,2025-02-01,2025-02-28,,,0.0,110000.0,500,서울 동작구,,,INCLUDED,인사·채용관리,,,2차,채용실무,28,1개월 (30~31일),중급/실무
사업주훈련,AIG20240000492923,1,AIG20240000492923_1,채용에서 퇴직까지 인사노무임금관리실무,채용에서 퇴직까지 인사노무임금관리실무,씨에프오아카데미평생교육원,씨에프오아카데미평생교육원,02020202,,02,02,JOB_0202_HR,CLEAR,2025-02-17,2025-02-18,,,119140.0,420000.0,36,서울 강남구,,,INCLUDED,인사·채용관리,,,2차,채용실무,2,1개월 (30~31일),중급/실무
사업주훈련,ABA20253001063370,1,ABA20253001063370_1,[2025기업직업훈련카드]채용에서 퇴직까지 인사노무관리 핵심실무,채용에서 퇴직까지 인사노무관리 핵심실무,러닝플러스 주식회사,러닝플러스,02020201,,02,02,JOB_0202_HR,CLEAR,2025-02-19,2025-03-18,,,0.0,50490.0,2000,부산 부산진구,,,INCLUDED,인사·채용관리,,,2차,채용실무,28,1개월 (30~31일),중급/실무
사업주훈련,AIG20220000383835,16,AIG20220000383835_16,채용에서 퇴직까지 인사관리 실무(8H),채용에서 퇴직까지 인사관리 실무,더존평생교육원,더존평생교육원,02020201,,02,02,JOB_0202_HR,CLEAR,2025-02-19,2025-02-19,,,68080.0,218080.0,28,서울 강남구,,,INCLUDED,인사·채용관리,,,2차,채용실무,1,1개월 (30~31일),중급/실무
사업주훈련,ABA20243001051659,1,ABA20243001051659_1,EB24P8 채용에서 퇴직까지 인사노무관리 핵심실무,EB24P8 채용에서 퇴직까지 인사노무관리 핵심실무,멀티캠퍼스 원격평생교육원,멀티캠퍼스 원격평생교육원,02020201,,02,02,JOB_0202_HR,CLEAR,2025-03-01,2025-03-31,,,0.0,110000.0,1000,서울 강남구,,,INCLUDED,인사·채용관리,,,2차,채용실무,31,1개월 (30~31일),중급/실무
사업주훈련,ABA20243001036557,15,ABA20243001036557_15,실무사례로 알아보는 근로기준법,실무사례로 알아보는 근로기준법,중앙법률원격평생교육원,중앙법률원격평생교육원,02020202,,02,02,JOB_0203_LABOR,CLEAR,2025-01-02,2025-02-01,,,0.0,83160.0,200,서울 서초구,,,INCLUDED,노무관리,,,2차,근로기준법,31,1개월 (30~31일),중급/실무
사업주훈련,ABA20243001036557,16,ABA20243001036557_16,실무사례로 알아보는 근로기준법,실무사례로 알아보는 근로기준법,중앙법률원격평생교육원,중앙법률원격평생교육원,02020202,,02,02,JOB_0203_LABOR,CLEAR,2025-01-09,2025-02-08,,,0.0,83160.0,200,서울 서초구,,,INCLUDED,노무관리,,,2차,근로기준법,31,1개월 (30~31일),중급/실무
사업주훈련,AIG20240000475110,1,AIG20240000475110_1,"2일 완성, 노동법 마스터(근로기준법)","2일 완성, 노동법 마스터",중앙경제HR교육원,중앙경제HR교육원,02020202,,02,02,JOB_0203_LABOR,CLEAR,2025-01-09,2025-01-10,,,119140.0,600000.0,42,서울 중구,,,INCLUDED,노무관리,,,2차,근로기준법,2,1개월 (30~31일),중급/실무
사업주훈련,ABA20243001036557,17,ABA20243001036557_17,실무사례로 알아보는 근로기준법,실무사례로 알아보는 근로기준법,중앙법률원격평생교육원,중앙법률원격평생교육원,02020202,,02,02,JOB_0203_LABOR,CLEAR,2025-01-16,2025-02-15,,,0.0,83160.0,200,서울 서초구,,,INCLUDED,노무관리,,,2차,근로기준법,31,1개월 (30~31일),중급/실무
사업주훈련,ABA20243001036557,18,ABA20243001036557_18,실무사례로 알아보는 근로기준법,실무사례로 알아보는 근로기준법,중앙법률원격평생교육원,중앙법률원격평생교육원,02020202,,02,02,JOB_0203_LABOR,CLEAR,2025-01-23,2025-02-22,,,0.0,83160.0,200,서울 서초구,,,INCLUDED,노무관리,,,2차,근로기준법,31,1개월 (30~31일),중급/실무
사업주훈련,ABA20243001036557,19,ABA20243001036557_19,실무사례로 알아보는 근로기준법,실무사례로 알아보는 근로기준법,중앙법률원격평생교육원,중앙법률원격평생교육원,02020202,,02,02,JOB_0203_LABOR,CLEAR,2025-01-30,2025-02-28,,,0.0,83160.0,200,서울 서초구,,,INCLUDED,노무관리,,,2차,근로기준법,30,1개월 (30~31일),중급/실무
사업주훈련,AIG20240000475110,2,AIG20240000475110_2,"2일 완성, 노동법 마스터(근로기준법)","2일 완성, 노동법 마스터",중앙경제HR교육원,중앙경제HR교육원,02020202,,02,02,JOB_0203_LABOR,CLEAR,2025-02-04,2025-02-05,,,119140.0,600000.0,42,서울 중구,,,INCLUDED,노무관리,,,2차,근로기준법,2,1개월 (30~31일),중급/실무
사업주훈련,ABA20243001036557,20,ABA20243001036557_20,실무사례로 알아보는 근로기준법,실무사례로 알아보는 근로기준법,중앙법률원격평생교육원,중앙법률원격평생교육원,02020202,,02,02,JOB_0203_LABOR,CLEAR,2025-02-06,2025-03-05,,,0.0,83160.0,200,서울 서초구,,,INCLUDED,노무관리,,,2차,근로기준법,28,1개월 (30~31일),중급/실무
사업주훈련,ABA20253001062023,1,ABA20253001062023_1,[2025기업직업훈련카드]실무사례로 알아보는 근로기준법,실무사례로 알아보는 근로기준법,중앙법률원격평생교육원,중앙법률원격평생교육원,02020202,,02,02,JOB_0203_LABOR,CLEAR,2025-02-10,2025-03-09,,,0.0,83160.0,200,서울 서초구,,,INCLUDED,노무관리,,,2차,근로기준법,28,1개월 (30~31일),중급/실무
사업주훈련,ABA20243001036557,21,ABA20243001036557_21,실무사례로 알아보는 근로기준법,실무사례로 알아보는 근로기준법,중앙법률원격평생교육원,중앙법률원격평생교육원,02020202,,02,02,JOB_0203_LABOR,CLEAR,2025-02-13,2025-03-12,,,0.0,83160.0,200,서울 서초구,,,INCLUDED,노무관리,,,2차,근로기준법,28,1개월 (30~31일),중급/실무
사업주훈련,ABA20243001023642,6,ABA20243001023642_6,인사평가체계 구축 및 운영 방법,인사평가체계 구축 및 운영 방법,온캠퍼스원격평생교육원,온캠퍼스원격평생교육원,02020201,,02,02,JOB_0202_HR,CLEAR,2025-01-01,2025-01-30,,,0.0,50490.0,1000,서울 서초구,,,INCLUDED,인사·평가보상,,,2차,인사평가,30,1개월 (30~31일),중급/실무
사업주훈련,ABA20243001000121,10,ABA20243001000121_10,인사평가체계 구축 및 운영 방법,인사평가체계 구축 및 운영 방법,(주)휴넷,휴넷,02020201,,02,02,JOB_0202_HR,CLEAR,2025-01-01,2025-01-31,,,0.0,110000.0,1500,서울 구로구,,,INCLUDED,인사·평가보상,,,2차,인사평가,31,1개월 (30~31일),중급/실무
사업주훈련,ABA20243001023642,7,ABA20243001023642_7,인사평가체계 구축 및 운영 방법,인사평가체계 구축 및 운영 방법,온캠퍼스원격평생교육원,온캠퍼스원격평생교육원,02020201,,02,02,JOB_0202_HR,CLEAR,2025-02-05,2025-03-06,,,0.0,50490.0,1000,서울 서초구,,,INCLUDED,인사·평가보상,,,2차,인사평가,30,1개월 (30~31일),중급/실무
사업주훈련,ABA20243001000121,11,ABA20243001000121_11,인사평가체계 구축 및 운영 방법,인사평가체계 구축 및 운영 방법,(주)휴넷,휴넷,02020201,,02,02,JOB_0202_HR,CLEAR,2025-02-20,2025-03-19,,,0.0,110000.0,1500,서울 구로구,,,INCLUDED,인사·평가보상,,,2차,인사평가,28,1개월 (30~31일),중급/실무
사업주훈련,ABA20243001051630,1,ABA20243001051630_1,EB24OH 인사평가체계 구축 및 운영 방법,EB24OH 인사평가체계 구축 및 운영 방법,멀티캠퍼스 원격평생교육원,멀티캠퍼스 원격평생교육원,02020201,,02,02,JOB_0202_HR,CLEAR,2025-03-01,2025-03-31,,,0.0,110000.0,2000,서울 강남구,,,INCLUDED,인사·평가보상,,,2차,인사평가,31,1개월 (30~31일),중급/실무
사업주훈련,ABA20243001000121,12,ABA20243001000121_12,인사평가체계 구축 및 운영 방법,인사평가체계 구축 및 운영 방법,(주)휴넷,휴넷,02020201,,02,02,JOB_0202_HR,CLEAR,2025-03-01,2025-03-31,,,0.0,110000.0,1500,서울 구로구,,,INCLUDED,인사·평가보상,,,2차,인사평가,31,1개월 (30~31일),중급/실무
사업주훈련,ABA20243001000115,23,ABA20243001000115_23,[기업직업훈련카드] 인사평가체계 구축 및 운영 방법,인사평가체계 구축 및 운영 방법,(주)휴넷,휴넷,02020201,,02,02,JOB_0202_HR,CLEAR,2025-03-01,2025-03-31,,,0.0,50490.0,1500,서울 구로구,,,INCLUDED,인사·평가보상,,,2차,인사평가,31,1개월 (30~31일),중급/실무
사업주훈련,ABA20243001023642,8,ABA20243001023642_8,인사평가체계 구축 및 운영 방법,인사평가체계 구축 및 운영 방법,온캠퍼스원격평생교육원,온캠퍼스원격평생교육원,02020201,,02,02,JOB_0202_HR,CLEAR,2025-03-05,2025-04-03,,,0.0,50490.0,1000,서울 서초구,,,INCLUDED,인사·평가보상,,,2차,인사평가,30,1개월 (30~31일),중급/실무
사업주훈련,AIG20240000472845,1,AIG20240000472845_1,실전! 인사평가제도 기획 방법론,실전! 인사평가제도 기획 방법론,HR에듀센터 인사드림,HR에듀센터 인사드림,02020201,,02,02,JOB_0202_HR,CLEAR,2025-03-07,2025-03-07,,,68080.0,300000.0,15,서울 서초구,,,INCLUDED,인사·평가보상,,,2차,인사평가,1,1개월 (30~31일),중급/실무
사업주훈련,ABA20243001000115,24,ABA20243001000115_24,[기업직업훈련카드] 인사평가체계 구축 및 운영 방법,인사평가체계 구축 및 운영 방법,(주)휴넷,휴넷,02020201,,02,02,JOB_0202_HR,CLEAR,2025-03-10,2025-04-09,,,0.0,50490.0,1500,서울 구로구,,,INCLUDED,인사·평가보상,,,2차,인사평가,31,1개월 (30~31일),중급/실무
사업주훈련,ABA20243001012801,206,ABA20243001012801_206,[인사총무전문가] 총무기획과 총무자산관리,총무기획과 총무자산관리,에듀퓨어,에듀퓨어,02020101,,02,02,JOB_0201_GA,CLEAR,2025-01-04,2025-02-02,,,0.0,50490.0,150,경기 고양시 일산동구,,,INCLUDED,총무·자산관리,,,2차,총무관리,30,1개월 (30~31일),중급/실무
사업주훈련,ABA20243001012801,207,ABA20243001012801_207,[인사총무전문가] 총무기획과 총무자산관리,총무기획과 총무자산관리,에듀퓨어,에듀퓨어,02020101,,02,02,JOB_0201_GA,CLEAR,2025-01-05,2025-02-03,,,0.0,50490.0,150,경기 고양시 일산동구,,,INCLUDED,총무·자산관리,,,2차,총무관리,30,1개월 (30~31일),중급/실무
사업주훈련,ABA20243001012801,208,ABA20243001012801_208,[인사총무전문가] 총무기획과 총무자산관리,총무기획과 총무자산관리,에듀퓨어,에듀퓨어,02020101,,02,02,JOB_0201_GA,CLEAR,2025-01-06,2025-02-04,,,0.0,50490.0,150,경기 고양시 일산동구,,,INCLUDED,총무·자산관리,,,2차,총무관리,30,1개월 (30~31일),중급/실무
사업주훈련,ABA20243001012801,209,ABA20243001012801_209,[인사총무전문가] 총무기획과 총무자산관리,총무기획과 총무자산관리,에듀퓨어,에듀퓨어,02020101,,02,02,JOB_0201_GA,CLEAR,2025-01-07,2025-02-05,,,0.0,50490.0,150,경기 고양시 일산동구,,,INCLUDED,총무·자산관리,,,2차,총무관리,30,1개월 (30~31일),중급/실무
사업주훈련,ABA20243001012801,210,ABA20243001012801_210,[인사총무전문가] 총무기획과 총무자산관리,총무기획과 총무자산관리,에듀퓨어,에듀퓨어,02020101,,02,02,JOB_0201_GA,CLEAR,2025-01-08,2025-02-06,,,0.0,50490.0,150,경기 고양시 일산동구,,,INCLUDED,총무·자산관리,,,2차,총무관리,30,1개월 (30~31일),중급/실무
사업주훈련,ABA20243001036526,9,ABA20243001036526_9,급변하는 비즈니스 환경의 총무관리 역할,급변하는 비즈니스 환경의 총무관리 역할,한국직장인교육센터평생교육원,한국직장인교육센터평생교육원,02020101,,02,02,JOB_0201_GA,CLEAR,2025-01-08,2025-02-06,,,0.0,123200.0,1500,서울 구로구,,,INCLUDED,총무·일반사무,,,2차,총무관리,30,1개월 (30~31일),중급/실무
사업주훈련,ABA20243001058355,1,ABA20243001058355_1,농협은행 자산관리 전문역 양성(2025-1)(기업맞춤형),농협은행 자산관리 전문역 양성,한국금융연수원,한국금융연수원,03010103,,03,01,JOB_0201_GA,CLEAR,2025-01-02,2025-06-30,,,0.0,14876000.0,48,서울 종로구,,,INCLUDED,총무·자산관리,,,2차,자산관리,180,3개월 이상,중급/실무
