source_api,course_id,course_turn,instance_key,course_name_raw,course_name_std,institution_name_raw,institution_name_std,ncs_classification_code,ncs_unit_code,ncs_lclas_cd,ncs_mclas_cd,job_id,job_clarity,start_date,end_date,training_hours,credits,cost_total,cost_self,capacity,region,edu_goal_text,edu_content_text,has_ncs_code,is_hr_related,step3_target_job,step3_hr_ga_category,duration_days,duration_group,course_level_group,course_topic,mapped_competency_id,is_verified,course_count_for_comp
국민내일배움카드,ACG20243000973001,324,ACG20243000973001_324,알베르토와 함께하는 글로벌 비즈니스 매너,알베르토와 함께하는 글로벌 비즈니스 매너,에듀퓨어,에듀퓨어,02040302,,02,04,JOB_0204_SEC,CLEAR,2025-01-01,2025-01-30,,,47520.0,47520.0,150.0,경기 고양시 일산동구,,,Y,Y,총무·비서행정,총무·사무,30,1개월 (30~31일),중급/실무,비즈니스 매너/에티켓,COMP_SEC_01,Y,2
국민내일배움카드,ACG20243001004189,245,ACG20243001004189_245,"기획력, 어떻게 끌리는 플랜을 세울 것인가?","기획력, 어떻게 끌리는 플랜을 세울 것인가?",에듀퓨어,에듀퓨어,02010101,,02,01,JOB_0201_GA,CLEAR,2025-01-01,2025-01-30,,,50490.0,50490.0,150.0,경기 고양시 일산동구,,,Y,Y,총무·일반사무,총무·사무,30,1개월 (30~31일),중급/실무,문서기획/기획서,COMP_GA_01,Y,7
사업주훈련,ABA20243001045717,58,ABA20243001045717_58,핵심만 콕! 회사의 가치를 높여주는 홍보전략,핵심만 콕! 회사의 가치를 높여주는 홍보전략,에듀퓨어,에듀퓨어,02010201,,02,01,JOB_0201_GA,CLEAR,2025-01-01,2025-01-30,,,0.0,26730.0,500.0,경기 고양시 일산동구,,,Y,Y,총무·홍보지원,총무·사무,30,1개월 (30~31일),중급/실무,대외홍보/브랜딩,COMP_GA_01,Y,7
사업주훈련,ABA20243001011994,6,ABA20243001011994_6,품격 있게 승리하는 직장인의 말하기 기술,품격 있게 승리하는 직장인의 말하기 기술,고려아카데미(원격),고려아카데미(원격),02010101,,02,01,JOB_0201_GA,CLEAR,2025-01-01,2025-02-28,,,0.0,84000.0,2000.0,서울 금천구,,,Y,Y,총무·일반사무,총무·사무,59,2개월 (59~60일),중급/실무,비즈니스 커뮤니케이션,COMP_SEC_01,Y,2
사업주훈련,ABA20243001012836,203,ABA20243001012836_203,달콤한 업무꿀팁! 평범한 당신이 비범하게 일하는 기술,달콤한 업무꿀팁! 평범한 당신이 비범하게 일하는 기술,에듀퓨어,에듀퓨어,02010101,,02,01,JOB_0201_GA,CLEAR,2025-01-01,2025-01-30,,,0.0,50490.0,150.0,경기 고양시 일산동구,,,Y,Y,총무·일반사무,총무·사무,30,1개월 (30~31일),입문/초급,업무 프로세스/효율화,COMP_GA_01,Y,7
사업주훈련,ABA20243000994834,261,ABA20243000994834_261,핵심만 콕! 비즈니스 글쓰기와 보고서 작성 노하우,핵심만 콕! 비즈니스 글쓰기와 보고서 작성 노하우,에듀퓨어,에듀퓨어,02020302,,02,02,JOB_0202_HR,CLEAR,2025-01-01,2025-01-30,,,0.0,60000.0,150.0,경기 고양시 일산동구,,,Y,Y,총무·일반사무,총무·사무,30,1개월 (30~31일),중급/실무,문서작성/보고서,COMP_GA_01,Y,7
사업주훈련,ABA20243001049771,3,ABA20243001049771_3,빨리 배워 바로 쓰는 엑셀 2013,빨리 배워 바로 쓰는 엑셀 2013,(주)휴넷,휴넷,02020302,,02,02,JOB_0202_HR,CLEAR,2025-01-01,2025-01-31,,,0.0,130000.0,1500.0,서울 구로구,,,Y,Y,총무·일반사무,총무·사무,31,1개월 (30~31일),입문/초급,OA/스프레드시트,COMP_GA_01,Y,7
사업주훈련,ABA20243001011985,5,ABA20243001011985_5,직장 생존력 UP! 데이터 마인드셋 장착하기,직장 생존력 UP! 데이터 마인드셋 장착하기,고려아카데미(원격),고려아카데미(원격),02010101,,02,01,JOB_0201_GA,CLEAR,2025-01-01,2025-02-28,,,0.0,84000.0,2000.0,서울 금천구,,,Y,Y,총무·일반사무,총무·사무,59,2개월 (59~60일),입문/초급,데이터 리터러시,COMP_GA_01,Y,7
사업주훈련,ABA20243000972962,324,ABA20243000972962_324,[Get it Trend] 한달 공부로 실무에 바로 통하는 데이터분석,한달 공부로 실무에 바로 통하는 데이터분석,에듀퓨어,에듀퓨어,02040101,,02,04,JOB_0204_SEC,CLEAR,2025-01-01,2025-01-30,,,0.0,26730.0,150.0,경기 고양시 일산동구,,,Y,Y,총무·일반사무,총무·사무,30,1개월 (30~31일),중급/실무,사무 데이터분석,COMP_GA_01,Y,7
