instance_key,course_name_std,competency_id,mapping_status,mapping_evidence,eda_ready
ACG20243000973001_324,알베르토와 함께하는 글로벌 비즈니스 매너,COMP_SEC_01,VERIFIED,비즈니스 매너 및 커뮤니케이션(Attitude) - 글로벌 에티켓 교육 원문 일치,Y
ACG20243001004189_245,"기획력, 어떻게 끌리는 플랜을 세울 것인가?",COMP_GA_01,VERIFIED,문서작성 및 기획(Skill) - 기획서 플랜 수립 프레임워크 원문 일치,Y
ACG20243001050108_7,알짜 부동산 사용설명서_투자실무,COMP_UNSUPPORTED,UNSUPPORTED,인사·총무 외 타 분야 강좌로 KSA 역량 연결 대상 아님,N
ACG20243001028388_5,포스트 차이나 시대-동남아에서 미래를 찾다!,COMP_REVIEW_PENDING,REVIEW_NEEDED,인접 직무 또는 학사과정으로 직무 역량 추가 검토 필요,N
ACG20243001003252_252,실전! 소화기계 환자간호,COMP_UNSUPPORTED,UNSUPPORTED,인사·총무 외 타 분야 강좌로 KSA 역량 연결 대상 아님,N
ACG20243001011498_31,소방시설관리사 취득(2차-점검실무행정),COMP_UNSUPPORTED,UNSUPPORTED,인사·총무 외 타 분야 강좌로 KSA 역량 연결 대상 아님,N
ACG20243001035937_7,커리어와 리더십을 모두 책임지는 Auto Work 코칭스킬!,COMP_REVIEW_PENDING,REVIEW_NEEDED,인접 직무 또는 학사과정으로 직무 역량 추가 검토 필요,N
ACG20243001052020_28,플랜트·건설 프로젝트 자원관리의 이해 및 실무,COMP_UNSUPPORTED,UNSUPPORTED,인사·총무 외 타 분야 강좌로 KSA 역량 연결 대상 아님,N
ACG20243000994801_261,물류비관리와 공장물류,COMP_UNSUPPORTED,UNSUPPORTED,인사·총무 외 타 분야 강좌로 KSA 역량 연결 대상 아님,N
ACG20243001026443_119,초보자도 할 수 있는 디지털 마케팅: SNS와 블로그 활용 A to Z,COMP_REVIEW_PENDING,REVIEW_NEEDED,인접 직무 또는 학사과정으로 직무 역량 추가 검토 필요,N
ACG20243001010743_21,"언택트 시대, e-비즈니스 인사이트",COMP_UNSUPPORTED,UNSUPPORTED,인사·총무 외 타 분야 강좌로 KSA 역량 연결 대상 아님,N
ACG20243000974726_338,마케팅 분석과 STP 전략,COMP_REVIEW_PENDING,REVIEW_NEEDED,인접 직무 또는 학사과정으로 직무 역량 추가 검토 필요,N
ACG20243001035769_93,IEQ 인터넷윤리지도사 자격 취득하기,COMP_UNSUPPORTED,UNSUPPORTED,인사·총무 외 타 분야 강좌로 KSA 역량 연결 대상 아님,N
ACG20243001058601_1,"가장 쉽게 배우는 AWS, 기초부터 실무까지",COMP_UNSUPPORTED,UNSUPPORTED,인사·총무 외 타 분야 강좌로 KSA 역량 연결 대상 아님,N
ACG20243001023775_19,"전기(산업)기사 필기1(회로이론, 전기기기, 전기설비기술기준 및 판단기준)",COMP_UNSUPPORTED,UNSUPPORTED,인사·총무 외 타 분야 강좌로 KSA 역량 연결 대상 아님,N
ACG20243001026470_119,전기공사(산업)기사 필기,COMP_UNSUPPORTED,UNSUPPORTED,인사·총무 외 타 분야 강좌로 KSA 역량 연결 대상 아님,N
ACG20243001020721_156,의료정보 관리에 대한 A to Z!,COMP_UNSUPPORTED,UNSUPPORTED,인사·총무 외 타 분야 강좌로 KSA 역량 연결 대상 아님,N
ACG20243001052043_4,경비지도사 1과목 법학개론,COMP_UNSUPPORTED,UNSUPPORTED,인사·총무 외 타 분야 강좌로 KSA 역량 연결 대상 아님,N
ACG20243001035736_93,"왕초보를 위한 프론트엔드 개발자 첫걸음 : 기초 코딩, 리액트, 취업 가이드까지 한 번에!",COMP_UNSUPPORTED,UNSUPPORTED,인사·총무 외 타 분야 강좌로 KSA 역량 연결 대상 아님,N
ACG20243000979770_46,소방설비(산업)기사 취득(실기_전기 합격노트),COMP_UNSUPPORTED,UNSUPPORTED,인사·총무 외 타 분야 강좌로 KSA 역량 연결 대상 아님,N
ABA20243000983062_296,애자일 프로젝트 실무(입문),COMP_REVIEW_PENDING,REVIEW_NEEDED,인접 직무 또는 학사과정으로 직무 역량 추가 검토 필요,N
ABA20243000999206_4,한국경제의미래,COMP_REVIEW_PENDING,REVIEW_NEEDED,인접 직무 또는 학사과정으로 직무 역량 추가 검토 필요,N
ABA20243000999421_4,자동차 품질관리 능력향상과 문제해결 기법,COMP_UNSUPPORTED,UNSUPPORTED,인사·총무 외 타 분야 강좌로 KSA 역량 연결 대상 아님,N
ABA20243001012797_203,AI 시대 일잘러의 필수 역량! 데이터 분석 업무에 적용하기,COMP_REVIEW_PENDING,REVIEW_NEEDED,인접 직무 또는 학사과정으로 직무 역량 추가 검토 필요,N
ABA20243001045717_58,핵심만 콕! 회사의 가치를 높여주는 홍보전략,COMP_GA_01,VERIFIED,문서작성 및 기획(Skill) - 홍보 전략 기획 및 기업 커뮤니케이션 문서화 일치,Y
ABA20243001014702_4,좋아요를 터뜨리는 콘텐츠마케팅 데이터 분석,COMP_REVIEW_PENDING,REVIEW_NEEDED,인접 직무 또는 학사과정으로 직무 역량 추가 검토 필요,N
ABA20243001025042_140,모르면 놓치기 쉬운 사내 정보 보안 A to Z!,COMP_REVIEW_PENDING,REVIEW_NEEDED,인접 직무 또는 학사과정으로 직무 역량 추가 검토 필요,N
ABA20243001055424_1,EB243F 실습과 함께하는! 데이터베이스 MySQL편,COMP_UNSUPPORTED,UNSUPPORTED,인사·총무 외 타 분야 강좌로 KSA 역량 연결 대상 아님,N
ABA20243001011994_6,품격 있게 승리하는 직장인의 말하기 기술,COMP_SEC_01,VERIFIED,비즈니스 매너 및 커뮤니케이션(Attitude) - 직장인 말하기 및 소통 스킬 원문 일치,Y
ABA20243001012836_203,달콤한 업무꿀팁! 평범한 당신이 비범하게 일하는 기술,COMP_GA_01,VERIFIED,문서작성 및 기획(Skill) - 일반사무 업무 노하우 및 프로세스 효율화 원문 일치,Y
ABA20243000994834_261,핵심만 콕! 비즈니스 글쓰기와 보고서 작성 노하우,COMP_GA_01,VERIFIED,문서작성 및 기획(Skill) - 비즈니스 글쓰기 및 보고서 작성 실무 원문 일치,Y
ABA20243001006278_7,반도체 CMOS 제조 공정,COMP_UNSUPPORTED,UNSUPPORTED,인사·총무 외 타 분야 강좌로 KSA 역량 연결 대상 아님,N
ABA20243001012790_203,"돈 공부의 첫 걸음, 박정호의 의식주 경제",COMP_REVIEW_PENDING,REVIEW_NEEDED,인접 직무 또는 학사과정으로 직무 역량 추가 검토 필요,N
ABA20243001038812_3,EB23G9 알기 쉬운 블록체인,COMP_UNSUPPORTED,UNSUPPORTED,인사·총무 외 타 분야 강좌로 KSA 역량 연결 대상 아님,N
ABA20243001049744_1,일잘러를 위한 IT 프로젝트,COMP_REVIEW_PENDING,REVIEW_NEEDED,인접 직무 또는 학사과정으로 직무 역량 추가 검토 필요,N
ABA20243001053006_24,"파이썬 시작하기, 파이썬 기본 개념",COMP_UNSUPPORTED,UNSUPPORTED,인사·총무 외 타 분야 강좌로 KSA 역량 연결 대상 아님,N
ABA20243001049771_3,빨리 배워 바로 쓰는 엑셀 2013,COMP_GA_01,VERIFIED,문서작성 및 기획(Skill/OA) - 엑셀 스프레드시트 활용 사무자동화 원문 일치,Y
ABA20243001011985_5,직장 생존력 UP! 데이터 마인드셋 장착하기,COMP_GA_01,VERIFIED,문서작성 및 기획(Skill) - 실무 데이터 기반 의사결정 및 기획 마인드셋 일치,Y
ABA20243001001805_4,EB1YZ9 AI 시대 일잘러의 필수 역량! 데이터 분석 업무에 적용하기,COMP_REVIEW_PENDING,REVIEW_NEEDED,인접 직무 또는 학사과정으로 직무 역량 추가 검토 필요,N
ABA20243000972962_324,한달 공부로 실무에 바로 통하는 데이터분석,COMP_GA_01,VERIFIED,문서작성 및 기획(Skill) - 사무지원 실무 데이터 취합 및 기초 분석 일치,Y
NCS_CRS_02030102_1_1,동선관리과목,COMP_REVIEW_PENDING,REVIEW_NEEDED,인접 직무 또는 학사과정으로 직무 역량 추가 검토 필요,N
NCS_CRS_02030102_2_1,목표수립과목,COMP_REVIEW_PENDING,REVIEW_NEEDED,인접 직무 또는 학사과정으로 직무 역량 추가 검토 필요,N
NCS_CRS_02010101_3_1,사회적기업혁신론,COMP_REVIEW_PENDING,REVIEW_NEEDED,인접 직무 또는 학사과정으로 직무 역량 추가 검토 필요,N
NCS_CRS_02010101_4_1,사회적경제사례연구,COMP_REVIEW_PENDING,REVIEW_NEEDED,인접 직무 또는 학사과정으로 직무 역량 추가 검토 필요,N
NCS_CRS_02010101_5_1,사회적경제경영실무1,COMP_REVIEW_PENDING,REVIEW_NEEDED,인접 직무 또는 학사과정으로 직무 역량 추가 검토 필요,N
NCS_CRS_02010101_6_1,사회적경제경영실무2,COMP_REVIEW_PENDING,REVIEW_NEEDED,인접 직무 또는 학사과정으로 직무 역량 추가 검토 필요,N
NCS_CRS_02010101_7_1,도시재생 지역공동체,COMP_REVIEW_PENDING,REVIEW_NEEDED,인접 직무 또는 학사과정으로 직무 역량 추가 검토 필요,N
NCS_CRS_02010101_8_1,ESG와 지속가능 경영,COMP_REVIEW_PENDING,REVIEW_NEEDED,인접 직무 또는 학사과정으로 직무 역량 추가 검토 필요,N
NCS_CRS_02010101_9_1,사회적경제 가치 평가,COMP_REVIEW_PENDING,REVIEW_NEEDED,인접 직무 또는 학사과정으로 직무 역량 추가 검토 필요,N
NCS_CRS_02010101_10_1,사회적금융,COMP_REVIEW_PENDING,REVIEW_NEEDED,인접 직무 또는 학사과정으로 직무 역량 추가 검토 필요,N
