instance_key,course_name_std,competency_id,mapping_status,mapping_evidence,eda_ready,round
ACG20243000973001_324,알베르토와 함께하는 글로벌 비즈니스 매너,COMP_SEC_01,VERIFIED,비즈니스 매너 및 커뮤니케이션(Attitude) - 글로벌 에티켓 교육 원문 일치,Y,1차
ACG20243001004189_245,"기획력, 어떻게 끌리는 플랜을 세울 것인가?",COMP_GA_01,VERIFIED,문서작성 및 기획(Skill) - 기획서 플랜 수립 프레임워크 원문 일치,Y,1차
ABA20243001045717_58,핵심만 콕! 회사의 가치를 높여주는 홍보전략,COMP_GA_01,VERIFIED,문서작성 및 기획(Skill) - 홍보 전략 기획 및 기업 커뮤니케이션 문서화 일치,Y,1차
ABA20243001011994_6,품격 있게 승리하는 직장인의 말하기 기술,COMP_SEC_01,VERIFIED,비즈니스 매너 및 커뮤니케이션(Attitude) - 직장인 말하기 및 소통 스킬 원문 일치,Y,1차
ABA20243001012836_203,달콤한 업무꿀팁! 평범한 당신이 비범하게 일하는 기술,COMP_GA_01,VERIFIED,문서작성 및 기획(Skill) - 일반사무 업무 노하우 및 프로세스 효율화 원문 일치,Y,1차
ABA20243000994834_261,핵심만 콕! 비즈니스 글쓰기와 보고서 작성 노하우,COMP_GA_01,VERIFIED,문서작성 및 기획(Skill) - 비즈니스 글쓰기 및 보고서 작성 실무 원문 일치,Y,1차
ABA20243001049771_3,빨리 배워 바로 쓰는 엑셀 2013,COMP_GA_01,VERIFIED,문서작성 및 기획(Skill/OA) - 엑셀 스프레드시트 활용 사무자동화 원문 일치,Y,1차
ABA20243001011985_5,직장 생존력 UP! 데이터 마인드셋 장착하기,COMP_GA_01,VERIFIED,문서작성 및 기획(Skill) - 실무 데이터 기반 의사결정 및 기획 마인드셋 일치,Y,1차
ABA20243000972962_324,한달 공부로 실무에 바로 통하는 데이터분석,COMP_GA_01,VERIFIED,문서작성 및 기획(Skill) - 사무지원 실무 데이터 취합 및 기초 분석 일치,Y,1차
ACG20243001038036_84,전략적 조직운영을 위한 인사관리 실무,COMP_HR_01,VERIFIED,과정명 '전략적 조직운영을 위한 인사관리 실무' 내 전략적 인사관리 및 조직운영 실무 직결 확인,Y,2차
ACG20243001023998_11,총무기획과 총무자산관리,COMP_GA_02,VERIFIED,과정명 '총무기획과 총무자산관리' 내 총무기획 및 사내 자산관리 실무 직결 확인,Y,2차
ACG20243001013346_203,총무기획과 총무자산관리,COMP_GA_02,VERIFIED,과정명 '총무기획과 총무자산관리' 내 총무기획 및 사내 자산관리 실무 직결 확인,Y,2차
ACG20233000954422_356,전략적 조직운영을 위한 인사관리 실무,COMP_HR_01,VERIFIED,과정명 '전략적 조직운영을 위한 인사관리 실무' 내 전략적 인사관리 및 조직운영 실무 직결 확인,Y,2차
ACG20243001054796_4,채용에서 퇴직까지 인사노무관리 핵심실무,COMP_HR_01,VERIFIED,과정명 '채용에서 퇴직까지 인사노무관리 핵심실무' 내 채용/선발/퇴직 실무 직결 확인,Y,2차
ACG20243001040968_8,전략적 조직운영을 위한 인사관리 실무,COMP_HR_01,VERIFIED,과정명 '전략적 조직운영을 위한 인사관리 실무' 내 전략적 인사관리 및 조직운영 실무 직결 확인,Y,2차
ACG20243001051920_29,채용에서 퇴직까지 인사노무관리 핵심실무,COMP_HR_01,VERIFIED,과정명 '채용에서 퇴직까지 인사노무관리 핵심실무' 내 채용/선발/퇴직 실무 직결 확인,Y,2차
ACG20243001038036_85,전략적 조직운영을 위한 인사관리 실무,COMP_HR_01,VERIFIED,과정명 '전략적 조직운영을 위한 인사관리 실무' 내 전략적 인사관리 및 조직운영 실무 직결 확인,Y,2차
ACG20243001013346_204,총무기획과 총무자산관리,COMP_GA_02,VERIFIED,과정명 '총무기획과 총무자산관리' 내 총무기획 및 사내 자산관리 실무 직결 확인,Y,2차
ACG20243000985011_42,채용에서 퇴직까지 인사노무관리 핵심실무,COMP_HR_01,VERIFIED,과정명 '채용에서 퇴직까지 인사노무관리 핵심실무' 내 채용/선발/퇴직 실무 직결 확인,Y,2차
ACG20243001051920_30,채용에서 퇴직까지 인사노무관리 핵심실무,COMP_HR_01,VERIFIED,과정명 '채용에서 퇴직까지 인사노무관리 핵심실무' 내 채용/선발/퇴직 실무 직결 확인,Y,2차
ACG20243001051920_31,채용에서 퇴직까지 인사노무관리 핵심실무,COMP_HR_01,VERIFIED,과정명 '채용에서 퇴직까지 인사노무관리 핵심실무' 내 채용/선발/퇴직 실무 직결 확인,Y,2차
ACG20243001051920_32,채용에서 퇴직까지 인사노무관리 핵심실무,COMP_HR_01,VERIFIED,과정명 '채용에서 퇴직까지 인사노무관리 핵심실무' 내 채용/선발/퇴직 실무 직결 확인,Y,2차
ACG20243001054796_5,채용에서 퇴직까지 인사노무관리 핵심실무,COMP_HR_01,VERIFIED,과정명 '채용에서 퇴직까지 인사노무관리 핵심실무' 내 채용/선발/퇴직 실무 직결 확인,Y,2차
ACG20243001051920_33,채용에서 퇴직까지 인사노무관리 핵심실무,COMP_HR_01,VERIFIED,과정명 '채용에서 퇴직까지 인사노무관리 핵심실무' 내 채용/선발/퇴직 실무 직결 확인,Y,2차
ACG20243001051920_34,채용에서 퇴직까지 인사노무관리 핵심실무,COMP_HR_01,VERIFIED,과정명 '채용에서 퇴직까지 인사노무관리 핵심실무' 내 채용/선발/퇴직 실무 직결 확인,Y,2차
ACG20243000985011_43,채용에서 퇴직까지 인사노무관리 핵심실무,COMP_HR_01,VERIFIED,과정명 '채용에서 퇴직까지 인사노무관리 핵심실무' 내 채용/선발/퇴직 실무 직결 확인,Y,2차
ACG20243001052023_28,NEW 업무에서 활용가능한 실전 근로기준법,COMP_LABOR_01,VERIFIED,과정명 'NEW 업무에서 활용가능한 실전 근로기준법' 내 근로기준법 및 노무관리 법률 실무 직결 확인,Y,2차
ACG20243000974723_338,NEW 업무에서 활용가능한 실전 근로기준법,COMP_LABOR_01,VERIFIED,과정명 'NEW 업무에서 활용가능한 실전 근로기준법' 내 근로기준법 및 노무관리 법률 실무 직결 확인,Y,2차
ACG20243001052023_29,NEW 업무에서 활용가능한 실전 근로기준법,COMP_LABOR_01,VERIFIED,과정명 'NEW 업무에서 활용가능한 실전 근로기준법' 내 근로기준법 및 노무관리 법률 실무 직결 확인,Y,2차
ACG20243000974723_339,NEW 업무에서 활용가능한 실전 근로기준법,COMP_LABOR_01,VERIFIED,과정명 'NEW 업무에서 활용가능한 실전 근로기준법' 내 근로기준법 및 노무관리 법률 실무 직결 확인,Y,2차
ACG20243001036448_16,실무사례로 알아보는 근로기준법,COMP_LABOR_01,VERIFIED,과정명 '실무사례로 알아보는 근로기준법' 내 근로기준법 및 노무관리 법률 실무 직결 확인,Y,2차
ACG20243000974723_340,NEW 업무에서 활용가능한 실전 근로기준법,COMP_LABOR_01,VERIFIED,과정명 'NEW 업무에서 활용가능한 실전 근로기준법' 내 근로기준법 및 노무관리 법률 실무 직결 확인,Y,2차
ACG20243001052023_30,NEW 업무에서 활용가능한 실전 근로기준법,COMP_LABOR_01,VERIFIED,과정명 'NEW 업무에서 활용가능한 실전 근로기준법' 내 근로기준법 및 노무관리 법률 실무 직결 확인,Y,2차
ACG20243000974723_341,NEW 업무에서 활용가능한 실전 근로기준법,COMP_LABOR_01,VERIFIED,과정명 'NEW 업무에서 활용가능한 실전 근로기준법' 내 근로기준법 및 노무관리 법률 실무 직결 확인,Y,2차
ACG20243001052023_31,NEW 업무에서 활용가능한 실전 근로기준법,COMP_LABOR_01,VERIFIED,과정명 'NEW 업무에서 활용가능한 실전 근로기준법' 내 근로기준법 및 노무관리 법률 실무 직결 확인,Y,2차
ACG20243001057596_1,NEW 업무에서 활용가능한 실전 근로기준법,COMP_LABOR_01,VERIFIED,과정명 'NEW 업무에서 활용가능한 실전 근로기준법' 내 근로기준법 및 노무관리 법률 실무 직결 확인,Y,2차
ACG20243001004851_141,인사평가체계 구축 및 운영 방법,COMP_HR_02,VERIFIED,과정명 '인사평가체계 구축 및 운영 방법' 내 인사평가체계 및 성과관리 실무 직결 확인,Y,2차
ACG20243001029345_87,인사평가체계 구축 및 운영 방법,COMP_HR_02,VERIFIED,과정명 '인사평가체계 구축 및 운영 방법' 내 인사평가체계 및 성과관리 실무 직결 확인,Y,2차
ACG20243001029345_88,인사평가체계 구축 및 운영 방법,COMP_HR_02,VERIFIED,과정명 '인사평가체계 구축 및 운영 방법' 내 인사평가체계 및 성과관리 실무 직결 확인,Y,2차
ACG20243001004851_142,인사평가체계 구축 및 운영 방법,COMP_HR_02,VERIFIED,과정명 '인사평가체계 구축 및 운영 방법' 내 인사평가체계 및 성과관리 실무 직결 확인,Y,2차
ACG20243001004851_143,인사평가체계 구축 및 운영 방법,COMP_HR_02,VERIFIED,과정명 '인사평가체계 구축 및 운영 방법' 내 인사평가체계 및 성과관리 실무 직결 확인,Y,2차
ACG20243001029345_89,인사평가체계 구축 및 운영 방법,COMP_HR_02,VERIFIED,과정명 '인사평가체계 구축 및 운영 방법' 내 인사평가체계 및 성과관리 실무 직결 확인,Y,2차
ACG20243001029345_90,인사평가체계 구축 및 운영 방법,COMP_HR_02,VERIFIED,과정명 '인사평가체계 구축 및 운영 방법' 내 인사평가체계 및 성과관리 실무 직결 확인,Y,2차
ACG20243001004851_144,인사평가체계 구축 및 운영 방법,COMP_HR_02,VERIFIED,과정명 '인사평가체계 구축 및 운영 방법' 내 인사평가체계 및 성과관리 실무 직결 확인,Y,2차
ACG20243001052663_1,인사평가체계 구축 및 운영 방법,COMP_HR_02,VERIFIED,과정명 '인사평가체계 구축 및 운영 방법' 내 인사평가체계 및 성과관리 실무 직결 확인,Y,2차
ACG20243001004851_145,인사평가체계 구축 및 운영 방법,COMP_HR_02,VERIFIED,과정명 '인사평가체계 구축 및 운영 방법' 내 인사평가체계 및 성과관리 실무 직결 확인,Y,2차
ACG20243001027168_96,총무기획과 총무자산관리,COMP_GA_02,VERIFIED,과정명 '총무기획과 총무자산관리' 내 총무기획 및 사내 자산관리 실무 직결 확인,Y,2차
ACG20243001013346_205,총무기획과 총무자산관리,COMP_GA_02,VERIFIED,과정명 '총무기획과 총무자산관리' 내 총무기획 및 사내 자산관리 실무 직결 확인,Y,2차
ACG20243001027168_97,총무기획과 총무자산관리,COMP_GA_02,VERIFIED,과정명 '총무기획과 총무자산관리' 내 총무기획 및 사내 자산관리 실무 직결 확인,Y,2차
ACG20243001013346_206,총무기획과 총무자산관리,COMP_GA_02,VERIFIED,과정명 '총무기획과 총무자산관리' 내 총무기획 및 사내 자산관리 실무 직결 확인,Y,2차
ACG20243001013346_207,총무기획과 총무자산관리,COMP_GA_02,VERIFIED,과정명 '총무기획과 총무자산관리' 내 총무기획 및 사내 자산관리 실무 직결 확인,Y,2차
ACG20243001013346_208,총무기획과 총무자산관리,COMP_GA_02,VERIFIED,과정명 '총무기획과 총무자산관리' 내 총무기획 및 사내 자산관리 실무 직결 확인,Y,2차
ACG20243001027168_98,총무기획과 총무자산관리,COMP_GA_02,VERIFIED,과정명 '총무기획과 총무자산관리' 내 총무기획 및 사내 자산관리 실무 직결 확인,Y,2차
ABA20243001023639_6,총무기획과 총무자산관리,COMP_GA_02,VERIFIED,과정명 '총무기획과 총무자산관리' 내 총무기획 및 사내 자산관리 실무 직결 확인,Y,2차
ABA20243001051626_1,EB24OD 전략적 조직운영을 위한 인사관리 실무,COMP_HR_01,VERIFIED,과정명 'EB24OD 전략적 조직운영을 위한 인사관리 실무' 내 전략적 인사관리 및 조직운영 실무 직결 확인,Y,2차
ABA20233000970284_6,채용에서 퇴직까지 인사노무관리 핵심실무,COMP_HR_01,VERIFIED,과정명 '채용에서 퇴직까지 인사노무관리 핵심실무' 내 채용/선발/퇴직 실무 직결 확인,Y,2차
ABA20243001012801_203,총무기획과 총무자산관리,COMP_GA_02,VERIFIED,과정명 '총무기획과 총무자산관리' 내 총무기획 및 사내 자산관리 실무 직결 확인,Y,2차
ABA20243001037760_84,전략적 조직운영을 위한 인사관리 실무,COMP_HR_01,VERIFIED,과정명 '전략적 조직운영을 위한 인사관리 실무' 내 전략적 인사관리 및 조직운영 실무 직결 확인,Y,2차
ABA20243001052733_1,채용에서 퇴직까지 인사노무관리 핵심실무,COMP_HR_01,VERIFIED,과정명 '채용에서 퇴직까지 인사노무관리 핵심실무' 내 채용/선발/퇴직 실무 직결 확인,Y,2차
ABA20243001012801_204,총무기획과 총무자산관리,COMP_GA_02,VERIFIED,과정명 '총무기획과 총무자산관리' 내 총무기획 및 사내 자산관리 실무 직결 확인,Y,2차
ABA20243001037760_85,전략적 조직운영을 위한 인사관리 실무,COMP_HR_01,VERIFIED,과정명 '전략적 조직운영을 위한 인사관리 실무' 내 전략적 인사관리 및 조직운영 실무 직결 확인,Y,2차
ABA20243001037760_86,전략적 조직운영을 위한 인사관리 실무,COMP_HR_01,VERIFIED,과정명 '전략적 조직운영을 위한 인사관리 실무' 내 전략적 인사관리 및 조직운영 실무 직결 확인,Y,2차
ABA20243001012801_205,총무기획과 총무자산관리,COMP_GA_02,VERIFIED,과정명 '총무기획과 총무자산관리' 내 총무기획 및 사내 자산관리 실무 직결 확인,Y,2차
AIG20220000383835_15,채용에서 퇴직까지 인사관리 실무,COMP_HR_01,VERIFIED,과정명 '채용에서 퇴직까지 인사관리 실무' 내 채용/선발/퇴직 실무 직결 확인,Y,2차
ABA20243001052733_2,채용에서 퇴직까지 인사노무관리 핵심실무,COMP_HR_01,VERIFIED,과정명 '채용에서 퇴직까지 인사노무관리 핵심실무' 내 채용/선발/퇴직 실무 직결 확인,Y,2차
AIG20240000492923_1,채용에서 퇴직까지 인사노무임금관리실무,COMP_HR_01,VERIFIED,과정명 '채용에서 퇴직까지 인사노무임금관리실무' 내 채용/선발/퇴직 실무 직결 확인,Y,2차
ABA20253001063370_1,채용에서 퇴직까지 인사노무관리 핵심실무,COMP_HR_01,VERIFIED,과정명 '채용에서 퇴직까지 인사노무관리 핵심실무' 내 채용/선발/퇴직 실무 직결 확인,Y,2차
AIG20220000383835_16,채용에서 퇴직까지 인사관리 실무,COMP_HR_01,VERIFIED,과정명 '채용에서 퇴직까지 인사관리 실무' 내 채용/선발/퇴직 실무 직결 확인,Y,2차
ABA20243001051659_1,EB24P8 채용에서 퇴직까지 인사노무관리 핵심실무,COMP_HR_01,VERIFIED,과정명 'EB24P8 채용에서 퇴직까지 인사노무관리 핵심실무' 내 채용/선발/퇴직 실무 직결 확인,Y,2차
ABA20243001036557_15,실무사례로 알아보는 근로기준법,COMP_LABOR_01,VERIFIED,과정명 '실무사례로 알아보는 근로기준법' 내 근로기준법 및 노무관리 법률 실무 직결 확인,Y,2차
ABA20243001036557_16,실무사례로 알아보는 근로기준법,COMP_LABOR_01,VERIFIED,과정명 '실무사례로 알아보는 근로기준법' 내 근로기준법 및 노무관리 법률 실무 직결 확인,Y,2차
AIG20240000475110_1,"2일 완성, 노동법 마스터",COMP_LABOR_01,VERIFIED,"과정명 '2일 완성, 노동법 마스터' 내 근로기준법 및 노무관리 법률 실무 직결 확인",Y,2차
ABA20243001036557_17,실무사례로 알아보는 근로기준법,COMP_LABOR_01,VERIFIED,과정명 '실무사례로 알아보는 근로기준법' 내 근로기준법 및 노무관리 법률 실무 직결 확인,Y,2차
ABA20243001036557_18,실무사례로 알아보는 근로기준법,COMP_LABOR_01,VERIFIED,과정명 '실무사례로 알아보는 근로기준법' 내 근로기준법 및 노무관리 법률 실무 직결 확인,Y,2차
ABA20243001036557_19,실무사례로 알아보는 근로기준법,COMP_LABOR_01,VERIFIED,과정명 '실무사례로 알아보는 근로기준법' 내 근로기준법 및 노무관리 법률 실무 직결 확인,Y,2차
AIG20240000475110_2,"2일 완성, 노동법 마스터",COMP_LABOR_01,VERIFIED,"과정명 '2일 완성, 노동법 마스터' 내 근로기준법 및 노무관리 법률 실무 직결 확인",Y,2차
ABA20243001036557_20,실무사례로 알아보는 근로기준법,COMP_LABOR_01,VERIFIED,과정명 '실무사례로 알아보는 근로기준법' 내 근로기준법 및 노무관리 법률 실무 직결 확인,Y,2차
ABA20253001062023_1,실무사례로 알아보는 근로기준법,COMP_LABOR_01,VERIFIED,과정명 '실무사례로 알아보는 근로기준법' 내 근로기준법 및 노무관리 법률 실무 직결 확인,Y,2차
ABA20243001036557_21,실무사례로 알아보는 근로기준법,COMP_LABOR_01,VERIFIED,과정명 '실무사례로 알아보는 근로기준법' 내 근로기준법 및 노무관리 법률 실무 직결 확인,Y,2차
ABA20243001023642_6,인사평가체계 구축 및 운영 방법,COMP_HR_02,VERIFIED,과정명 '인사평가체계 구축 및 운영 방법' 내 인사평가체계 및 성과관리 실무 직결 확인,Y,2차
ABA20243001000121_10,인사평가체계 구축 및 운영 방법,COMP_HR_02,VERIFIED,과정명 '인사평가체계 구축 및 운영 방법' 내 인사평가체계 및 성과관리 실무 직결 확인,Y,2차
ABA20243001023642_7,인사평가체계 구축 및 운영 방법,COMP_HR_02,VERIFIED,과정명 '인사평가체계 구축 및 운영 방법' 내 인사평가체계 및 성과관리 실무 직결 확인,Y,2차
ABA20243001000121_11,인사평가체계 구축 및 운영 방법,COMP_HR_02,VERIFIED,과정명 '인사평가체계 구축 및 운영 방법' 내 인사평가체계 및 성과관리 실무 직결 확인,Y,2차
ABA20243001051630_1,EB24OH 인사평가체계 구축 및 운영 방법,COMP_HR_02,VERIFIED,과정명 'EB24OH 인사평가체계 구축 및 운영 방법' 내 인사평가체계 및 성과관리 실무 직결 확인,Y,2차
ABA20243001000121_12,인사평가체계 구축 및 운영 방법,COMP_HR_02,VERIFIED,과정명 '인사평가체계 구축 및 운영 방법' 내 인사평가체계 및 성과관리 실무 직결 확인,Y,2차
ABA20243001000115_23,인사평가체계 구축 및 운영 방법,COMP_HR_02,VERIFIED,과정명 '인사평가체계 구축 및 운영 방법' 내 인사평가체계 및 성과관리 실무 직결 확인,Y,2차
ABA20243001023642_8,인사평가체계 구축 및 운영 방법,COMP_HR_02,VERIFIED,과정명 '인사평가체계 구축 및 운영 방법' 내 인사평가체계 및 성과관리 실무 직결 확인,Y,2차
AIG20240000472845_1,실전! 인사평가제도 기획 방법론,COMP_HR_02,VERIFIED,과정명 '실전! 인사평가제도 기획 방법론' 내 인사평가체계 및 성과관리 실무 직결 확인,Y,2차
ABA20243001000115_24,인사평가체계 구축 및 운영 방법,COMP_HR_02,VERIFIED,과정명 '인사평가체계 구축 및 운영 방법' 내 인사평가체계 및 성과관리 실무 직결 확인,Y,2차
ABA20243001012801_206,총무기획과 총무자산관리,COMP_GA_02,VERIFIED,과정명 '총무기획과 총무자산관리' 내 총무기획 및 사내 자산관리 실무 직결 확인,Y,2차
ABA20243001012801_207,총무기획과 총무자산관리,COMP_GA_02,VERIFIED,과정명 '총무기획과 총무자산관리' 내 총무기획 및 사내 자산관리 실무 직결 확인,Y,2차
ABA20243001012801_208,총무기획과 총무자산관리,COMP_GA_02,VERIFIED,과정명 '총무기획과 총무자산관리' 내 총무기획 및 사내 자산관리 실무 직결 확인,Y,2차
ABA20243001012801_209,총무기획과 총무자산관리,COMP_GA_02,VERIFIED,과정명 '총무기획과 총무자산관리' 내 총무기획 및 사내 자산관리 실무 직결 확인,Y,2차
ABA20243001012801_210,총무기획과 총무자산관리,COMP_GA_02,VERIFIED,과정명 '총무기획과 총무자산관리' 내 총무기획 및 사내 자산관리 실무 직결 확인,Y,2차
ABA20243001036526_9,급변하는 비즈니스 환경의 총무관리 역할,COMP_GA_01,VERIFIED,과정명 '급변하는 비즈니스 환경의 총무관리 역할' 내 총무관리 실무 직결 확인,Y,2차
ABA20243001058355_1,농협은행 자산관리 전문역 양성,COMP_GA_02,VERIFIED,과정명 '농협은행 자산관리 전문역 양성' 내 총무기획 및 사내 자산관리 실무 직결 확인,Y,2차
