instance_key,source_api,course_name_std,job_name,job_clarity,ncs_classification_code
ACG20243000973001_324,국민내일배움카드,알베르토와 함께하는 글로벌 비즈니스 매너,비서·사무지원,CLEAR,02040302
ACG20243001004189_245,국민내일배움카드,"기획력, 어떻게 끌리는 플랜을 세울 것인가?",총무·일반사무,CLEAR,02010101
ACG20243001050108_7,국민내일배움카드,알짜 부동산 사용설명서_투자실무,검토대상(기타),REVIEW_NEEDED,10020203
ACG20243001028388_5,국민내일배움카드,포스트 차이나 시대-동남아에서 미래를 찾다!,경영·기획(인접),REVIEW_NEEDED,01010201
ACG20243001003252_252,국민내일배움카드,실전! 소화기계 환자간호,검토대상(기타),REVIEW_NEEDED,06020201
ACG20243001011498_31,국민내일배움카드,소방시설관리사 취득(2차-점검실무행정),검토대상(기타),REVIEW_NEEDED,05020101
ACG20243001035937_7,국민내일배움카드,커리어와 리더십을 모두 책임지는 Auto Work 코칭스킬!,검토대상(기타),REVIEW_NEEDED,04030101
ACG20243001052020_28,국민내일배움카드,플랜트·건설 프로젝트 자원관리의 이해 및 실무,경영·기획(인접),REVIEW_NEEDED,14040301
ACG20243000994801_261,국민내일배움카드,물류비관리와 공장물류,비서·사무지원,CLEAR,02040301
ACG20243001026443_119,국민내일배움카드,초보자도 할 수 있는 디지털 마케팅: SNS와 블로그 활용 A to Z,총무·일반사무,CLEAR,02010301
ACG20243001010743_21,국민내일배움카드,"언택트 시대, e-비즈니스 인사이트",인사·조직,CLEAR,10030102
ACG20243000974726_338,국민내일배움카드,마케팅 분석과 STP 전략,총무·일반사무,CLEAR,02010301
ACG20243001035769_93,국민내일배움카드,IEQ 인터넷윤리지도사 자격 취득하기,검토대상(기타),REVIEW_NEEDED,20010601
ACG20243001058601_1,국민내일배움카드,"가장 쉽게 배우는 AWS, 기초부터 실무까지",검토대상(기타),REVIEW_NEEDED,20020110
ACG20243001023775_19,국민내일배움카드,"전기(산업)기사 필기1(회로이론, 전기기기, 전기설비기술기준 및 판단기준)",검토대상(기타),REVIEW_NEEDED,19010601
ACG20243001026470_119,국민내일배움카드,전기공사(산업)기사 필기,검토대상(기타),REVIEW_NEEDED,19010601
ACG20243001020721_156,국민내일배움카드,의료정보 관리에 대한 A to Z!,검토대상(기타),REVIEW_NEEDED,06010114
ACG20243001052043_4,국민내일배움카드,경비지도사 1과목 법학개론,검토대상(기타),REVIEW_NEEDED,11010101
ACG20243001035736_93,국민내일배움카드,"왕초보를 위한 프론트엔드 개발자 첫걸음 : 기초 코딩, 리액트, 취업 가이드까지 한 번에!",검토대상(기타),REVIEW_NEEDED,20010202
ACG20243000979770_46,국민내일배움카드,소방설비(산업)기사 취득(실기_전기 합격노트),검토대상(기타),REVIEW_NEEDED,05020101
ABA20243000983062_296,사업주훈련,애자일 프로젝트 실무(입문),경영·기획(인접),REVIEW_NEEDED,01010102
ABA20243000999206_4,사업주훈련,한국경제의미래,총무·일반사무,CLEAR,02010101
ABA20243000999421_4,사업주훈련,자동차 품질관리 능력향상과 문제해결 기법,검토대상(기타),REVIEW_NEEDED,15040102
ABA20243001012797_203,사업주훈련,AI 시대 일잘러의 필수 역량! 데이터 분석 업무에 적용하기,검토대상(기타),REVIEW_NEEDED,20010107
ABA20243001045717_58,사업주훈련,핵심만 콕! 회사의 가치를 높여주는 홍보전략,총무·일반사무,CLEAR,02010201
ABA20243001014702_4,사업주훈련,좋아요를 터뜨리는 콘텐츠마케팅 데이터 분석,총무·일반사무,CLEAR,02010301
ABA20243001025042_140,사업주훈련,모르면 놓치기 쉬운 사내 정보 보안 A to Z!,검토대상(기타),REVIEW_NEEDED,20010601
ABA20243001055424_1,사업주훈련,EB243F 실습과 함께하는! 데이터베이스 MySQL편,검토대상(기타),REVIEW_NEEDED,20010204
ABA20243001011994_6,사업주훈련,품격 있게 승리하는 직장인의 말하기 기술,총무·일반사무,CLEAR,02010101
ABA20243001012836_203,사업주훈련,달콤한 업무꿀팁! 평범한 당신이 비범하게 일하는 기술,총무·일반사무,CLEAR,02010101
ABA20243000994834_261,사업주훈련,핵심만 콕! 비즈니스 글쓰기와 보고서 작성 노하우,인사·조직,CLEAR,02020302
ABA20243001006278_7,사업주훈련,반도체 CMOS 제조 공정,검토대상(기타),REVIEW_NEEDED,19030602
ABA20243001012790_203,사업주훈련,"돈 공부의 첫 걸음, 박정호의 의식주 경제",총무·일반사무,CLEAR,02010101
ABA20243001038812_3,사업주훈련,EB23G9 알기 쉬운 블록체인,검토대상(기타),REVIEW_NEEDED,20010803
ABA20243001049744_1,사업주훈련,일잘러를 위한 IT 프로젝트,경영·기획(인접),REVIEW_NEEDED,20010401
ABA20243001053006_24,사업주훈련,"파이썬 시작하기, 파이썬 기본 개념",검토대상(기타),REVIEW_NEEDED,20010202
ABA20243001049771_3,사업주훈련,빨리 배워 바로 쓰는 엑셀 2013,인사·조직,CLEAR,02020302
ABA20243001011985_5,사업주훈련,직장 생존력 UP! 데이터 마인드셋 장착하기,총무·일반사무,CLEAR,02010101
ABA20243001001805_4,사업주훈련,EB1YZ9 AI 시대 일잘러의 필수 역량! 데이터 분석 업무에 적용하기,검토대상(기타),REVIEW_NEEDED,20010107
ABA20243000972962_324,사업주훈련,한달 공부로 실무에 바로 통하는 데이터분석,비서·사무지원,CLEAR,02040101
NCS_CRS_02030102_1_1,NCS 교육과정,동선관리과목,총무·일반사무,CLEAR,02030102
NCS_CRS_02030102_2_1,NCS 교육과정,목표수립과목,총무·일반사무,CLEAR,02030102
NCS_CRS_02010101_3_1,NCS 교육과정,사회적기업혁신론,총무·일반사무,CLEAR,02010101
NCS_CRS_02010101_4_1,NCS 교육과정,사회적경제사례연구,총무·일반사무,CLEAR,02010101
NCS_CRS_02010101_5_1,NCS 교육과정,사회적경제경영실무1,총무·일반사무,CLEAR,02010101
NCS_CRS_02010101_6_1,NCS 교육과정,사회적경제경영실무2,총무·일반사무,CLEAR,02010101
NCS_CRS_02010101_7_1,NCS 교육과정,도시재생 지역공동체,총무·일반사무,CLEAR,02010101
NCS_CRS_02010101_8_1,NCS 교육과정,ESG와 지속가능 경영,총무·일반사무,CLEAR,02010101
NCS_CRS_02010101_9_1,NCS 교육과정,사회적경제 가치 평가,총무·일반사무,CLEAR,02010101
NCS_CRS_02010101_10_1,NCS 교육과정,사회적금융,총무·일반사무,CLEAR,02010101
