source_api,course_id,course_turn,course_key,course_name,institution_name,ncs_full_cd,ncs_lclas_cd,ncs_mclas_cd,ncs_sclas_cd,ncs_subd_cd,hr_job_category,job_clarity,start_date,end_date,duration_days,training_hours,credits,cost_total,cost_self,capacity,region,training_target
국민내일배움카드,ACG20243000973001,324,ACG20243000973001_324,알베르토와 함께하는 글로벌 비즈니스 매너,에듀퓨어,02040302,02,04,03,02,총무·일반사무,CLEAR,2025-01-01,2025-01-30,30,,,47520.0,47520.0,150,경기 고양시 일산동구,근로자원격훈련
국민내일배움카드,ACG20243001004189,245,ACG20243001004189_245,"기획력, 어떻게 끌리는 플랜을 세울 것인가?",에듀퓨어,02010101,02,01,01,01,총무·일반사무,CLEAR,2025-01-01,2025-01-30,30,,,50490.0,50490.0,150,경기 고양시 일산동구,근로자원격훈련
국민내일배움카드,ACG20243001050108,7,ACG20243001050108_7,알짜 부동산 사용설명서_투자실무,케이지에듀원 원격평생교육원,10020203,10,02,02,03,검토대상(기타),REVIEW_NEEDED,2025-01-01,2025-01-31,31,,,62370.0,62370.0,500,서울 동작구,근로자원격훈련
국민내일배움카드,ACG20243001028388,5,ACG20243001028388_5,포스트 차이나 시대-동남아에서 미래를 찾다!,비트캠퍼스(BITcampus),01010201,01,01,02,01,경영·기획(인접),REVIEW_NEEDED,2025-01-01,2025-01-31,31,,,87780.0,87780.0,2000,서울 서초구,근로자원격훈련
국민내일배움카드,ACG20243001003252,252,ACG20243001003252_252,실전! 소화기계 환자간호,윈스펙원격평생교육원,06020201,06,02,02,01,검토대상(기타),REVIEW_NEEDED,2025-01-01,2025-01-30,30,,,83600.0,83600.0,500,서울 강남구,근로자원격훈련
국민내일배움카드,ACG20243001011498,31,ACG20243001011498_31,소방시설관리사 취득(2차-점검실무행정),edufire(에듀파이어)원격평생교육원,05020101,05,02,01,01,검토대상(기타),REVIEW_NEEDED,2025-01-01,2025-02-25,56,,,305140.0,305140.0,1000,부산 부산진구,근로자원격훈련
국민내일배움카드,ACG20243001035937,7,ACG20243001035937_7,커리어와 리더십을 모두 책임지는 Auto Work 코칭스킬!,이룸캠퍼스,04030101,04,03,01,01,검토대상(기타),REVIEW_NEEDED,2025-01-01,2025-01-31,31,,,125400.0,125400.0,1000,경기 수원시 영통구,근로자원격훈련
국민내일배움카드,ACG20243001052020,28,ACG20243001052020_28,플랜트·건설 프로젝트 자원관리의 이해 및 실무,에듀퓨어,14040301,14,04,03,01,경영·기획(인접),REVIEW_NEEDED,2025-01-01,2025-01-30,30,,,50490.0,50490.0,500,경기 고양시 일산동구,근로자원격훈련
국민내일배움카드,ACG20243000994801,261,ACG20243000994801_261,[물류전문가양성코스] 물류비관리와 공장물류,에듀퓨어,02040301,02,04,03,01,총무·일반사무,CLEAR,2025-01-01,2025-01-30,30,,,50490.0,50490.0,150,경기 고양시 일산동구,근로자원격훈련
국민내일배움카드,ACG20243001026443,119,ACG20243001026443_119,초보자도 할 수 있는 디지털 마케팅: SNS와 블로그 활용 A to Z,윈스펙원격평생교육원,02010301,02,01,03,01,총무·일반사무,CLEAR,2025-01-01,2025-01-30,30,,,62370.0,62370.0,500,서울 강남구,근로자원격훈련
국민내일배움카드,ACG20243001010743,21,ACG20243001010743_21,"언택트 시대, e-비즈니스 인사이트",(주)휴넷,10030102,10,03,01,02,검토대상(기타),REVIEW_NEEDED,2025-01-01,2025-01-31,31,,,50490.0,50490.0,500,서울 구로구,근로자원격훈련
국민내일배움카드,ACG20243000974726,338,ACG20243000974726_338,[마케팅전문가양성코스] 마케팅 분석과 STP 전략,윈스펙원격평생교육원,02010301,02,01,03,01,총무·일반사무,CLEAR,2025-01-01,2025-01-30,30,,,50490.0,50490.0,500,서울 강남구,근로자원격훈련
국민내일배움카드,ACG20243001035769,93,ACG20243001035769_93,IEQ 인터넷윤리지도사 자격 취득하기,윈스펙원격평생교육원,20010601,20,01,06,01,검토대상(기타),REVIEW_NEEDED,2025-01-01,2025-01-30,30,,,62370.0,62370.0,500,서울 강남구,근로자원격훈련
국민내일배움카드,ACG20243001058601,1,ACG20243001058601_1,"가장 쉽게 배우는 AWS, 기초부터 실무까지",챔프스터디 원격평생교육원,20020110,20,02,01,10,검토대상(기타),REVIEW_NEEDED,2025-01-01,2025-01-31,31,,,75240.0,75240.0,500,서울 서초구,근로자원격훈련
국민내일배움카드,ACG20243001023775,19,ACG20243001023775_19,"전기(산업)기사 필기1(회로이론, 전기기기, 전기설비기술기준 및 판단기준)",마이에듀,19010601,19,01,06,01,검토대상(기타),REVIEW_NEEDED,2025-01-01,2025-03-01,60,,,193050.0,193050.0,500,서울 금천구,근로자원격훈련
국민내일배움카드,ACG20243001026470,119,ACG20243001026470_119,[핵집]전기공사(산업)기사 필기,윈스펙원격평생교육원,19010601,19,01,06,01,검토대상(기타),REVIEW_NEEDED,2025-01-01,2025-03-01,60,,,371250.0,371250.0,500,서울 강남구,근로자원격훈련
국민내일배움카드,ACG20243001020721,156,ACG20243001020721_156,의료정보 관리에 대한 A to Z!,에듀퓨어,06010114,06,01,01,14,검토대상(기타),REVIEW_NEEDED,2025-01-01,2025-01-30,30,,,92070.0,92070.0,150,경기 고양시 일산동구,근로자원격훈련
국민내일배움카드,ACG20243001052043,4,ACG20243001052043_4,[상위1% 자격증] 경비지도사 1과목 법학개론,이룸캠퍼스,11010101,11,01,01,01,검토대상(기타),REVIEW_NEEDED,2025-01-01,2025-02-28,59,,,62370.0,62370.0,1000,경기 수원시 영통구,근로자원격훈련
국민내일배움카드,ACG20243001035736,93,ACG20243001035736_93,"왕초보를 위한 프론트엔드 개발자 첫걸음 : 기초 코딩, 리액트, 취업 가이드까지 한 번에!",윈스펙원격평생교육원,20010202,20,01,02,02,검토대상(기타),REVIEW_NEEDED,2025-01-01,2025-01-30,30,,,47520.0,47520.0,500,서울 강남구,근로자원격훈련
국민내일배움카드,ACG20243000979770,46,ACG20243000979770_46,소방설비(산업)기사 취득(실기_전기 합격노트),edufire(에듀파이어)원격평생교육원,05020101,05,02,01,01,검토대상(기타),REVIEW_NEEDED,2025-01-01,2025-02-11,42,,,183920.0,183920.0,1000,부산 부산진구,근로자원격훈련
