id,source_api,course_name,institution,ncs_code,ncs_category,training_hours,cost,cost_type,location,url,raw_desc,standardized_tags,primary_job,primary_competency,suitability_score,hr_suitability,ga_suitability,target_level,ksa_knowledge,ksa_skills,ksa_attitudes
NCS_API_01,1. 한국산업인력공단 NCS 교육과정,NCS 경영사무 역량과정,한국산업인력공단 공인 훈련기관,02,재무·회계 > 자금,40,0,공공 무료 NCS 과정,전국 온/오프라인,https://www.ncs.go.kr,NCS 경영사무 역량과정 - NCS 표준 직무능력 및 실무 과업 습득,경영사무 기초,총무·사무행정,문서작성 및 사무자동화(OA),45,45,45,Level 2 (초급 실무),"총무·사무행정 관련 표준 규정, 법령 기초 및 실무 양식",경영사무 기초 툴 조작 및 정제,"규정 준수, 데이터 정확성, 부서 간 협업 배려"
NCS_API_02,1. 한국산업인력공단 NCS 교육과정,NCS 경영사무 역량과정,한국산업인력공단 공인 훈련기관,02,재무·회계 > 자금,40,0,공공 무료 NCS 과정,전국 온/오프라인,https://www.ncs.go.kr,NCS 경영사무 역량과정 - NCS 표준 직무능력 및 실무 과업 습득,경영사무 기초,총무·사무행정,문서작성 및 사무자동화(OA),45,45,45,Level 2 (초급 실무),"총무·사무행정 관련 표준 규정, 법령 기초 및 실무 양식",경영사무 기초 툴 조작 및 정제,"규정 준수, 데이터 정확성, 부서 간 협업 배려"
NCS_API_03,1. 한국산업인력공단 NCS 교육과정,NCS 경영사무 역량과정,한국산업인력공단 공인 훈련기관,01,기획사무 > 경영기획,40,0,공공 무료 NCS 과정,전국 온/오프라인,https://www.ncs.go.kr,NCS 경영사무 역량과정 - NCS 표준 직무능력 및 실무 과업 습득,경영사무 기초,총무·사무행정,문서작성 및 사무자동화(OA),45,45,45,Level 2 (초급 실무),"총무·사무행정 관련 표준 규정, 법령 기초 및 실무 양식",경영사무 기초 툴 조작 및 정제,"규정 준수, 데이터 정확성, 부서 간 협업 배려"
NCS_API_04,1. 한국산업인력공단 NCS 교육과정,NCS 경영사무 역량과정,한국산업인력공단 공인 훈련기관,01,기획사무 > 경영기획,40,0,공공 무료 NCS 과정,전국 온/오프라인,https://www.ncs.go.kr,NCS 경영사무 역량과정 - NCS 표준 직무능력 및 실무 과업 습득,경영사무 기초,총무·사무행정,문서작성 및 사무자동화(OA),45,45,45,Level 2 (초급 실무),"총무·사무행정 관련 표준 규정, 법령 기초 및 실무 양식",경영사무 기초 툴 조작 및 정제,"규정 준수, 데이터 정확성, 부서 간 협업 배려"
NCS_API_05,1. 한국산업인력공단 NCS 교육과정,NCS 경영사무 역량과정,한국산업인력공단 공인 훈련기관,01,기획사무 > 경영기획,40,0,공공 무료 NCS 과정,전국 온/오프라인,https://www.ncs.go.kr,NCS 경영사무 역량과정 - NCS 표준 직무능력 및 실무 과업 습득,경영사무 기초,총무·사무행정,문서작성 및 사무자동화(OA),45,45,45,Level 2 (초급 실무),"총무·사무행정 관련 표준 규정, 법령 기초 및 실무 양식",경영사무 기초 툴 조작 및 정제,"규정 준수, 데이터 정확성, 부서 간 협업 배려"
NCS_API_06,1. 한국산업인력공단 NCS 교육과정,NCS 경영사무 역량과정,한국산업인력공단 공인 훈련기관,01,기획사무 > 경영기획,40,0,공공 무료 NCS 과정,전국 온/오프라인,https://www.ncs.go.kr,NCS 경영사무 역량과정 - NCS 표준 직무능력 및 실무 과업 습득,경영사무 기초,총무·사무행정,문서작성 및 사무자동화(OA),45,45,45,Level 2 (초급 실무),"총무·사무행정 관련 표준 규정, 법령 기초 및 실무 양식",경영사무 기초 툴 조작 및 정제,"규정 준수, 데이터 정확성, 부서 간 협업 배려"
NCS_API_07,1. 한국산업인력공단 NCS 교육과정,NCS 경영사무 역량과정,한국산업인력공단 공인 훈련기관,01,기획사무 > 경영기획,40,0,공공 무료 NCS 과정,전국 온/오프라인,https://www.ncs.go.kr,NCS 경영사무 역량과정 - NCS 표준 직무능력 및 실무 과업 습득,경영사무 기초,총무·사무행정,문서작성 및 사무자동화(OA),45,45,45,Level 2 (초급 실무),"총무·사무행정 관련 표준 규정, 법령 기초 및 실무 양식",경영사무 기초 툴 조작 및 정제,"규정 준수, 데이터 정확성, 부서 간 협업 배려"
NCS_API_08,1. 한국산업인력공단 NCS 교육과정,NCS 경영사무 역량과정,한국산업인력공단 공인 훈련기관,01,기획사무 > 경영기획,40,0,공공 무료 NCS 과정,전국 온/오프라인,https://www.ncs.go.kr,NCS 경영사무 역량과정 - NCS 표준 직무능력 및 실무 과업 습득,경영사무 기초,총무·사무행정,문서작성 및 사무자동화(OA),45,45,45,Level 2 (초급 실무),"총무·사무행정 관련 표준 규정, 법령 기초 및 실무 양식",경영사무 기초 툴 조작 및 정제,"규정 준수, 데이터 정확성, 부서 간 협업 배려"
NCS_API_09,1. 한국산업인력공단 NCS 교육과정,NCS 경영사무 역량과정,한국산업인력공단 공인 훈련기관,01,기획사무 > 경영기획,40,0,공공 무료 NCS 과정,전국 온/오프라인,https://www.ncs.go.kr,NCS 경영사무 역량과정 - NCS 표준 직무능력 및 실무 과업 습득,경영사무 기초,총무·사무행정,문서작성 및 사무자동화(OA),45,45,45,Level 2 (초급 실무),"총무·사무행정 관련 표준 규정, 법령 기초 및 실무 양식",경영사무 기초 툴 조작 및 정제,"규정 준수, 데이터 정확성, 부서 간 협업 배려"
NCS_API_10,1. 한국산업인력공단 NCS 교육과정,NCS 경영사무 역량과정,한국산업인력공단 공인 훈련기관,01,기획사무 > 경영기획,40,0,공공 무료 NCS 과정,전국 온/오프라인,https://www.ncs.go.kr,NCS 경영사무 역량과정 - NCS 표준 직무능력 및 실무 과업 습득,경영사무 기초,총무·사무행정,문서작성 및 사무자동화(OA),45,45,45,Level 2 (초급 실무),"총무·사무행정 관련 표준 규정, 법령 기초 및 실무 양식",경영사무 기초 툴 조작 및 정제,"규정 준수, 데이터 정확성, 부서 간 협업 배려"
KMBC_HR_11,2. 고용24 국민내일배움카드,실무자를 위한 인사급여지급(급여계산+4대보험관리+원천징수+연말정산)B,하이컴퓨터그래픽전산회계학원,02020201,02. 경영·회계·사무 (인사 국비과정),48,255300,국비지원 (자부담 일부),경기 안산시 단원구,https://www.work24.go.kr/hr/a/a/3100/selectTracseDetl.do?tracseId=AIG20230000454583&tracseTme=3&crseTracseSe=C0061&trainstCstmrId=500020019063,실무자를 위한 인사급여지급(급여계산+4대보험관리+원천징수+연말정산)B | 실무 자격 및 실습 연계,인사정보관리 | 인사데이터/급여,인사(HR),인사정보 관리 및 노무·채용,75,75,45,Level 1 (입문·보조),"인사(HR) 관련 표준 규정, 법령 기초 및 실무 양식",인사정보관리 · 인사데이터/급여 툴 조작 및 정제,"규정 준수, 데이터 정확성, 부서 간 협업 배려"
KMBC_HR_12,2. 고용24 국민내일배움카드,공인노무사가 실제 수행한 노동사례로 배우는 인사노무 실무(노동법 심화과정),한국이러닝협회,02020201,02. 경영·회계·사무 (인사 국비과정),48,121770,국비지원 (자부담 일부),서울 구로구,https://www.work24.go.kr/hr/a/a/3100/selectTracseDetl.do?tracseId=AVA20253001150461&tracseTme=31&crseTracseSe=C0055&trainstCstmrId=500020055159,공인노무사가 실제 수행한 노동사례로 배우는 인사노무 실무(노동법 심화과정) | 실무 자격 및 실습 연계,인사정보관리 | 인사법규/노무,인사(HR),인사정보 관리 및 노무·채용,60,60,45,Level 2 (초급 실무),"인사(HR) 관련 표준 규정, 법령 기초 및 실무 양식",인사정보관리 · 인사법규/노무 툴 조작 및 정제,"규정 준수, 데이터 정확성, 부서 간 협업 배려"
KMBC_HR_13,2. 고용24 국민내일배움카드,인사평가체계 구축 및 운영 방법,(1st)인비원 평생교육원,02020201,02. 경영·회계·사무 (인사 국비과정),48,50490,국비지원 (자부담 일부),경기 고양시 일산동구,https://www.work24.go.kr/hr/a/a/3100/selectTracseDetl.do?tracseId=ACG20263001201352&tracseTme=227&crseTracseSe=C0031&trainstCstmrId=500044312625,인사평가체계 구축 및 운영 방법 | 실무 자격 및 실습 연계,인사정보관리,총무·사무행정,문서작성 및 사무자동화(OA),45,45,45,Level 2 (초급 실무),"총무·사무행정 관련 표준 규정, 법령 기초 및 실무 양식",인사정보관리 툴 조작 및 정제,"규정 준수, 데이터 정확성, 부서 간 협업 배려"
KMBC_HR_14,2. 고용24 국민내일배움카드,전략적 조직운영을 위한 인사관리 실무,에듀퓨어,02020201,02. 경영·회계·사무 (인사 국비과정),48,50490,국비지원 (자부담 일부),경기 고양시 일산동구,https://www.work24.go.kr/hr/a/a/3100/selectTracseDetl.do?tracseId=ACG20263001369980&tracseTme=71&crseTracseSe=C0031&trainstCstmrId=500020034527,전략적 조직운영을 위한 인사관리 실무 | 실무 자격 및 실습 연계,인사정보관리,인사(HR),인사정보 관리 및 노무·채용,60,60,45,Level 2 (초급 실무),"인사(HR) 관련 표준 규정, 법령 기초 및 실무 양식",인사정보관리 툴 조작 및 정제,"규정 준수, 데이터 정확성, 부서 간 협업 배려"
KMBC_HR_15,2. 고용24 국민내일배움카드,[인사총무전문가] 입찰계약과 행사의전실무,윈스펙원격평생교육원,02020101,02. 경영·회계·사무 (인사 국비과정),48,50490,국비지원 (자부담 일부),서울 강남구,https://www.work24.go.kr/hr/a/a/3100/selectTracseDetl.do?tracseId=ACG20263001169523&tracseTme=261&crseTracseSe=C0031&trainstCstmrId=500034225481,[인사총무전문가] 입찰계약과 행사의전실무 | 실무 자격 및 실습 연계,인사정보관리 | 인사법규/노무 | 회의운영/지원,총무·사무행정,문서작성 및 사무자동화(OA),60,45,60,Level 2 (초급 실무),"총무·사무행정 관련 표준 규정, 법령 기초 및 실무 양식",인사정보관리 · 인사법규/노무 · 회의운영/지원 툴 조작 및 정제,"규정 준수, 데이터 정확성, 부서 간 협업 배려"
KMBC_GA_16,2. 고용24 국민내일배움카드,"스마트한 업무 혁신! 일반사무, 행정",(사)한국디지털컨버전스협회,02020302,02. 경영·회계·사무 (사무행정 국비과정),60,62370,국비지원 (자부담 일부),서울 영등포구,https://www.work24.go.kr/hr/a/a/3100/selectTracseDetl.do?tracseId=AVA20263001406573&tracseTme=10&crseTracseSe=C0055&trainstCstmrId=500020020261,"스마트한 업무 혁신! 일반사무, 행정 | 실무 자격 및 실습 연계",사무자동화(OA),총무·사무행정,문서작성 및 사무자동화(OA),45,45,45,Level 2 (초급 실무),"총무·사무행정 관련 표준 규정, 법령 기초 및 실무 양식",사무자동화(OA) 툴 조작 및 정제,"규정 준수, 데이터 정확성, 부서 간 협업 배려"
KMBC_GA_17,2. 고용24 국민내일배움카드,전사원이 바로 쓰는 사무행정 실무,사단법인 한국에듀테크산업협회,02020302,02. 경영·회계·사무 (사무행정 국비과정),60,92070,국비지원 (자부담 일부),서울 강남구,https://www.work24.go.kr/hr/a/a/3100/selectTracseDetl.do?tracseId=AVA20263001248394&tracseTme=22&crseTracseSe=C0055&trainstCstmrId=500020013301,전사원이 바로 쓰는 사무행정 실무 | 실무 자격 및 실습 연계,경영사무 기초,총무·사무행정,문서작성 및 사무자동화(OA),45,45,45,Level 2 (초급 실무),"총무·사무행정 관련 표준 규정, 법령 기초 및 실무 양식",경영사무 기초 툴 조작 및 정제,"규정 준수, 데이터 정확성, 부서 간 협업 배려"
KMBC_GA_18,2. 고용24 국민내일배움카드,완전정복! 사무행정 실무 향상 교육,에듀퓨어,02020101,02. 경영·회계·사무 (사무행정 국비과정),60,59400,국비지원 (자부담 일부),경기 고양시 일산동구,https://www.work24.go.kr/hr/a/a/3100/selectTracseDetl.do?tracseId=ACG20263001256988&tracseTme=148&crseTracseSe=C0031&trainstCstmrId=500020034527,완전정복! 사무행정 실무 향상 교육 | 실무 자격 및 실습 연계,경영사무 기초,총무·사무행정,문서작성 및 사무자동화(OA),45,45,45,Level 2 (초급 실무),"총무·사무행정 관련 표준 규정, 법령 기초 및 실무 양식",경영사무 기초 툴 조작 및 정제,"규정 준수, 데이터 정확성, 부서 간 협업 배려"
KMBC_GA_19,2. 고용24 국민내일배움카드,핵심만 콕! 바로 쓰는 사무행정 실무,(1st)인비원 평생교육원,02020302,02. 경영·회계·사무 (사무행정 국비과정),60,47520,국비지원 (자부담 일부),경기 고양시 일산동구,https://www.work24.go.kr/hr/a/a/3100/selectTracseDetl.do?tracseId=ACG20263001399125&tracseTme=69&crseTracseSe=C0031&trainstCstmrId=500044312625,핵심만 콕! 바로 쓰는 사무행정 실무 | 실무 자격 및 실습 연계,경영사무 기초,총무·사무행정,문서작성 및 사무자동화(OA),45,45,45,Level 2 (초급 실무),"총무·사무행정 관련 표준 규정, 법령 기초 및 실무 양식",경영사무 기초 툴 조작 및 정제,"규정 준수, 데이터 정확성, 부서 간 협업 배려"
KMBC_GA_20,2. 고용24 국민내일배움카드,"성공을 위한 직장생활의 비법, 사무행정편",러닝플러스 주식회사,02020302,02. 경영·회계·사무 (사무행정 국비과정),60,86130,국비지원 (자부담 일부),부산 부산진구,https://www.work24.go.kr/hr/a/a/3100/selectTracseDetl.do?tracseId=ACG20263001366328&tracseTme=25&crseTracseSe=C0031&trainstCstmrId=500020021711,"성공을 위한 직장생활의 비법, 사무행정편 | 실무 자격 및 실습 연계",경영사무 기초,총무·사무행정,문서작성 및 사무자동화(OA),45,45,45,Level 2 (초급 실무),"총무·사무행정 관련 표준 규정, 법령 기초 및 실무 양식",경영사무 기초 툴 조작 및 정제,"규정 준수, 데이터 정확성, 부서 간 협업 배려"
EMP_HR_21,3. 고용24 사업주훈련,채용에서 퇴직까지 인사노무관리 핵심실무,(1st)인비원 평생교육원,02020201,02. 경영·회계·사무 (노무 기업직무),32,50490,사업주 환급 직무교육,경기 고양시 일산동구,https://www.work24.go.kr/hr/a/a/3100/selectTracseDetl2.do?tracseId=ABA20263001219019&tracseTme=209&crseTracseSe=C0041&trainstCstmrId=500044312625,채용에서 퇴직까지 인사노무관리 핵심실무 | 재직자 실무역량 강화,채용관리 | 인사정보관리 | 인사법규/노무,인사(HR),인사정보 관리 및 노무·채용,90,90,45,Level 2 (초급 실무),"인사(HR) 관련 표준 규정, 법령 기초 및 실무 양식",채용관리 · 인사정보관리 · 인사법규/노무 툴 조작 및 정제,"규정 준수, 데이터 정확성, 부서 간 협업 배려"
EMP_HR_22,3. 고용24 사업주훈련,문제직원에 대한 노동법적 대응 및 노무관리 방안,중앙경제HR교육원,02020202,02. 경영·회계·사무 (노무 기업직무),32,580000,사업주 환급 직무교육,서울 중구,https://www.work24.go.kr/hr/a/a/3100/selectTracseDetl.do?tracseId=AIG20250000505812&tracseTme=5&crseTracseSe=C0061&trainstCstmrId=500020051751,문제직원에 대한 노동법적 대응 및 노무관리 방안 | 재직자 실무역량 강화,인사법규/노무,인사(HR),인사정보 관리 및 노무·채용,75,75,45,Level 2 (초급 실무),"인사(HR) 관련 표준 규정, 법령 기초 및 실무 양식",인사법규/노무 툴 조작 및 정제,"규정 준수, 데이터 정확성, 부서 간 협업 배려"
EMP_HR_23,3. 고용24 사업주훈련,인사노무관리 에센스,중소벤처기업진흥공단 호남연수원,02020201,02. 경영·회계·사무 (노무 기업직무),32,242000,사업주 환급 직무교육,전남광주 북구,https://www.work24.go.kr/hr/a/a/3100/selectTracseDetl.do?tracseId=AIG20250000534837&tracseTme=2&crseTracseSe=C0061&trainstCstmrId=500020037535,인사노무관리 에센스 | 재직자 실무역량 강화,인사정보관리 | 인사법규/노무,인사(HR),인사정보 관리 및 노무·채용,75,75,45,Level 2 (초급 실무),"인사(HR) 관련 표준 규정, 법령 기초 및 실무 양식",인사정보관리 · 인사법규/노무 툴 조작 및 정제,"규정 준수, 데이터 정확성, 부서 간 협업 배려"
EMP_HR_24,3. 고용24 사업주훈련,(채용예정자과정)비파괴시험기기운용 (전문과정),우창비파괴검사학원,23060301,02. 경영·회계·사무 (채용 기업직무),32,2118400,사업주 환급 직무교육,대구 동구,https://www.work24.go.kr/hr/a/a/3100/selectTracseDetl2.do?tracseId=ABA20263001452475&tracseTme=1&crseTracseSe=C0041&trainstCstmrId=500020030765,(채용예정자과정)비파괴시험기기운용 (전문과정) | 재직자 실무역량 강화,채용관리,인사(HR),인사정보 관리 및 노무·채용,60,60,45,Level 2 (초급 실무),"인사(HR) 관련 표준 규정, 법령 기초 및 실무 양식",채용관리 툴 조작 및 정제,"규정 준수, 데이터 정확성, 부서 간 협업 배려"
EMP_HR_25,3. 고용24 사업주훈련,[인재키움] 이제 막 시작한 HR 실무자를 위한 직무분석 & 평가 기초 - 채용·보상까지 연결하는 법,중앙경제HR교육원,02020201,02. 경영·회계·사무 (채용 기업직무),32,540000,사업주 환급 직무교육,서울 중구,https://www.work24.go.kr/hr/a/a/3100/selectTracseDetl2.do?tracseId=ABA20263001193386&tracseTme=3&crseTracseSe=C0041&trainstCstmrId=500020051751,[인재키움] 이제 막 시작한 HR 실무자를 위한 직무분석 & 평가 기초 - 채용·보상까지 연결하는 법 | 재직자 실무역량 강화,채용관리 | 인사데이터/급여,인사(HR),인사정보 관리 및 노무·채용,60,60,45,Level 1 (입문·보조),"인사(HR) 관련 표준 규정, 법령 기초 및 실무 양식",채용관리 · 인사데이터/급여 툴 조작 및 정제,"규정 준수, 데이터 정확성, 부서 간 협업 배려"
EMP_GA_26,3. 고용24 사업주훈련,업무에 날개를 달아주는 스마트워크,(1st)인비원 평생교육원,02010101,02. 경영·회계·사무 (스마트 기업직무),32,62370,사업주 환급 직무교육,경기 고양시 일산동구,https://www.work24.go.kr/hr/a/a/3100/selectTracseDetl2.do?tracseId=ABA20263001218983&tracseTme=209&crseTracseSe=C0041&trainstCstmrId=500044312625,업무에 날개를 달아주는 스마트워크 | 재직자 실무역량 강화,사무자동화(OA) | 회의운영/지원,총무·사무행정,문서작성 및 사무자동화(OA),60,45,60,Level 1 (입문·보조),"총무·사무행정 관련 표준 규정, 법령 기초 및 실무 양식",사무자동화(OA) · 회의운영/지원 툴 조작 및 정제,"규정 준수, 데이터 정확성, 부서 간 협업 배려"
EMP_GA_27,3. 고용24 사업주훈련,스마트 사원이 알아야 할 알기쉬운 재무지식 100가지,(1st)인비원 평생교육원,02030101,02. 경영·회계·사무 (스마트 기업직무),32,50490,사업주 환급 직무교육,경기 고양시 일산동구,https://www.work24.go.kr/hr/a/a/3100/selectTracseDetl2.do?tracseId=ABA20263001336373&tracseTme=121&crseTracseSe=C0041&trainstCstmrId=500044312625,스마트 사원이 알아야 할 알기쉬운 재무지식 100가지 | 재직자 실무역량 강화,사무자동화(OA),총무·사무행정,문서작성 및 사무자동화(OA),45,45,45,Level 2 (초급 실무),"총무·사무행정 관련 표준 규정, 법령 기초 및 실무 양식",사무자동화(OA) 툴 조작 및 정제,"규정 준수, 데이터 정확성, 부서 간 협업 배려"
EMP_GA_28,3. 고용24 사업주훈련,AI 시대 의료인이 알아야 할 스마트 헬스케어,(1st)인비원 평생교육원,19030904,02. 경영·회계·사무 (스마트 기업직무),32,129580,사업주 환급 직무교육,경기 고양시 일산동구,https://www.work24.go.kr/hr/a/a/3100/selectTracseDetl2.do?tracseId=ABA20263001292261&tracseTme=163&crseTracseSe=C0041&trainstCstmrId=500044312625,AI 시대 의료인이 알아야 할 스마트 헬스케어 | 재직자 실무역량 강화,사무자동화(OA),총무·사무행정,문서작성 및 사무자동화(OA),45,45,45,Level 2 (초급 실무),"총무·사무행정 관련 표준 규정, 법령 기초 및 실무 양식",사무자동화(OA) 툴 조작 및 정제,"규정 준수, 데이터 정확성, 부서 간 협업 배려"
EMP_GA_29,3. 고용24 사업주훈련,키네마스터로 완성하는 스마트폰 영상 편집,(1st)인비원 평생교육원,08030406,02. 경영·회계·사무 (스마트 기업직무),32,62370,사업주 환급 직무교육,경기 고양시 일산동구,https://www.work24.go.kr/hr/a/a/3100/selectTracseDetl2.do?tracseId=ABA20263001463244&tracseTme=11&crseTracseSe=C0041&trainstCstmrId=500044312625,키네마스터로 완성하는 스마트폰 영상 편집 | 재직자 실무역량 강화,사무자동화(OA),총무·사무행정,문서작성 및 사무자동화(OA),45,45,45,Level 2 (초급 실무),"총무·사무행정 관련 표준 규정, 법령 기초 및 실무 양식",사무자동화(OA) 툴 조작 및 정제,"규정 준수, 데이터 정확성, 부서 간 협업 배려"
EMP_GA_30,3. 고용24 사업주훈련,스마트한 행사의전 전략,(1st)인비원 평생교육원,02020301,02. 경영·회계·사무 (스마트 기업직무),32,26730,사업주 환급 직무교육,경기 고양시 일산동구,https://www.work24.go.kr/hr/a/a/3100/selectTracseDetl2.do?tracseId=ABA20263001219083&tracseTme=209&crseTracseSe=C0041&trainstCstmrId=500044312625,스마트한 행사의전 전략 | 재직자 실무역량 강화,사무자동화(OA) | 회의운영/지원,총무·사무행정,문서작성 및 사무자동화(OA),60,45,60,Level 2 (초급 실무),"총무·사무행정 관련 표준 규정, 법령 기초 및 실무 양식",사무자동화(OA) · 회의운영/지원 툴 조작 및 정제,"규정 준수, 데이터 정확성, 부서 간 협업 배려"
