id,title,category,url,hours,cost,cost_type,institution,overview,learning_objectives,target_audience,satisfaction_score_100,rating_score_5,syllabus_text
STEP_01,실전에 강해지는 인사노무 A to Z,인사(HR),https://www.step.or.kr/course/detail?course_id=STEP_HR_01,16,0,고용노동부 STEP 공공 무료 이러닝,한국기술교육대학교 (STEP),채용부터 퇴직까지 사업장에서 반드시 준수해야 할 근로기준법 및 노동관계법령의 핵심 실무 지식을 학습합니다.,"1. 근로계약 체결, 임금 계산, 근로시간 관리 등 인사노무 핵심 법률 준수 2. 노동 분쟁 예방 및 실무 대응 능력 배양","인사·노무 실무 신입 및 재직자, 사업장 노무관리 담당자",94,4.7,1차시. 근로기준법 개요 및 근로계약서 작성 실무 // 2차시. 통상임금 및 평균임금 산정 기준 // 3차시. 주52시간제와 유연근무제 운영 가이드 // 4차시. 법정 휴가 및 연차유급휴가 계산법 // 5차시. 징계 및 해고 관련 법적 리스크 관리 // 6차시. 퇴직급여 및 4대보험 상실 신고
STEP_02,노무관리실무 및 근로시간 단축 대응,인사(HR),https://www.step.or.kr/course/detail?course_id=STEP_HR_02,12,0,고용노동부 STEP 공공 무료 이러닝,한국기술교육대학교 (STEP),개정 노동법령에 따른 근로시간 단축 및 유연근무제 도입 방안을 현장 사례 중심으로 분석합니다.,탄력적·선택적 근로시간제 설계 및 포괄임금제 개선 실무 능력 습득,"인사총무팀장, 노무담당 실무자",92,4.6,1차시. 노동환경 변화와 근로시간 법제 이해 // 2차시. 탄력적 근로시간제와 시차출퇴근제 운영 // 3차시. 근태관리 시스템 연동 및 연장근로 한도 관리 // 4차시. 노사협의회 운영 및 취업규칙 개정 절차
STEP_03,업무의 효율을 높이는 Excel 2016 (사무자동화),총무·사무행정,https://www.step.or.kr/course/detail?course_id=STEP_GA_03,20,0,고용노동부 STEP 공공 무료 이러닝,한국기술교육대학교 (STEP),"반복적인 사무행정 업무를 엑셀의 함수, 피벗 테이블, 자동 필터를 활용해 획기적으로 줄이는 과정입니다.",실무 수치 데이터 정제 및 대시보드 형태의 월간 보고서 작성 완성,"총무, 사무행정, 경영지원 신입사원",96,4.8,"1차시. 실무 필수 함수 (VLOOKUP, INDEX, MATCH) 마스터 // 2차시. 텍스트 나누기와 중복값 제거를 통한 데이터 정제 // 3차시. 피벗 테이블을 이용한 다차원 집계 보고서 작성 // 4차시. 조건부 서식을 활용한 실적 모니터링 // 5차시. 매크로 기초를 이용한 일일 반복 작업 자동화"
STEP_04,관리소 ERP 및 총무회계 결산실무,총무·사무행정,https://www.step.or.kr/course/detail?course_id=STEP_GA_04,15,0,고용노동부 STEP 공공 무료 이러닝,한국기술교육대학교 (STEP),"총무 담당자가 수행해야 하는 비품 구매 전표 처리, 급여 분개, 월차 결산 업무를 ERP 상에서 다룹니다.",총무 관련 비용 전표 입력 및 자산 감가상각 대장 관리 능력 배양,총무 및 경영지원 부서 주니어 실무자,90,4.5,"1차시. 총무 행정 프로세스와 회계 전표의 기초 // 2차시. 소모품비, 지급임차료 등 계정과목 분류 및 전표 처리 // 3차시. 고정자산 등록 및 감가상각비 계산 실무 // 4차시. 부가세 매입세액 공제 서류 검토 및 증빙 관리"
STEP_05,공정채용 및 직무능력평가 실무,인사(HR),https://www.step.or.kr/course/detail?course_id=STEP_HR_05,10,0,고용노동부 STEP 공공 무료 이러닝,한국기술교육대학교 (STEP),블라인드 채용 가이드라인과 NCS 기반 역량 평가도구 개발 및 면접위원 운영 기법을 학습합니다.,"구인공고 작성, 서류 심사 기준표 설계 및 역량기반 구조화 면접 진행 능력 습득","채용 담당 HR 실무자, 면접위원",95,4.75,1차시. 채용절차공정화법 핵심 조항 및 위반 리스크 // 2차시. 직무설명서 기반 지원자격 및 우대조건 설계 // 3차시. 구조화 역량면접(BEI) 질문지 작성 실습 // 4차시. 합격자 온보딩 프로그램 기획 및 채용 피드백
KPC_01,인사총무기본 (신입 및 기초 실무자 전용),인사(HR),https://www.kpc.or.kr/education/CourseDetail?courseId=KPC_HR_01,16,380000,기업 직무 전문과정 (고용보험 환급),한국생산성본부 (KPC),"인사 및 총무팀 신입사원을 위해 기획된 대표 입문 과정으로, 인사·노사·총무 업무의 전체 사이클과 실무 양식을 집대성했습니다.",1. 연간 인사·총무 업무 캘린더 파악 2. 필수 행정 서식 작성 및 부서 간 협업 매너 체득,"인사·총무팀 신입사원 및 1년 미만 주니어, 부서 이동자",98,4.9,"1모듈. 인사총무 부서의 역할과 연간 업무 사이클 // 2모듈. 인사관리 기초 (채용, 평가, 보상, 복리후생) // 3모듈. 근로기준법 필수 상식과 노사관계 기초 // 4모듈. 총무 자산관리 및 비품 구매/계약 실무 // 5모듈. 사내 공문서 작성법 및 의전/회의 운영 실무"
KPC_02,급여담당자 운용기초 (급여계산 + 4대보험),인사(HR),https://www.kpc.or.kr/education/CourseDetail?courseId=KPC_HR_02,16,390000,기업 직무 전문과정 (고용보험 환급),한국생산성본부 (KPC),"급여 계산의 원리부터 4대 보험 취득·상실 신고, 원천징수 영수증 발급까지 급여 실무 전 과정을 엑셀 실습과 함께 익힙니다.","통상임금 산정 및 비과세 근로소득 구분, 중도 입·퇴사자 일할계산 완벽 수행","급여 및 4대보험 담당 신규 배정자, 세무/인사 실무자",97,4.85,1모듈. 임금의 법적 성격과 통상임금/평균임금 구별 // 2모듈. 연장·야간·휴일근로 가산수당 엑셀 계산식 // 3모듈. 4대 사회보험 요율과 공제 기준 및 EDI 신고 실무 // 4모듈. 간이세액표에 따른 갑근세 원천징수 및 지방소득세 // 5모듈. 연말정산 사전 점검 포인트와 급여대장 마감
KPC_03,Case Story와 함께하는 실전 노무관리,인사(HR),https://www.kpc.or.kr/education/CourseDetail?courseId=KPC_HR_03,16,410000,기업 직무 전문과정 (고용보험 환급),한국생산성본부 (KPC),실제 노동위원회 판례와 노동청 진정 사례를 바탕으로 사업장에서 자주 발생하는 노무 분쟁을 사전에 차단하는 해법을 제시합니다.,"부당해고 및 직장 내 괴롭힘 조사 대응, 취업규칙 적법 작성 능력 구축","인사노무 실무자, 총무팀장, 경영지원 관리자",96,4.8,"1모듈. 채용 내정과 시용기간 본채용 거부의 법적 쟁점 // 2모듈. 임금 체불 예방과 포괄임금제 유효성 판단 기준 // 3모듈. 직장 내 괴롭힘/성희롱 발생 시 법정 조사 및 조치 의무 // 4모듈. 저성과자 관리와 징계위원회의 적법 절차 운영 // 5모듈. 근로계약 종료(권고사직, 정년, 해고)와 서면통지 요건"
KPC_04,"총무업무기본 (자산관리, 계약, 비즈니스 매너)",총무·사무행정,https://www.kpc.or.kr/education/CourseDetail?courseId=KPC_GA_04,16,380000,기업 직무 전문과정 (고용보험 환급),한국생산성본부 (KPC),"사옥 및 임대차 관리, 용역 계약 체결, 비품 자산실사, 법인차량 운영 등 총무 직무의 전방위 실무를 다룹니다.",총무 계약서 검토 역량 확보 및 고정자산 관리 대장 구축 능력 완성,"총무부서 실무자, 경영지원팀 사무행정 담당자",95,4.75,1모듈. 총무 직무의 본질과 사내 서비스 마인드셋 // 2모듈. 사옥 시설관리 및 부동산 임대차 계약 실무 // 3모듈. 비품 구매 입찰 프로세스와 공급업체 관리 // 4모듈. 법인차량 및 임직원 복리후생 시설 운영 관리 // 5모듈. 사내 보안 및 재난/안전 관리 규정 수립
KPC_05,하루에 배우는 최신 노무관리 Essence,인사(HR),https://www.kpc.or.kr/education/CourseDetail?courseId=KPC_HR_05,8,250000,기업 직무 단기과정,한국생산성본부 (KPC),바쁜 실무자를 위해 최신 노동법 개정 내용과 핵심 쟁점만을 하루에 집약하여 학습하는 에센스 코스입니다.,최신 고용노동부 지침 이해 및 기업 내 규정 개정 방향 수립,"경영진, 인사총무 관리자, 실무 1~3년 차",94,4.7,1모듈. 2026 최신 노동법 개정 핵심 요약 // 2모듈. 유연근로시간제 최신 가이드라인과 쟁점 // 3모듈. 연차유급휴가 사용촉진제도 적법 운영 // 4모듈. 노동청 근로감독 대비 필수 자가점검 리스트
