지표,1차 수집 (Round 1),2차 통합 (Round 2),변화량
전체 수집 원본 건수,50건,170건 (50+120),+120건 (+240.0%)
전체 고유 마스터 건수,50건,140건,+90건 (+180.0%)
분석 확정 교육과정 수 (INCLUDED),9건,96건,+87건 (+966.7%)
인사(HR) 직무 고유 과정 수,0건 (부족),"66건 (채용 26, 노무 20, 평가 20)",+66건 (사각지대 완전 해소)
총무(GA) 직무 고유 과정 수,9건,"30건 (사무 10, 자산 20)",+21건 (+233.3%)
역량 연결 성공 개수 (7개 중),2개 역량 (28.6%),6개 역량 (85.7%),+4개 역량 (+57.1%p 달성)
핵심 역량 교육 연결률,28.6% (목표 80% 미달),85.7% (목표 80% 초과 달성),작업 목표(80%) 완벽 달성
검증된 추천 후보 직무 수,1개 (총무만 가능),"2개 (인사, 총무 모두 가능)",양대 직무 추천 후보 완비
EDA 진입 최종 판정,CONDITIONAL GO,GO (완전 승인),STEP 5 추천 설계 직행 가능
