instance_key,source_api,course_name_std,institution_name_std,ncs_classification_code,prev_status,prev_reason,reassessed_status,reassessed_reason,mapped_competency_id
ACG20243001028388_5,국민내일배움카드,포스트 차이나 시대-동남아에서 미래를 찾다!,비트캠퍼스(BITcampus),01010201,REVIEW_NEEDED,거시경제/글로벌 동향 등 교양·시사 성격 강좌로 직무 고유 역량과의 연계성 검토 필요,EXCLUDED,거시경제/해외지역학/생활경제 등 교양·시사 교양 성격으로 기업 직무역량 교육으로 부적합,미매핑
ACG20243001035937_7,국민내일배움카드,커리어와 리더십을 모두 책임지는 Auto Work 코칭스킬!,이룸캠퍼스,04030101,REVIEW_NEEDED,"NCS 0403(평생교육/코칭)으로, 인사/조직문화/사내교육 연계 가능성에 대한 세부 검토 필요",INCLUDED,"조직 내 커리어 관리, 코칭 스킬 및 리더십 함양 교육으로 인사(HRD) 및 조직관리 직무에 부합",COMP_HR_02
ACG20243001026443_119,국민내일배움카드,초보자도 할 수 있는 디지털 마케팅: SNS와 블로그 활용 A to Z,윈스펙원격평생교육원,02010301,REVIEW_NEEDED,NCS 020103 마케팅/STP/콘텐츠 과정으로 일반 사무와 구분되는 영업마케팅 전문 영역,EXCLUDED,"SNS/블로그/콘텐츠 마케팅 전문 실무 강좌로, 일반 사무/총무/인사 직무와 구분되는 영업마케팅 영역임",미매핑
ACG20243000974726_338,국민내일배움카드,마케팅 분석과 STP 전략,윈스펙원격평생교육원,02010301,REVIEW_NEEDED,NCS 020103 마케팅/STP/콘텐츠 과정으로 일반 사무와 구분되는 영업마케팅 전문 영역,EXCLUDED,"SNS/블로그/콘텐츠 마케팅 전문 실무 강좌로, 일반 사무/총무/인사 직무와 구분되는 영업마케팅 영역임",미매핑
ABA20243000983062_296,사업주훈련,애자일 프로젝트 실무(입문),에듀퓨어,01010102,REVIEW_NEEDED,"애자일/IT프로젝트 등 인접 프로젝트 관리 역량으로, 총무·인사 부서의 적용 범위 검토 필요",INCLUDED,기존 7대 핵심 역량 중 COMP_MGMT_01(애자일 프로젝트 관리)에 정확히 부합하는 실무 입문 교육임,COMP_MGMT_01
ABA20243000999206_4,사업주훈련,한국경제의미래,알파코,02010101,REVIEW_NEEDED,거시경제/글로벌 동향 등 교양·시사 성격 강좌로 직무 고유 역량과의 연계성 검토 필요,EXCLUDED,거시경제/해외지역학/생활경제 등 교양·시사 교양 성격으로 기업 직무역량 교육으로 부적합,미매핑
ABA20243001012797_203,사업주훈련,AI 시대 일잘러의 필수 역량! 데이터 분석 업무에 적용하기,에듀퓨어,20010107,REVIEW_NEEDED,"NCS 200101(IT/빅데이터) 코드이나, 강의 내용이 일반 직장인의 업무 적용이므로 사무 역량 편입 여부 검토 필요",INCLUDED,일반 직장인의 실무 데이터 취합/분석 및 사무 프로세스 적용 교육으로 일반사무 역량에 부합,COMP_GA_01
ABA20243001014702_4,사업주훈련,좋아요를 터뜨리는 콘텐츠마케팅 데이터 분석,휴넷,02010301,REVIEW_NEEDED,NCS 020103 마케팅/STP/콘텐츠 과정으로 일반 사무와 구분되는 영업마케팅 전문 영역,EXCLUDED,"SNS/블로그/콘텐츠 마케팅 전문 실무 강좌로, 일반 사무/총무/인사 직무와 구분되는 영업마케팅 영역임",미매핑
ABA20243001025042_140,사업주훈련,모르면 놓치기 쉬운 사내 정보 보안 A to Z!,에듀퓨어,20010601,REVIEW_NEEDED,"NCS 200106 정보보안이나, 사내 정보보호 및 총무 시설보안 연계 여부 검토 필요",INCLUDED,"기업 임직원의 사내 정보보호, 보안 규정 준수 및 총무 자산보호 실무와 직결됨",COMP_GA_01
ABA20243001012790_203,사업주훈련,"돈 공부의 첫 걸음, 박정호의 의식주 경제",에듀퓨어,02010101,REVIEW_NEEDED,거시경제/글로벌 동향 등 교양·시사 성격 강좌로 직무 고유 역량과의 연계성 검토 필요,EXCLUDED,거시경제/해외지역학/생활경제 등 교양·시사 교양 성격으로 기업 직무역량 교육으로 부적합,미매핑
ABA20243001049744_1,사업주훈련,일잘러를 위한 IT 프로젝트,휴넷,20010401,REVIEW_NEEDED,"애자일/IT프로젝트 등 인접 프로젝트 관리 역량으로, 총무·인사 부서의 적용 범위 검토 필요",REVIEW_NEEDED,IT 개발 부서와의 협업 프로젝트 관리로 일반 총무/인사 범위와의 연계성 추가 검토 필요,미매핑
ABA20243001001805_4,사업주훈련,EB1YZ9 AI 시대 일잘러의 필수 역량! 데이터 분석 업무에 적용하기,멀티캠퍼스 원격평생교육원,20010107,REVIEW_NEEDED,"NCS 200101(IT/빅데이터) 코드이나, 강의 내용이 일반 직장인의 업무 적용이므로 사무 역량 편입 여부 검토 필요",INCLUDED,일반 직장인의 실무 데이터 취합/분석 및 사무 프로세스 적용 교육으로 일반사무 역량에 부합,COMP_GA_01
NCS_CRS_02030102_1_1,NCS 교육과정,동선관리과목,마이스터고 실험학과3,02030102,REVIEW_NEEDED,전문대/마이스터고 학과목 개설 과정(사회적경제/동선관리)으로 일반 재직자/구직자 직무교육 추천 풀 편입 시 추가 검토 요망,REVIEW_NEEDED,전문대/마이스터고 학과목 개설 정규 학사 교과목(사회적경제/동선관리)으로 일반 재직자/구직자 직무교육 추천 풀 편입 시 신중 검토 요망,미매핑
NCS_CRS_02030102_2_1,NCS 교육과정,목표수립과목,마이스터고 실험학과3,02030102,REVIEW_NEEDED,전문대/마이스터고 학과목 개설 과정(사회적경제/동선관리)으로 일반 재직자/구직자 직무교육 추천 풀 편입 시 추가 검토 요망,REVIEW_NEEDED,전문대/마이스터고 학과목 개설 정규 학사 교과목(사회적경제/동선관리)으로 일반 재직자/구직자 직무교육 추천 풀 편입 시 신중 검토 요망,미매핑
NCS_CRS_02010101_3_1,NCS 교육과정,사회적기업혁신론,전문대 사회적경제복지학과,02010101,REVIEW_NEEDED,전문대/마이스터고 학과목 개설 과정(사회적경제/동선관리)으로 일반 재직자/구직자 직무교육 추천 풀 편입 시 추가 검토 요망,REVIEW_NEEDED,전문대/마이스터고 학과목 개설 정규 학사 교과목(사회적경제/동선관리)으로 일반 재직자/구직자 직무교육 추천 풀 편입 시 신중 검토 요망,미매핑
NCS_CRS_02010101_4_1,NCS 교육과정,사회적경제사례연구,전문대 사회적경제복지학과,02010101,REVIEW_NEEDED,전문대/마이스터고 학과목 개설 과정(사회적경제/동선관리)으로 일반 재직자/구직자 직무교육 추천 풀 편입 시 추가 검토 요망,REVIEW_NEEDED,전문대/마이스터고 학과목 개설 정규 학사 교과목(사회적경제/동선관리)으로 일반 재직자/구직자 직무교육 추천 풀 편입 시 신중 검토 요망,미매핑
NCS_CRS_02010101_5_1,NCS 교육과정,사회적경제경영실무1,전문대 사회적경제복지학과,02010101,REVIEW_NEEDED,전문대/마이스터고 학과목 개설 과정(사회적경제/동선관리)으로 일반 재직자/구직자 직무교육 추천 풀 편입 시 추가 검토 요망,REVIEW_NEEDED,전문대/마이스터고 학과목 개설 정규 학사 교과목(사회적경제/동선관리)으로 일반 재직자/구직자 직무교육 추천 풀 편입 시 신중 검토 요망,미매핑
NCS_CRS_02010101_6_1,NCS 교육과정,사회적경제경영실무2,전문대 사회적경제복지학과,02010101,REVIEW_NEEDED,전문대/마이스터고 학과목 개설 과정(사회적경제/동선관리)으로 일반 재직자/구직자 직무교육 추천 풀 편입 시 추가 검토 요망,REVIEW_NEEDED,전문대/마이스터고 학과목 개설 정규 학사 교과목(사회적경제/동선관리)으로 일반 재직자/구직자 직무교육 추천 풀 편입 시 신중 검토 요망,미매핑
NCS_CRS_02010101_7_1,NCS 교육과정,도시재생 지역공동체,전문대 사회적경제복지학과,02010101,REVIEW_NEEDED,전문대/마이스터고 학과목 개설 과정(사회적경제/동선관리)으로 일반 재직자/구직자 직무교육 추천 풀 편입 시 추가 검토 요망,REVIEW_NEEDED,전문대/마이스터고 학과목 개설 정규 학사 교과목(사회적경제/동선관리)으로 일반 재직자/구직자 직무교육 추천 풀 편입 시 신중 검토 요망,미매핑
NCS_CRS_02010101_8_1,NCS 교육과정,ESG와 지속가능 경영,전문대 사회적경제복지학과,02010101,REVIEW_NEEDED,전문대/마이스터고 학과목 개설 과정(사회적경제/동선관리)으로 일반 재직자/구직자 직무교육 추천 풀 편입 시 추가 검토 요망,REVIEW_NEEDED,전문대/마이스터고 학과목 개설 정규 학사 교과목(사회적경제/동선관리)으로 일반 재직자/구직자 직무교육 추천 풀 편입 시 신중 검토 요망,미매핑
NCS_CRS_02010101_9_1,NCS 교육과정,사회적경제 가치 평가,전문대 사회적경제복지학과,02010101,REVIEW_NEEDED,전문대/마이스터고 학과목 개설 과정(사회적경제/동선관리)으로 일반 재직자/구직자 직무교육 추천 풀 편입 시 추가 검토 요망,REVIEW_NEEDED,전문대/마이스터고 학과목 개설 정규 학사 교과목(사회적경제/동선관리)으로 일반 재직자/구직자 직무교육 추천 풀 편입 시 신중 검토 요망,미매핑
NCS_CRS_02010101_10_1,NCS 교육과정,사회적금융,전문대 사회적경제복지학과,02010101,REVIEW_NEEDED,전문대/마이스터고 학과목 개설 과정(사회적경제/동선관리)으로 일반 재직자/구직자 직무교육 추천 풀 편입 시 추가 검토 요망,REVIEW_NEEDED,전문대/마이스터고 학과목 개설 정규 학사 교과목(사회적경제/동선관리)으로 일반 재직자/구직자 직무교육 추천 풀 편입 시 신중 검토 요망,미매핑
