priority_rank,global_course_key,course_name,institution_name,source_platform,target_competency,learning_objectives,course_description,curriculum,target_audience,course_level,training_hours,course_fee,fee_self_pay,course_url,checked_at,source_method
1,SQL_GSEEK_55196,인사담당자에게 묻는다! 면접 합격의 비밀,경기도평생학습포털(GSEEK),GSEEK,채용관리,,"취준생, 이직자, 면접 초보자들이 가장 어려움을 느끼는 ‘면접’ 단계에서의 
자신감 부족과 전략 부재를 해결해 드립니다.

자기소개부터 가장 많이 물어보는 질문, 면접 태도 등 
9명의 현직 인사담당자의 실질적 스킬과 피드백을 지금 바로 확인해 보세요! [핵심키워드: 현직자피드백, 면접태도전략, 자기소개기술, 기출질문분석, 취업성공스킬, 취업전략실무, 이직준비가이드, 직무역량어필, 면접꿀팁, 구직자신감]",,,중급/실무,시수 미기재 (온라인 상시학습),0원 (전액 무료),0원,https://www.gseek.kr/user/course/online/view?s_sbjct_sn=55196,2026-10-10,기존 SQLite(gseek_courses.db) description 및 keywords 컬럼 추출
2,SQL_HUNET_Y00394865,성과와 신뢰를 만드는 신임리더 온보딩,휴넷,HUNET,채용관리,,,,,중급/실무,시수 미기재 (결측),수강료 미기재 (결측),미기재,https://hbs.hunet.co.kr/Education/Detail?gid=Y00394865,2026-10-10,기존 SQLite 컬럼 부재 / 자동스크래핑 제한으로 수동 확인 대상 분류
3,SQL_KMA_111663,[여의도] 수시 경력입사자 온보딩,한국능률협회,KMA,채용관리,,,,,중급/실무,7시간 (1일),"490,000원 (정상 수강료)","490,000원 (회원사/고용보험 환급 시 변동)",https://www.kma.or.kr/usrs/eduRegMgnt/eduRegInfoDetailForm.do?p_edutype_cd=001&p_crscd=111663&p_crsseq_id=126808&p_ctgry_id=698&p_hmpgcd=30&mkey=37240,2026-10-10,"기존 SQLite(kma_courses.db) fee_regular, hours, days 추출"
4,SQL_KPC_47021,[DX&AI] 채용 분석 실무,한국생산성본부,KPC,채용관리,,,,,중급/실무,7시간 (1일),36만원 (일반 수강료),36만원 (회원사 할인 및 환급 가능),https://www.kpc.or.kr/PTWED003_dtil_view.do?ecno=47021&cono=157542,2026-10-10,"기존 SQLite(kpc_courses.db) fee_general, hours, days 추출"
5,PUB_ACG20243001038036_84,전략적 조직운영을 위한 인사관리 실무,에듀퓨어,고용24_국민내일배움카드,채용관리,,,,,중급/실무,훈련기간 30~31일 (상세 시수는 API 미제공으로 수동 확인 필요),"50,490원 (훈련비 기준)",국민내일배움카드 자부담금 (소득/유형별 0~45% 차등),https://www.work24.go.kr,2026-10-10,고용24 Open API(목록조회) 기보유 메타 활용 / 상세조회 API 권한 제한으로 수동 확인 대상
6,SQL_FASTCAMPUS_249157,맥킨지·제일기획 출신 김재성의 연봉을 올리는 보고서 & 프레젠테이션 공식,패스트캠퍼스,FASTCAMPUS,평가보상,,"같은 직장을 다녀도, 더 높은 연봉을 받는 비밀이 궁금하신가요?
연봉의 격-차를 만드는 보고서 작성의 숨겨진 비밀을 공개합니다.",,,중급/실무,시수 미기재 (온라인 무제한 수강),"187,000원","187,000원",https://fastcampus.co.kr/biz_online_kjs,2026-10-10,기존 SQLite(fastcampus_courses.db) description 및 sale_price 추출
7,SQL_HUNET_Y00354154,[팀장리더십] 탁월한 팀장의 조건 - 성과관리,휴넷,HUNET,평가보상,,,,,중급/실무,시수 미기재 (결측),수강료 미기재 (결측),미기재,https://hbs.hunet.co.kr/Education/Detail?gid=Y00354154,2026-10-10,기존 SQLite 컬럼 부재 / 자동스크래핑 제한으로 수동 확인 대상 분류
8,SQL_KMA_111455,[여의도] 리더의 성과관리 핵심 매뉴얼,한국능률협회,KMA,평가보상,,,,,중급/실무,14시간 (2일),"690,000원 (정상 수강료)","690,000원 (회원사/고용보험 환급 시 변동)",https://www.kma.or.kr/usrs/eduRegMgnt/eduRegInfoDetailForm.do?p_edutype_cd=001&p_crscd=111455&p_crsseq_id=127447&p_ctgry_id=540&p_hmpgcd=30&mkey=36308,2026-10-10,"기존 SQLite(kma_courses.db) fee_regular, hours, days 추출"
9,SQL_KPC_48201,[AI] 관리자를 위한 AI활용 성과관리 역량향상,한국생산성본부,KPC,평가보상,,,,,중급/실무,7시간 (1일),47만원 (일반 수강료),47만원 (회원사 할인 및 환급 가능),https://www.kpc.or.kr/PTWED003_dtil_view.do?ecno=48201&cono=155503,2026-10-10,"기존 SQLite(kpc_courses.db) fee_general, hours, days 추출"
10,SQL_MULTICAMPUS_EA09X3,[리더의 격]조직을 성공으로 이끄는 성과관리 디테일(참고도서제공),멀티캠퍼스,MULTICAMPUS,평가보상,,,,,입문/초급,5시간시간,"100,000원","100,000원",https://m.multicampus.com/course/crsDetail?corsCd=EA09X3,2026-10-10,"기존 SQLite(multicampus_courses.db) fee, hours, difficulty 추출"
11,SQL_GSEEK_3217,[창업공통]필수 근로기준법과 인사서식,경기도평생학습포털(GSEEK),GSEEK,노무관리,,"공인노무사와 함께 모든 사업장에 적용되는 근로기준법을 파악하고 
회사 운영을 위한 인사서식들을 구비할 수 있다. [핵심키워드: 인사노무관리, 근로계약서작성, 인사서식구비, 법규준수실무, 고용관리기술, 창업전략, 경영기술, 노동법상식, 인사행정, 직무전문]",,,중급/실무,시수 미기재 (온라인 상시학습),0원 (전액 무료),0원,https://www.gseek.kr/user/course/online/view?s_sbjct_sn=3217,2026-10-10,기존 SQLite(gseek_courses.db) description 및 keywords 컬럼 추출
12,SQL_HUNET_Y00386285,이게 진짜 기준! 직장인 노동법 팩트 체크,휴넷,HUNET,노무관리,,,,,중급/실무,시수 미기재 (결측),수강료 미기재 (결측),미기재,https://hbs.hunet.co.kr/Education/Detail?gid=Y00386285,2026-10-10,기존 SQLite 컬럼 부재 / 자동스크래핑 제한으로 수동 확인 대상 분류
13,SQL_KMA_111450,[여의도] 안정적인 노사관계를 위한 노동법 및 노사협의회 운영 실무,한국능률협회,KMA,노무관리,,,,,중급/실무,7시간 (1일),"490,000원 (정상 수강료)","490,000원 (회원사/고용보험 환급 시 변동)",https://www.kma.or.kr/usrs/eduRegMgnt/eduRegInfoDetailForm.do?p_edutype_cd=001&p_crscd=111450&p_crsseq_id=125998&p_ctgry_id=661&p_hmpgcd=30&mkey=37148,2026-10-10,"기존 SQLite(kma_courses.db) fee_regular, hours, days 추출"
14,SQL_KPC_46984,[온앤오프] 인사담당자를 위한 노동법 완전정복,한국생산성본부,KPC,노무관리,,,,,중급/실무,18시간 (3일),70만원 (일반 수강료),70만원 (회원사 할인 및 환급 가능),https://www.kpc.or.kr/PTWED003_dtil_view.do?ecno=46984&cono=157559,2026-10-10,"기존 SQLite(kpc_courses.db) fee_general, hours, days 추출"
15,PUB_ABA20243001036557_15,실무사례로 알아보는 근로기준법,중앙법률원격평생교육원,고용24_사업주훈련,노무관리,,,,,중급/실무,훈련기간 30~31일 (상세 시수는 API 미제공으로 수동 확인 필요),0원 (사업주훈련 전액지원/무료),0원 (자부담 없음),https://www.work24.go.kr,2026-10-10,고용24 Open API(목록조회) 기보유 메타 활용 / 상세조회 API 권한 제한으로 수동 확인 대상
16,SQL_FASTCAMPUS_210569,문서의 신이 알려주는 보고서의 법칙 : 비즈니스 글쓰기의 모든 것,패스트캠퍼스,FASTCAMPUS,문서작성,,"직장인 필수, 문서의 신 백승권에게 배우는 보고서작성법! 예스폼 문서서식 및 자료집 제공",,,중급/실무,시수 미기재 (온라인 무제한 수강),"210,000원","210,000원",https://fastcampus.co.kr/biz_online_bsk,2026-10-10,기존 SQLite(fastcampus_courses.db) description 및 sale_price 추출
17,SQL_GSEEK_7414,(왕초보)컴퓨터로 문서작성 도전,경기도평생학습포털(GSEEK),GSEEK,문서작성,,"컴퓨터가 어려운 사용자들의 문서작성 시 문서의 목적과 환경에 맞는 문서작성 프로그램 선택방법을 알아본다.
한글, 엑셀, 파워포인트 등 적절한 문서작성 프로그램을 선택해서 필요한 문서를 만들 수 있다.
또한 엑셀을 통해 연산과 함수를 통해 내가 원하는 값을 찾을 수 있다.
그리고 파워포인트를 이용해서 화면을 생성하고 편집해 프레젠테이션을 할 수 있다.

본 강좌는 <과학기술정보통신부와 한국지능정보사회진흥원>에서 제공하였습니다. [핵심키워드: 문서작성프로그램, 한글엑셀기초, 프레젠테이션제작, 함수기초이해, 슬라이드편집, 워드/한글, 오피스/한글, 컴퓨터활용, 사무능력, 기초OA]",,,입문/초급,시수 미기재 (온라인 상시학습),0원 (전액 무료),0원,https://www.gseek.kr/user/course/online/view?s_sbjct_sn=7414,2026-10-10,기존 SQLite(gseek_courses.db) description 및 keywords 컬럼 추출
18,SQL_HUNET_Y00391506,"AI로 조사하고, AI로 작성하는 하루 만에 끝내는 보고서 작성법",휴넷,HUNET,문서작성,,,,,중급/실무,시수 미기재 (결측),수강료 미기재 (결측),미기재,https://hbs.hunet.co.kr/Education/Detail?gid=Y00391506,2026-10-10,기존 SQLite 컬럼 부재 / 자동스크래핑 제한으로 수동 확인 대상 분류
19,SQL_KMA_111391,[여의도] 설득력 있는 실전 보고서 작성 스킬(with MS Office),한국능률협회,KMA,문서작성,,,,,중급/실무,14시간 (2일),"690,000원 (정상 수강료)","690,000원 (회원사/고용보험 환급 시 변동)",https://www.kma.or.kr/usrs/eduRegMgnt/eduRegInfoDetailForm.do?p_edutype_cd=001&p_crscd=111391&p_crsseq_id=125716&p_ctgry_id=557&p_hmpgcd=30&mkey=36325,2026-10-10,"기존 SQLite(kma_courses.db) fee_regular, hours, days 추출"
20,SQL_KPC_47493,공공기관 보고서 작성 Total Skill Up(Feat. AI & 한글),한국생산성본부,KPC,문서작성,,,,,중급/실무,14시간 (2일),59만원 (일반 수강료),59만원 (회원사 할인 및 환급 가능),https://www.kpc.or.kr/PTWED003_dtil_view.do?ecno=47493&cono=151289,2026-10-10,"기존 SQLite(kpc_courses.db) fee_general, hours, days 추출"
21,PUB_ACG20243001023998_11,총무기획과 총무자산관리,이룸캠퍼스,고용24_국민내일배움카드,자산관리,,,,,중급/실무,훈련기간 30~31일 (상세 시수는 API 미제공으로 수동 확인 필요),"50,490원 (훈련비 기준)",국민내일배움카드 자부담금 (소득/유형별 0~45% 차등),https://www.work24.go.kr,2026-10-10,고용24 Open API(목록조회) 기보유 메타 활용 / 상세조회 API 권한 제한으로 수동 확인 대상
22,PUB_ACG20243001013346_203,총무기획과 총무자산관리,에듀퓨어,고용24_국민내일배움카드,자산관리,,,,,중급/실무,훈련기간 30~31일 (상세 시수는 API 미제공으로 수동 확인 필요),"50,490원 (훈련비 기준)",국민내일배움카드 자부담금 (소득/유형별 0~45% 차등),https://www.work24.go.kr,2026-10-10,고용24 Open API(목록조회) 기보유 메타 활용 / 상세조회 API 권한 제한으로 수동 확인 대상
23,PUB_ACG20243001027168_96,총무기획과 총무자산관리,러닝플러스,고용24_국민내일배움카드,자산관리,,,,,중급/실무,훈련기간 30~31일 (상세 시수는 API 미제공으로 수동 확인 필요),"50,490원 (훈련비 기준)",국민내일배움카드 자부담금 (소득/유형별 0~45% 차등),https://www.work24.go.kr,2026-10-10,고용24 Open API(목록조회) 기보유 메타 활용 / 상세조회 API 권한 제한으로 수동 확인 대상
24,PUB_ABA20243001023639_6,총무기획과 총무자산관리,온캠퍼스원격평생교육원,고용24_사업주훈련,자산관리,,,,,중급/실무,훈련기간 30~31일 (상세 시수는 API 미제공으로 수동 확인 필요),0원 (사업주훈련 전액지원/무료),0원 (자부담 없음),https://www.work24.go.kr,2026-10-10,고용24 Open API(목록조회) 기보유 메타 활용 / 상세조회 API 권한 제한으로 수동 확인 대상
25,PUB_ABA20243001036526_9,급변하는 비즈니스 환경의 총무관리 역할,한국직장인교육센터평생교육원,고용24_사업주훈련,자산관리,,,,,중급/실무,훈련기간 30~31일 (상세 시수는 API 미제공으로 수동 확인 필요),0원 (사업주훈련 전액지원/무료),0원 (자부담 없음),https://www.work24.go.kr,2026-10-10,고용24 Open API(목록조회) 기보유 메타 활용 / 상세조회 API 권한 제한으로 수동 확인 대상
26,PUB_ACG20243000973001_324,알베르토와 함께하는 글로벌 비즈니스 매너,에듀퓨어,고용24_국민내일배움카드,비즈니스 커뮤니케이션,,,,,중급/실무,훈련기간 30~31일 (상세 시수는 API 미제공으로 수동 확인 필요),"47,520원 (훈련비 기준)",국민내일배움카드 자부담금 (소득/유형별 0~45% 차등),https://www.work24.go.kr,2026-10-10,고용24 Open API(목록조회) 기보유 메타 활용 / 상세조회 API 권한 제한으로 수동 확인 대상
27,SQL_GSEEK_51955,[레전드 스킬] 어쩐지 끌리는 사람의 비즈니스 매너,경기도평생학습포털(GSEEK),GSEEK,비즈니스 커뮤니케이션,,"직장인이라면 당연히 갖춰야 할 비즈니스 매너, 

당연하다고 해서 모두 다 알고 있는것은 아닙니다!

여러분의 비즈니스 매너는 몇 점인가요?

인공지능 기술이 하루가 다르게 발전하고 있는 지금, 우리는 꼭 비즈니스 매너를 알아야 할까요?

인공지능 기술을 활용하더라도 그 기술을 사용하는 사람 간의 원활한 소통과 관계형성을 위해서는 비즈니스 매너가 기본입니다. 

비즈니스 매너는 사내 혹은 사외에서 이루어지는 상대방을 배려하는 모든 행위를 말하기 때문입니다.

사소하지만 무엇보다 강력한 업무 스킬!

박강사TV의 박원영 대표님과 함께 직장생활이 술술 풀리는 비즈니스 매너를 갖춰보세요. [핵심키워드: 비즈니스에티켓, 직장인매너, 호감형이미지, 대인관계스킬, 사회생활팁, 공통역량, 역량개발, 소통역량, 성공학, 신입사원교육]",,,중급/실무,시수 미기재 (온라인 상시학습),0원 (전액 무료),0원,https://www.gseek.kr/user/course/online/view?s_sbjct_sn=51955,2026-10-10,기존 SQLite(gseek_courses.db) description 및 keywords 컬럼 추출
28,SQL_KPC_47464,글로벌 비즈니스 매너,한국생산성본부,KPC,비즈니스 커뮤니케이션,,,,,중급/실무,7시간 (1일),36만원 (일반 수강료),36만원 (회원사 할인 및 환급 가능),https://www.kpc.or.kr/PTWED003_dtil_view.do?ecno=47464&cono=151642,2026-10-10,"기존 SQLite(kpc_courses.db) fee_general, hours, days 추출"
29,SQL_HUNET_Y00161578,"실례합니다만, 비즈니스 매너는 지켜주시겠어요?",휴넷,HUNET,비즈니스 커뮤니케이션,,,,,중급/실무,시수 미기재 (결측),수강료 미기재 (결측),미기재,https://hbs.hunet.co.kr/Education/Detail?gid=Y00161578,2026-10-10,기존 SQLite 컬럼 부재 / 자동스크래핑 제한으로 수동 확인 대상 분류
30,SQL_HUNET_Y00004543,직장인을 위한 비즈니스 매너 에센스,휴넷,HUNET,비즈니스 커뮤니케이션,,,,,중급/실무,시수 미기재 (결측),수강료 미기재 (결측),미기재,https://hbs.hunet.co.kr/Education/Detail?gid=Y00004543,2026-10-10,기존 SQLite 컬럼 부재 / 자동스크래핑 제한으로 수동 확인 대상 분류
