global_course_key,course_name,platform,issue_type,issue_description
SQL_HUNET_Y00394865,성과와 신뢰를 만드는 신임리더 온보딩,HUNET,TEXT_DEFICIENT,"교육목표 및 커리큘럼 부재, 과정명만 존재함"
SQL_KMA_111663,[여의도] 수시 경력입사자 온보딩,KMA,TEXT_DEFICIENT,"교육목표 및 커리큘럼 부재, 과정명만 존재함"
SQL_KPC_47021,[DX&AI] 채용 분석 실무,KPC,TEXT_DEFICIENT,"교육목표 및 커리큘럼 부재, 과정명만 존재함"
SQL_HUNET_Y00354154,[팀장리더십] 탁월한 팀장의 조건 - 성과관리,HUNET,TEXT_DEFICIENT,"교육목표 및 커리큘럼 부재, 과정명만 존재함"
SQL_KMA_111455,[여의도] 리더의 성과관리 핵심 매뉴얼,KMA,TEXT_DEFICIENT,"교육목표 및 커리큘럼 부재, 과정명만 존재함"
SQL_KPC_48201,[AI] 관리자를 위한 AI활용 성과관리 역량향상,KPC,TEXT_DEFICIENT,"교육목표 및 커리큘럼 부재, 과정명만 존재함"
SQL_MULTICAMPUS_EA09X3,[리더의 격]조직을 성공으로 이끄는 성과관리 디테일(참고도서제공),MULTICAMPUS,TEXT_DEFICIENT,"교육목표 및 커리큘럼 부재, 과정명만 존재함"
SQL_HUNET_Y00386285,이게 진짜 기준! 직장인 노동법 팩트 체크,HUNET,TEXT_DEFICIENT,"교육목표 및 커리큘럼 부재, 과정명만 존재함"
SQL_KMA_111450,[여의도] 안정적인 노사관계를 위한 노동법 및 노사협의회 운영 실무,KMA,TEXT_DEFICIENT,"교육목표 및 커리큘럼 부재, 과정명만 존재함"
SQL_KPC_46984,[온앤오프] 인사담당자를 위한 노동법 완전정복,KPC,TEXT_DEFICIENT,"교육목표 및 커리큘럼 부재, 과정명만 존재함"
PUB_ABA20243001036557_15,실무사례로 알아보는 근로기준법,고용24_사업주훈련,TEXT_DEFICIENT,"교육목표 및 커리큘럼 부재, 과정명만 존재함"
SQL_HUNET_Y00391506,"AI로 조사하고, AI로 작성하는 하루 만에 끝내는 보고서 작성법",HUNET,TEXT_DEFICIENT,"교육목표 및 커리큘럼 부재, 과정명만 존재함"
SQL_KMA_111391,[여의도] 설득력 있는 실전 보고서 작성 스킬(with MS Office),KMA,TEXT_DEFICIENT,"교육목표 및 커리큘럼 부재, 과정명만 존재함"
SQL_KPC_47493,공공기관 보고서 작성 Total Skill Up(Feat. AI & 한글),KPC,TEXT_DEFICIENT,"교육목표 및 커리큘럼 부재, 과정명만 존재함"
PUB_ACG20243001023998_11,총무기획과 총무자산관리,고용24_국민내일배움카드,TEXT_DEFICIENT,"교육목표 및 커리큘럼 부재, 과정명만 존재함"
PUB_ACG20243001013346_203,총무기획과 총무자산관리,고용24_국민내일배움카드,TEXT_DEFICIENT,"교육목표 및 커리큘럼 부재, 과정명만 존재함"
PUB_ACG20243001027168_96,총무기획과 총무자산관리,고용24_국민내일배움카드,TEXT_DEFICIENT,"교육목표 및 커리큘럼 부재, 과정명만 존재함"
PUB_ABA20243001023639_6,총무기획과 총무자산관리,고용24_사업주훈련,TEXT_DEFICIENT,"교육목표 및 커리큘럼 부재, 과정명만 존재함"
PUB_ABA20243001036526_9,급변하는 비즈니스 환경의 총무관리 역할,고용24_사업주훈련,TEXT_DEFICIENT,"교육목표 및 커리큘럼 부재, 과정명만 존재함"
SQL_KPC_47464,글로벌 비즈니스 매너,KPC,TEXT_DEFICIENT,"교육목표 및 커리큘럼 부재, 과정명만 존재함"
SQL_HUNET_Y00161578,"실례합니다만, 비즈니스 매너는 지켜주시겠어요?",HUNET,TEXT_DEFICIENT,"교육목표 및 커리큘럼 부재, 과정명만 존재함"
SQL_HUNET_Y00004543,직장인을 위한 비즈니스 매너 에센스,HUNET,TEXT_DEFICIENT,"교육목표 및 커리큘럼 부재, 과정명만 존재함"
