priority_rank,global_course_key,course_name,source_platform,enrichment_status,status_reason,checked_at
1,SQL_GSEEK_55196,인사담당자에게 묻는다! 면접 합격의 비밀,GSEEK,PARTIAL,소개글/키워드/비용 확보 완료 (교육목표/정량시수는 원본 부재로 수동 확인 권장),2026-10-10
2,SQL_HUNET_Y00394865,성과와 신뢰를 만드는 신임리더 온보딩,HUNET,MANUAL_REVIEW,SQLite 원본에 설명/비용/시간 컬럼 부재 및 사이트 봇 제한 (Deep URL 수동 확인 필요),2026-10-10
3,SQL_KMA_111663,[여의도] 수시 경력입사자 온보딩,KMA,PARTIAL,교육비/교육시간/일수 100% 정량 확보 (상세 커리큘럼 텍스트는 수동 확인 필요),2026-10-10
4,SQL_KPC_47021,[DX&AI] 채용 분석 실무,KPC,PARTIAL,교육비/교육시간/일수 100% 정량 확보 (상세 커리큘럼 텍스트는 수동 확인 필요),2026-10-10
5,PUB_ACG20243001038036_84,전략적 조직운영을 위한 인사관리 실무,고용24_국민내일배움카드,MANUAL_REVIEW,고용24 상세조회 API(D01) 인증키 권한 제한으로 세부 교과목/목표 수동 확인 필요,2026-10-10
6,SQL_FASTCAMPUS_249157,맥킨지·제일기획 출신 김재성의 연봉을 올리는 보고서 & 프레젠테이션 공식,FASTCAMPUS,PARTIAL,강의소개 요약/가격 확보 완료 (상세 커리큘럼 및 교육목표는 웹페이지 수동 확인 필요),2026-10-10
7,SQL_HUNET_Y00354154,[팀장리더십] 탁월한 팀장의 조건 - 성과관리,HUNET,MANUAL_REVIEW,SQLite 원본에 설명/비용/시간 컬럼 부재 및 사이트 봇 제한 (Deep URL 수동 확인 필요),2026-10-10
8,SQL_KMA_111455,[여의도] 리더의 성과관리 핵심 매뉴얼,KMA,PARTIAL,교육비/교육시간/일수 100% 정량 확보 (상세 커리큘럼 텍스트는 수동 확인 필요),2026-10-10
9,SQL_KPC_48201,[AI] 관리자를 위한 AI활용 성과관리 역량향상,KPC,PARTIAL,교육비/교육시간/일수 100% 정량 확보 (상세 커리큘럼 텍스트는 수동 확인 필요),2026-10-10
10,SQL_MULTICAMPUS_EA09X3,[리더의 격]조직을 성공으로 이끄는 성과관리 디테일(참고도서제공),MULTICAMPUS,PARTIAL,교육비/교육시간/난이도 확보 완료 (상세 목차는 모바일 Deep URL 확인 필요),2026-10-10
11,SQL_GSEEK_3217,[창업공통]필수 근로기준법과 인사서식,GSEEK,PARTIAL,소개글/키워드/비용 확보 완료 (교육목표/정량시수는 원본 부재로 수동 확인 권장),2026-10-10
12,SQL_HUNET_Y00386285,이게 진짜 기준! 직장인 노동법 팩트 체크,HUNET,MANUAL_REVIEW,SQLite 원본에 설명/비용/시간 컬럼 부재 및 사이트 봇 제한 (Deep URL 수동 확인 필요),2026-10-10
13,SQL_KMA_111450,[여의도] 안정적인 노사관계를 위한 노동법 및 노사협의회 운영 실무,KMA,PARTIAL,교육비/교육시간/일수 100% 정량 확보 (상세 커리큘럼 텍스트는 수동 확인 필요),2026-10-10
14,SQL_KPC_46984,[온앤오프] 인사담당자를 위한 노동법 완전정복,KPC,PARTIAL,교육비/교육시간/일수 100% 정량 확보 (상세 커리큘럼 텍스트는 수동 확인 필요),2026-10-10
15,PUB_ABA20243001036557_15,실무사례로 알아보는 근로기준법,고용24_사업주훈련,MANUAL_REVIEW,고용24 상세조회 API(D01) 인증키 권한 제한으로 세부 교과목/목표 수동 확인 필요,2026-10-10
16,SQL_FASTCAMPUS_210569,문서의 신이 알려주는 보고서의 법칙 : 비즈니스 글쓰기의 모든 것,FASTCAMPUS,PARTIAL,강의소개 요약/가격 확보 완료 (상세 커리큘럼 및 교육목표는 웹페이지 수동 확인 필요),2026-10-10
17,SQL_GSEEK_7414,(왕초보)컴퓨터로 문서작성 도전,GSEEK,PARTIAL,소개글/키워드/비용 확보 완료 (교육목표/정량시수는 원본 부재로 수동 확인 권장),2026-10-10
18,SQL_HUNET_Y00391506,"AI로 조사하고, AI로 작성하는 하루 만에 끝내는 보고서 작성법",HUNET,MANUAL_REVIEW,SQLite 원본에 설명/비용/시간 컬럼 부재 및 사이트 봇 제한 (Deep URL 수동 확인 필요),2026-10-10
19,SQL_KMA_111391,[여의도] 설득력 있는 실전 보고서 작성 스킬(with MS Office),KMA,PARTIAL,교육비/교육시간/일수 100% 정량 확보 (상세 커리큘럼 텍스트는 수동 확인 필요),2026-10-10
20,SQL_KPC_47493,공공기관 보고서 작성 Total Skill Up(Feat. AI & 한글),KPC,PARTIAL,교육비/교육시간/일수 100% 정량 확보 (상세 커리큘럼 텍스트는 수동 확인 필요),2026-10-10
21,PUB_ACG20243001023998_11,총무기획과 총무자산관리,고용24_국민내일배움카드,MANUAL_REVIEW,고용24 상세조회 API(D01) 인증키 권한 제한으로 세부 교과목/목표 수동 확인 필요,2026-10-10
22,PUB_ACG20243001013346_203,총무기획과 총무자산관리,고용24_국민내일배움카드,MANUAL_REVIEW,고용24 상세조회 API(D01) 인증키 권한 제한으로 세부 교과목/목표 수동 확인 필요,2026-10-10
23,PUB_ACG20243001027168_96,총무기획과 총무자산관리,고용24_국민내일배움카드,MANUAL_REVIEW,고용24 상세조회 API(D01) 인증키 권한 제한으로 세부 교과목/목표 수동 확인 필요,2026-10-10
24,PUB_ABA20243001023639_6,총무기획과 총무자산관리,고용24_사업주훈련,MANUAL_REVIEW,고용24 상세조회 API(D01) 인증키 권한 제한으로 세부 교과목/목표 수동 확인 필요,2026-10-10
25,PUB_ABA20243001036526_9,급변하는 비즈니스 환경의 총무관리 역할,고용24_사업주훈련,MANUAL_REVIEW,고용24 상세조회 API(D01) 인증키 권한 제한으로 세부 교과목/목표 수동 확인 필요,2026-10-10
26,PUB_ACG20243000973001_324,알베르토와 함께하는 글로벌 비즈니스 매너,고용24_국민내일배움카드,MANUAL_REVIEW,고용24 상세조회 API(D01) 인증키 권한 제한으로 세부 교과목/목표 수동 확인 필요,2026-10-10
27,SQL_GSEEK_51955,[레전드 스킬] 어쩐지 끌리는 사람의 비즈니스 매너,GSEEK,PARTIAL,소개글/키워드/비용 확보 완료 (교육목표/정량시수는 원본 부재로 수동 확인 권장),2026-10-10
28,SQL_KPC_47464,글로벌 비즈니스 매너,KPC,PARTIAL,교육비/교육시간/일수 100% 정량 확보 (상세 커리큘럼 텍스트는 수동 확인 필요),2026-10-10
29,SQL_HUNET_Y00161578,"실례합니다만, 비즈니스 매너는 지켜주시겠어요?",HUNET,MANUAL_REVIEW,SQLite 원본에 설명/비용/시간 컬럼 부재 및 사이트 봇 제한 (Deep URL 수동 확인 필요),2026-10-10
30,SQL_HUNET_Y00004543,직장인을 위한 비즈니스 매너 에센스,HUNET,MANUAL_REVIEW,SQLite 원본에 설명/비용/시간 컬럼 부재 및 사이트 봇 제한 (Deep URL 수동 확인 필요),2026-10-10
