priority_rank,global_course_key,course_name,institution_name,source_platform,course_url,check_items,search_hint
1,SQL_GSEEK_55196,인사담당자에게 묻는다! 면접 합격의 비밀,경기도평생학습포털(GSEEK),GSEEK,https://www.gseek.kr/user/course/online/view?s_sbjct_sn=55196,온라인 강좌 총 차시 수 및 상세 커리큘럼(Syllabus) 확인,상세 URL 직접 접속
2,SQL_HUNET_Y00394865,성과와 신뢰를 만드는 신임리더 온보딩,휴넷,HUNET,https://hbs.hunet.co.kr/Education/Detail?gid=Y00394865,"학습목표 텍스트, 학습목차(커리큘럼), 수강료(정가), 학습시간(차시)",상세 URL 직접 접속
3,SQL_KMA_111663,[여의도] 수시 경력입사자 온보딩,한국능률협회,KMA,https://www.kma.or.kr/usrs/eduRegMgnt/eduRegInfoDetailForm.do?p_edutype_cd=001&p_crscd=111663&p_crsseq_id=126808&p_ctgry_id=698&p_hmpgcd=30&mkey=37240,Deep URL 방문하여 교육목표 및 모듈별 프로그램 구성 텍스트 확인,상세 URL 직접 접속
4,SQL_KPC_47021,[DX&AI] 채용 분석 실무,한국생산성본부,KPC,https://www.kpc.or.kr/PTWED003_dtil_view.do?ecno=47021&cono=157542,Deep URL 방문하여 교육목표 및 모듈별 강의내용 텍스트 확인,상세 URL 직접 접속
5,PUB_ACG20243001038036_84,전략적 조직운영을 위한 인사관리 실무,에듀퓨어,고용24_국민내일배움카드,https://www.work24.go.kr,"훈련목표 텍스트, 주요 교과목 내용, 총 훈련시간(시간 단위)",고용24 검색어: '전략적 조직운영을 위한 인사관리 실무' (에듀퓨어)
6,SQL_FASTCAMPUS_249157,맥킨지·제일기획 출신 김재성의 연봉을 올리는 보고서 & 프레젠테이션 공식,패스트캠퍼스,FASTCAMPUS,https://fastcampus.co.kr/biz_online_kjs,파트별 상세 커리큘럼(Syllabus) 및 학습목표 웹페이지 수동 확인,상세 URL 직접 접속
7,SQL_HUNET_Y00354154,[팀장리더십] 탁월한 팀장의 조건 - 성과관리,휴넷,HUNET,https://hbs.hunet.co.kr/Education/Detail?gid=Y00354154,"학습목표 텍스트, 학습목차(커리큘럼), 수강료(정가), 학습시간(차시)",상세 URL 직접 접속
8,SQL_KMA_111455,[여의도] 리더의 성과관리 핵심 매뉴얼,한국능률협회,KMA,https://www.kma.or.kr/usrs/eduRegMgnt/eduRegInfoDetailForm.do?p_edutype_cd=001&p_crscd=111455&p_crsseq_id=127447&p_ctgry_id=540&p_hmpgcd=30&mkey=36308,Deep URL 방문하여 교육목표 및 모듈별 프로그램 구성 텍스트 확인,상세 URL 직접 접속
9,SQL_KPC_48201,[AI] 관리자를 위한 AI활용 성과관리 역량향상,한국생산성본부,KPC,https://www.kpc.or.kr/PTWED003_dtil_view.do?ecno=48201&cono=155503,Deep URL 방문하여 교육목표 및 모듈별 강의내용 텍스트 확인,상세 URL 직접 접속
10,SQL_MULTICAMPUS_EA09X3,[리더의 격]조직을 성공으로 이끄는 성과관리 디테일(참고도서제공),멀티캠퍼스,MULTICAMPUS,https://m.multicampus.com/course/crsDetail?corsCd=EA09X3,모바일 Deep URL 방문하여 학습목표 및 차시별 목차 확인,상세 URL 직접 접속
11,SQL_GSEEK_3217,[창업공통]필수 근로기준법과 인사서식,경기도평생학습포털(GSEEK),GSEEK,https://www.gseek.kr/user/course/online/view?s_sbjct_sn=3217,온라인 강좌 총 차시 수 및 상세 커리큘럼(Syllabus) 확인,상세 URL 직접 접속
12,SQL_HUNET_Y00386285,이게 진짜 기준! 직장인 노동법 팩트 체크,휴넷,HUNET,https://hbs.hunet.co.kr/Education/Detail?gid=Y00386285,"학습목표 텍스트, 학습목차(커리큘럼), 수강료(정가), 학습시간(차시)",상세 URL 직접 접속
13,SQL_KMA_111450,[여의도] 안정적인 노사관계를 위한 노동법 및 노사협의회 운영 실무,한국능률협회,KMA,https://www.kma.or.kr/usrs/eduRegMgnt/eduRegInfoDetailForm.do?p_edutype_cd=001&p_crscd=111450&p_crsseq_id=125998&p_ctgry_id=661&p_hmpgcd=30&mkey=37148,Deep URL 방문하여 교육목표 및 모듈별 프로그램 구성 텍스트 확인,상세 URL 직접 접속
14,SQL_KPC_46984,[온앤오프] 인사담당자를 위한 노동법 완전정복,한국생산성본부,KPC,https://www.kpc.or.kr/PTWED003_dtil_view.do?ecno=46984&cono=157559,Deep URL 방문하여 교육목표 및 모듈별 강의내용 텍스트 확인,상세 URL 직접 접속
15,PUB_ABA20243001036557_15,실무사례로 알아보는 근로기준법,중앙법률원격평생교육원,고용24_사업주훈련,https://www.work24.go.kr,"훈련목표 텍스트, 주요 교과목 내용, 총 훈련시간(시간 단위)",고용24 검색어: '실무사례로 알아보는 근로기준법' (중앙법률원격평생교육원)
16,SQL_FASTCAMPUS_210569,문서의 신이 알려주는 보고서의 법칙 : 비즈니스 글쓰기의 모든 것,패스트캠퍼스,FASTCAMPUS,https://fastcampus.co.kr/biz_online_bsk,파트별 상세 커리큘럼(Syllabus) 및 학습목표 웹페이지 수동 확인,상세 URL 직접 접속
17,SQL_GSEEK_7414,(왕초보)컴퓨터로 문서작성 도전,경기도평생학습포털(GSEEK),GSEEK,https://www.gseek.kr/user/course/online/view?s_sbjct_sn=7414,온라인 강좌 총 차시 수 및 상세 커리큘럼(Syllabus) 확인,상세 URL 직접 접속
18,SQL_HUNET_Y00391506,"AI로 조사하고, AI로 작성하는 하루 만에 끝내는 보고서 작성법",휴넷,HUNET,https://hbs.hunet.co.kr/Education/Detail?gid=Y00391506,"학습목표 텍스트, 학습목차(커리큘럼), 수강료(정가), 학습시간(차시)",상세 URL 직접 접속
19,SQL_KMA_111391,[여의도] 설득력 있는 실전 보고서 작성 스킬(with MS Office),한국능률협회,KMA,https://www.kma.or.kr/usrs/eduRegMgnt/eduRegInfoDetailForm.do?p_edutype_cd=001&p_crscd=111391&p_crsseq_id=125716&p_ctgry_id=557&p_hmpgcd=30&mkey=36325,Deep URL 방문하여 교육목표 및 모듈별 프로그램 구성 텍스트 확인,상세 URL 직접 접속
20,SQL_KPC_47493,공공기관 보고서 작성 Total Skill Up(Feat. AI & 한글),한국생산성본부,KPC,https://www.kpc.or.kr/PTWED003_dtil_view.do?ecno=47493&cono=151289,Deep URL 방문하여 교육목표 및 모듈별 강의내용 텍스트 확인,상세 URL 직접 접속
21,PUB_ACG20243001023998_11,총무기획과 총무자산관리,이룸캠퍼스,고용24_국민내일배움카드,https://www.work24.go.kr,"훈련목표 텍스트, 주요 교과목 내용, 총 훈련시간(시간 단위)",고용24 검색어: '총무기획과 총무자산관리' (이룸캠퍼스)
22,PUB_ACG20243001013346_203,총무기획과 총무자산관리,에듀퓨어,고용24_국민내일배움카드,https://www.work24.go.kr,"훈련목표 텍스트, 주요 교과목 내용, 총 훈련시간(시간 단위)",고용24 검색어: '총무기획과 총무자산관리' (에듀퓨어)
23,PUB_ACG20243001027168_96,총무기획과 총무자산관리,러닝플러스,고용24_국민내일배움카드,https://www.work24.go.kr,"훈련목표 텍스트, 주요 교과목 내용, 총 훈련시간(시간 단위)",고용24 검색어: '총무기획과 총무자산관리' (러닝플러스)
24,PUB_ABA20243001023639_6,총무기획과 총무자산관리,온캠퍼스원격평생교육원,고용24_사업주훈련,https://www.work24.go.kr,"훈련목표 텍스트, 주요 교과목 내용, 총 훈련시간(시간 단위)",고용24 검색어: '총무기획과 총무자산관리' (온캠퍼스원격평생교육원)
25,PUB_ABA20243001036526_9,급변하는 비즈니스 환경의 총무관리 역할,한국직장인교육센터평생교육원,고용24_사업주훈련,https://www.work24.go.kr,"훈련목표 텍스트, 주요 교과목 내용, 총 훈련시간(시간 단위)",고용24 검색어: '급변하는 비즈니스 환경의 총무관리 역할' (한국직장인교육센터평생교육원)
26,PUB_ACG20243000973001_324,알베르토와 함께하는 글로벌 비즈니스 매너,에듀퓨어,고용24_국민내일배움카드,https://www.work24.go.kr,"훈련목표 텍스트, 주요 교과목 내용, 총 훈련시간(시간 단위)",고용24 검색어: '알베르토와 함께하는 글로벌 비즈니스 매너' (에듀퓨어)
27,SQL_GSEEK_51955,[레전드 스킬] 어쩐지 끌리는 사람의 비즈니스 매너,경기도평생학습포털(GSEEK),GSEEK,https://www.gseek.kr/user/course/online/view?s_sbjct_sn=51955,온라인 강좌 총 차시 수 및 상세 커리큘럼(Syllabus) 확인,상세 URL 직접 접속
28,SQL_KPC_47464,글로벌 비즈니스 매너,한국생산성본부,KPC,https://www.kpc.or.kr/PTWED003_dtil_view.do?ecno=47464&cono=151642,Deep URL 방문하여 교육목표 및 모듈별 강의내용 텍스트 확인,상세 URL 직접 접속
29,SQL_HUNET_Y00161578,"실례합니다만, 비즈니스 매너는 지켜주시겠어요?",휴넷,HUNET,https://hbs.hunet.co.kr/Education/Detail?gid=Y00161578,"학습목표 텍스트, 학습목차(커리큘럼), 수강료(정가), 학습시간(차시)",상세 URL 직접 접속
30,SQL_HUNET_Y00004543,직장인을 위한 비즈니스 매너 에센스,휴넷,HUNET,https://hbs.hunet.co.kr/Education/Detail?gid=Y00004543,"학습목표 텍스트, 학습목차(커리큘럼), 수강료(정가), 학습시간(차시)",상세 URL 직접 접속
