priority_rank,target_competency,course_name,institution_name,source_platform,course_url,current_info_summary,enrichment_method,global_course_key
1,채용관리,인사담당자에게 묻는다! 면접 합격의 비밀,경기도평생학습포털(GSEEK),GSEEK,https://www.gseek.kr/user/course/online/view?s_sbjct_sn=55196,설명보유(113자) | 목표결측 | 수강료(0원/무료) | 시수결측,"SQLite 컬럼(description, keywords) 즉시 활용",SQL_GSEEK_55196
2,채용관리,성과와 신뢰를 만드는 신임리더 온보딩,휴넷,HUNET,https://hbs.hunet.co.kr/Education/Detail?gid=Y00394865,설명결측 | 목표결측 | 수강료결측 | 시수결측,"상세 URL(Deep) 방문하여 학습목표, 목차, 교육비, 시수 보완",SQL_HUNET_Y00394865
3,채용관리,[여의도] 수시 경력입사자 온보딩,한국능률협회,KMA,https://www.kma.or.kr/usrs/eduRegMgnt/eduRegInfoDetailForm.do?p_edutype_cd=001&p_crscd=111663&p_crsseq_id=126808&p_ctgry_id=698&p_hmpgcd=30&mkey=37240,"설명결측 | 목표결측 | 수강료(490,000원) | 시수(7h)",상세 URL(Deep) 방문하여 교육목표 및 모듈별 커리큘럼 보완,SQL_KMA_111663
4,채용관리,[DX&AI] 채용 분석 실무,한국생산성본부,KPC,https://www.kpc.or.kr/PTWED003_dtil_view.do?ecno=47021&cono=157542,"설명결측 | 목표결측 | 수강료(360,000원) | 시수(7h)",상세 URL(Deep) 방문하여 교육목표 및 모듈별 커리큘럼 보완,SQL_KPC_47021
5,채용관리,전략적 조직운영을 위한 인사관리 실무,에듀퓨어,고용24_국민내일배움카드,https://www.work24.go.kr,"설명결측 | 목표결측 | 수강료(50,490원) | 시수결측",고용24 상세 Open API(callOpenApiSvcInfo310D01) 또는 포털 과정조회,PUB_ACG20243001038036_84
6,평가보상,맥킨지·제일기획 출신 김재성의 연봉을 올리는 보고서 & 프레젠테이션 공식,패스트캠퍼스,FASTCAMPUS,https://fastcampus.co.kr/biz_online_kjs,"설명보유(71자) | 목표결측 | 수강료(187,000원) | 시수결측",상세 URL 수동 방문하여 커리큘럼(Syllabus) 보완,SQL_FASTCAMPUS_249157
7,평가보상,[팀장리더십] 탁월한 팀장의 조건 - 성과관리,휴넷,HUNET,https://hbs.hunet.co.kr/Education/Detail?gid=Y00354154,설명결측 | 목표결측 | 수강료결측 | 시수결측,"상세 URL(Deep) 방문하여 학습목표, 목차, 교육비, 시수 보완",SQL_HUNET_Y00354154
8,평가보상,[여의도] 리더의 성과관리 핵심 매뉴얼,한국능률협회,KMA,https://www.kma.or.kr/usrs/eduRegMgnt/eduRegInfoDetailForm.do?p_edutype_cd=001&p_crscd=111455&p_crsseq_id=127447&p_ctgry_id=540&p_hmpgcd=30&mkey=36308,"설명결측 | 목표결측 | 수강료(690,000원) | 시수(14h)",상세 URL(Deep) 방문하여 교육목표 및 모듈별 커리큘럼 보완,SQL_KMA_111455
9,평가보상,[AI] 관리자를 위한 AI활용 성과관리 역량향상,한국생산성본부,KPC,https://www.kpc.or.kr/PTWED003_dtil_view.do?ecno=48201&cono=155503,"설명결측 | 목표결측 | 수강료(470,000원) | 시수(7h)",상세 URL(Deep) 방문하여 교육목표 및 모듈별 커리큘럼 보완,SQL_KPC_48201
10,평가보상,[리더의 격]조직을 성공으로 이끄는 성과관리 디테일(참고도서제공),멀티캠퍼스,MULTICAMPUS,https://m.multicampus.com/course/crsDetail?corsCd=EA09X3,"설명결측 | 목표결측 | 수강료(100,000원) | 시수(5h)",상세 URL(Deep) 방문하여 학습목표 및 커리큘럼 보완,SQL_MULTICAMPUS_EA09X3
11,노무관리,[창업공통]필수 근로기준법과 인사서식,경기도평생학습포털(GSEEK),GSEEK,https://www.gseek.kr/user/course/online/view?s_sbjct_sn=3217,설명보유(61자) | 목표결측 | 수강료(0원/무료) | 시수결측,"SQLite 컬럼(description, keywords) 즉시 활용",SQL_GSEEK_3217
12,노무관리,이게 진짜 기준! 직장인 노동법 팩트 체크,휴넷,HUNET,https://hbs.hunet.co.kr/Education/Detail?gid=Y00386285,설명결측 | 목표결측 | 수강료결측 | 시수결측,"상세 URL(Deep) 방문하여 학습목표, 목차, 교육비, 시수 보완",SQL_HUNET_Y00386285
13,노무관리,[여의도] 안정적인 노사관계를 위한 노동법 및 노사협의회 운영 실무,한국능률협회,KMA,https://www.kma.or.kr/usrs/eduRegMgnt/eduRegInfoDetailForm.do?p_edutype_cd=001&p_crscd=111450&p_crsseq_id=125998&p_ctgry_id=661&p_hmpgcd=30&mkey=37148,"설명결측 | 목표결측 | 수강료(490,000원) | 시수(7h)",상세 URL(Deep) 방문하여 교육목표 및 모듈별 커리큘럼 보완,SQL_KMA_111450
14,노무관리,[온앤오프] 인사담당자를 위한 노동법 완전정복,한국생산성본부,KPC,https://www.kpc.or.kr/PTWED003_dtil_view.do?ecno=46984&cono=157559,"설명결측 | 목표결측 | 수강료(700,000원) | 시수(18h)",상세 URL(Deep) 방문하여 교육목표 및 모듈별 커리큘럼 보완,SQL_KPC_46984
15,노무관리,실무사례로 알아보는 근로기준법,중앙법률원격평생교육원,고용24_사업주훈련,https://www.work24.go.kr,설명결측 | 목표결측 | 수강료(0원/무료) | 시수결측,고용24 상세 Open API(callOpenApiSvcInfo310D01) 또는 포털 과정조회,PUB_ABA20243001036557_15
16,문서작성,문서의 신이 알려주는 보고서의 법칙 : 비즈니스 글쓰기의 모든 것,패스트캠퍼스,FASTCAMPUS,https://fastcampus.co.kr/biz_online_bsk,"설명보유(49자) | 목표결측 | 수강료(210,000원) | 시수결측",상세 URL 수동 방문하여 커리큘럼(Syllabus) 보완,SQL_FASTCAMPUS_210569
17,문서작성,(왕초보)컴퓨터로 문서작성 도전,경기도평생학습포털(GSEEK),GSEEK,https://www.gseek.kr/user/course/online/view?s_sbjct_sn=7414,설명보유(118자) | 목표결측 | 수강료(0원/무료) | 시수결측,"SQLite 컬럼(description, keywords) 즉시 활용",SQL_GSEEK_7414
18,문서작성,"AI로 조사하고, AI로 작성하는 하루 만에 끝내는 보고서 작성법",휴넷,HUNET,https://hbs.hunet.co.kr/Education/Detail?gid=Y00391506,설명결측 | 목표결측 | 수강료결측 | 시수결측,"상세 URL(Deep) 방문하여 학습목표, 목차, 교육비, 시수 보완",SQL_HUNET_Y00391506
19,문서작성,[여의도] 설득력 있는 실전 보고서 작성 스킬(with MS Office),한국능률협회,KMA,https://www.kma.or.kr/usrs/eduRegMgnt/eduRegInfoDetailForm.do?p_edutype_cd=001&p_crscd=111391&p_crsseq_id=125716&p_ctgry_id=557&p_hmpgcd=30&mkey=36325,"설명결측 | 목표결측 | 수강료(690,000원) | 시수(14h)",상세 URL(Deep) 방문하여 교육목표 및 모듈별 커리큘럼 보완,SQL_KMA_111391
20,문서작성,공공기관 보고서 작성 Total Skill Up(Feat. AI & 한글),한국생산성본부,KPC,https://www.kpc.or.kr/PTWED003_dtil_view.do?ecno=47493&cono=151289,"설명결측 | 목표결측 | 수강료(590,000원) | 시수(14h)",상세 URL(Deep) 방문하여 교육목표 및 모듈별 커리큘럼 보완,SQL_KPC_47493
21,자산관리,총무기획과 총무자산관리,이룸캠퍼스,고용24_국민내일배움카드,https://www.work24.go.kr,"설명결측 | 목표결측 | 수강료(50,490원) | 시수결측",고용24 상세 Open API(callOpenApiSvcInfo310D01) 또는 포털 과정조회,PUB_ACG20243001023998_11
22,자산관리,총무기획과 총무자산관리,에듀퓨어,고용24_국민내일배움카드,https://www.work24.go.kr,"설명결측 | 목표결측 | 수강료(50,490원) | 시수결측",고용24 상세 Open API(callOpenApiSvcInfo310D01) 또는 포털 과정조회,PUB_ACG20243001013346_203
23,자산관리,총무기획과 총무자산관리,러닝플러스,고용24_국민내일배움카드,https://www.work24.go.kr,"설명결측 | 목표결측 | 수강료(50,490원) | 시수결측",고용24 상세 Open API(callOpenApiSvcInfo310D01) 또는 포털 과정조회,PUB_ACG20243001027168_96
24,자산관리,총무기획과 총무자산관리,온캠퍼스원격평생교육원,고용24_사업주훈련,https://www.work24.go.kr,설명결측 | 목표결측 | 수강료(0원/무료) | 시수결측,고용24 상세 Open API(callOpenApiSvcInfo310D01) 또는 포털 과정조회,PUB_ABA20243001023639_6
25,자산관리,급변하는 비즈니스 환경의 총무관리 역할,한국직장인교육센터평생교육원,고용24_사업주훈련,https://www.work24.go.kr,설명결측 | 목표결측 | 수강료(0원/무료) | 시수결측,고용24 상세 Open API(callOpenApiSvcInfo310D01) 또는 포털 과정조회,PUB_ABA20243001036526_9
26,비즈니스 커뮤니케이션,알베르토와 함께하는 글로벌 비즈니스 매너,에듀퓨어,고용24_국민내일배움카드,https://www.work24.go.kr,"설명결측 | 목표결측 | 수강료(47,520원) | 시수결측",고용24 상세 Open API(callOpenApiSvcInfo310D01) 또는 포털 과정조회,PUB_ACG20243000973001_324
27,비즈니스 커뮤니케이션,[레전드 스킬] 어쩐지 끌리는 사람의 비즈니스 매너,경기도평생학습포털(GSEEK),GSEEK,https://www.gseek.kr/user/course/online/view?s_sbjct_sn=51955,설명보유(110자) | 목표결측 | 수강료(0원/무료) | 시수결측,"SQLite 컬럼(description, keywords) 즉시 활용",SQL_GSEEK_51955
28,비즈니스 커뮤니케이션,글로벌 비즈니스 매너,한국생산성본부,KPC,https://www.kpc.or.kr/PTWED003_dtil_view.do?ecno=47464&cono=151642,"설명결측 | 목표결측 | 수강료(360,000원) | 시수(7h)",상세 URL(Deep) 방문하여 교육목표 및 모듈별 커리큘럼 보완,SQL_KPC_47464
29,비즈니스 커뮤니케이션,"실례합니다만, 비즈니스 매너는 지켜주시겠어요?",휴넷,HUNET,https://hbs.hunet.co.kr/Education/Detail?gid=Y00161578,설명결측 | 목표결측 | 수강료결측 | 시수결측,"상세 URL(Deep) 방문하여 학습목표, 목차, 교육비, 시수 보완",SQL_HUNET_Y00161578
30,비즈니스 커뮤니케이션,직장인을 위한 비즈니스 매너 에센스,휴넷,HUNET,https://hbs.hunet.co.kr/Education/Detail?gid=Y00004543,설명결측 | 목표결측 | 수강료결측 | 시수결측,"상세 URL(Deep) 방문하여 학습목표, 목차, 교육비, 시수 보완",SQL_HUNET_Y00004543
