컬럼명,결측건수,결측률(%)
source_platform,0,0.0
source_type,0,0.0
source_course_id,0,0.0
source_instance_id,0,0.0
global_course_key,0,0.0
course_name,0,0.0
institution_name,0,0.0
job_group,0,0.0
job_category,0,0.0
ncs_code,199,67.46
course_description,273,92.54
learning_objectives,295,100.0
training_hours,183,62.03
duration_days,93,31.53
course_level,0,0.0
course_fee,65,22.03
course_url,0,0.0
collected_at,0,0.0
classification_status,0,0.0
mapping_status,0,0.0
mapping_evidence,0,0.0
course_duration_group,0,0.0
fee_group,0,0.0
has_ncs_code,0,0.0
has_course_description,0,0.0
has_learning_objectives,0,0.0
has_verified_mapping,0,0.0
